context_idx,tok=0,tok=1,tok=2
0,0.3526668,0.32179937,0.32553384
1,0.31852517,0.35634425,0.32513055
2,0.3178049,0.3197119,0.36248314
