context_idx,tok=0,tok=1
0,0.66794413,0.33205587
1,0.3259358,0.6740642
