context_idx,tok=0,tok=1
0,0.66232514,0.33767492
1,0.3388193,0.6611807
