context_idx,tok=0,tok=1
0,0.5033481,0.4966519
