context_idx,tok=0,tok=1
0,0.7586323,0.24136771
1,0.5482872,0.4517128
2,0.43358558,0.5664144
3,0.56195164,0.43804836
4,0.4172213,0.5827787
5,0.5916967,0.40830332
6,0.47786832,0.5221317
7,0.22030263,0.77969736
