context_idx,tok=0,tok=1
0,0.49934676,0.5006532
