context_idx,tok=0,tok=1
0,0.58097064,0.41902933
1,0.4155319,0.58446807
