context_idx,tok=0,tok=1
0,0.66501915,0.33498088
1,0.3558026,0.6441974
