context_idx,tok=0,tok=1,tok=2
0,0.3241098,0.3379043,0.33798593
