context_idx,tok=0,tok=1
0,0.4952964,0.5047036
