Dataset_Setting,Model_Setting,Data_Name,Num_Symbols,N_Order,Model_Type,Attention_Only,PE_Type,Use_Residual,Layers,Heads,Embed_Dim,LR,Final_Sample_CE,Final_Theory_CE,Final_Sample_KL,Final_Theory_KL
HMM_V2_O2,L2_H1_D16_performer_AttnOnlyTrue_PE-absolute_ResTrue_LR0.0001,HMM,2,2,performer,True,absolute,True,2,1,16,0.0001,0.736289,0.727768,0.736289,0.039315
HMM_V2_O2,L2_H2_D16_performer_AttnOnlyTrue_PE-absolute_ResTrue_LR0.0001,HMM,2,2,performer,True,absolute,True,2,2,16,0.0001,0.630351,0.628959,0.630351,0.034243
HMM_V2_O2,L2_H1_D16_performer_AttnOnlyTrue_PE-absolute_ResFalse_LR0.0001,HMM,2,2,performer,True,absolute,False,2,1,16,0.0001,0.974035,0.954033,0.974035,0.415437
HMM_V2_O2,L2_H2_D16_performer_AttnOnlyTrue_PE-absolute_ResFalse_LR0.0001,HMM,2,2,performer,True,absolute,False,2,2,16,0.0001,0.556162,0.554872,0.556162,0.213879
HMM_V2_O2,L2_H1_D16_performer_AttnOnlyTrue_PE-rope_ResTrue_LR0.0001,HMM,2,2,performer,True,rope,True,2,1,16,0.0001,0.776997,0.776453,0.776997,0.322394
HMM_V2_O2,L2_H2_D16_performer_AttnOnlyTrue_PE-rope_ResTrue_LR0.0001,HMM,2,2,performer,True,rope,True,2,2,16,0.0001,0.825645,0.826311,0.825645,0.222726
HMM_V2_O2,L2_H1_D16_performer_AttnOnlyTrue_PE-rope_ResFalse_LR0.0001,HMM,2,2,performer,True,rope,False,2,1,16,0.0001,1.089382,1.072727,1.089382,0.433058
HMM_V2_O2,L2_H2_D16_performer_AttnOnlyTrue_PE-rope_ResFalse_LR0.0001,HMM,2,2,performer,True,rope,False,2,2,16,0.0001,0.718299,0.717339,0.718299,0.079274
HMM_V2_O2,L2_H1_D16_performer_AttnOnlyFalse_PE-absolute_ResTrue_LR0.0001,HMM,2,2,performer,False,absolute,True,2,1,16,0.0001,0.629447,0.625414,0.629447,0.009538
HMM_V2_O2,L2_H2_D16_performer_AttnOnlyFalse_PE-absolute_ResTrue_LR0.0001,HMM,2,2,performer,False,absolute,True,2,2,16,0.0001,0.921266,0.923506,0.921266,0.270328
HMM_V2_O2,L2_H1_D16_performer_AttnOnlyFalse_PE-absolute_ResFalse_LR0.0001,HMM,2,2,performer,False,absolute,False,2,1,16,0.0001,0.803280,0.799597,0.803280,0.217290
HMM_V2_O2,L2_H2_D16_performer_AttnOnlyFalse_PE-absolute_ResFalse_LR0.0001,HMM,2,2,performer,False,absolute,False,2,2,16,0.0001,0.481392,0.477847,0.481392,0.014379
HMM_V2_O2,L2_H1_D16_performer_AttnOnlyFalse_PE-rope_ResTrue_LR0.0001,HMM,2,2,performer,False,rope,True,2,1,16,0.0001,0.671854,0.670464,0.671854,0.017337
HMM_V2_O2,L2_H2_D16_performer_AttnOnlyFalse_PE-rope_ResTrue_LR0.0001,HMM,2,2,performer,False,rope,True,2,2,16,0.0001,0.727725,0.728498,0.727725,0.107849
HMM_V2_O2,L2_H1_D16_performer_AttnOnlyFalse_PE-rope_ResFalse_LR0.0001,HMM,2,2,performer,False,rope,False,2,1,16,0.0001,0.661804,0.662558,0.661804,0.020749
HMM_V2_O2,L2_H2_D16_performer_AttnOnlyFalse_PE-rope_ResFalse_LR0.0001,HMM,2,2,performer,False,rope,False,2,2,16,0.0001,0.680240,0.673756,0.680240,0.069332
HMM_V2_O2,L2_H1_D16_standard_AttnOnlyTrue_PE-absolute_ResTrue_LR0.0001,HMM,2,2,standard,True,absolute,True,2,1,16,0.0001,0.815808,0.818425,0.815808,0.128021
HMM_V2_O2,L2_H2_D16_standard_AttnOnlyTrue_PE-absolute_ResTrue_LR0.0001,HMM,2,2,standard,True,absolute,True,2,2,16,0.0001,0.710244,0.714419,0.710244,0.048655
HMM_V2_O2,L2_H1_D16_standard_AttnOnlyTrue_PE-absolute_ResFalse_LR0.0001,HMM,2,2,standard,True,absolute,False,2,1,16,0.0001,1.152965,1.160831,1.152965,0.649317
HMM_V2_O2,L2_H2_D16_standard_AttnOnlyTrue_PE-absolute_ResFalse_LR0.0001,HMM,2,2,standard,True,absolute,False,2,2,16,0.0001,0.622917,0.618740,0.622917,0.025149
HMM_V2_O2,L2_H1_D16_standard_AttnOnlyTrue_PE-rpe_ResTrue_LR0.0001,HMM,2,2,standard,True,rpe,True,2,1,16,0.0001,0.792567,0.783628,0.792567,0.153646
HMM_V2_O2,L2_H2_D16_standard_AttnOnlyTrue_PE-rpe_ResTrue_LR0.0001,HMM,2,2,standard,True,rpe,True,2,2,16,0.0001,0.862729,0.862307,0.862729,0.172413
HMM_V2_O2,L2_H1_D16_standard_AttnOnlyTrue_PE-rpe_ResFalse_LR0.0001,HMM,2,2,standard,True,rpe,False,2,1,16,0.0001,0.736783,0.740034,0.736783,0.072680
HMM_V2_O2,L2_H2_D16_standard_AttnOnlyTrue_PE-rpe_ResFalse_LR0.0001,HMM,2,2,standard,True,rpe,False,2,2,16,0.0001,0.649761,0.648231,0.649761,0.079863
HMM_V2_O2,L2_H1_D16_standard_AttnOnlyTrue_PE-rope_ResTrue_LR0.0001,HMM,2,2,standard,True,rope,True,2,1,16,0.0001,0.537934,0.538986,0.537934,0.023383
HMM_V2_O2,L2_H2_D16_standard_AttnOnlyTrue_PE-rope_ResTrue_LR0.0001,HMM,2,2,standard,True,rope,True,2,2,16,0.0001,0.740789,0.733633,0.740789,0.042909
HMM_V2_O2,L2_H1_D16_standard_AttnOnlyTrue_PE-rope_ResFalse_LR0.0001,HMM,2,2,standard,True,rope,False,2,1,16,0.0001,0.637184,0.624495,0.637184,0.004068
HMM_V2_O2,L2_H2_D16_standard_AttnOnlyTrue_PE-rope_ResFalse_LR0.0001,HMM,2,2,standard,True,rope,False,2,2,16,0.0001,0.747724,0.753428,0.747724,0.068934
HMM_V2_O2,L2_H1_D16_standard_AttnOnlyFalse_PE-absolute_ResTrue_LR0.0001,HMM,2,2,standard,False,absolute,True,2,1,16,0.0001,0.676148,0.657367,0.676148,0.042140
HMM_V2_O2,L2_H2_D16_standard_AttnOnlyFalse_PE-absolute_ResTrue_LR0.0001,HMM,2,2,standard,False,absolute,True,2,2,16,0.0001,0.752028,0.754601,0.752028,0.238857
HMM_V2_O2,L2_H1_D16_standard_AttnOnlyFalse_PE-absolute_ResFalse_LR0.0001,HMM,2,2,standard,False,absolute,False,2,1,16,0.0001,1.389801,1.389273,1.389801,1.068960
HMM_V2_O2,L2_H2_D16_standard_AttnOnlyFalse_PE-absolute_ResFalse_LR0.0001,HMM,2,2,standard,False,absolute,False,2,2,16,0.0001,0.766761,0.759271,0.766761,0.086036
HMM_V2_O2,L2_H1_D16_standard_AttnOnlyFalse_PE-rpe_ResTrue_LR0.0001,HMM,2,2,standard,False,rpe,True,2,1,16,0.0001,0.709098,0.710105,0.709098,0.054352
HMM_V2_O2,L2_H2_D16_standard_AttnOnlyFalse_PE-rpe_ResTrue_LR0.0001,HMM,2,2,standard,False,rpe,True,2,2,16,0.0001,0.696452,0.696374,0.696452,0.131517
HMM_V2_O2,L2_H1_D16_standard_AttnOnlyFalse_PE-rpe_ResFalse_LR0.0001,HMM,2,2,standard,False,rpe,False,2,1,16,0.0001,0.822781,0.824767,0.822781,0.240510
HMM_V2_O2,L2_H2_D16_standard_AttnOnlyFalse_PE-rpe_ResFalse_LR0.0001,HMM,2,2,standard,False,rpe,False,2,2,16,0.0001,1.124982,1.125986,1.124982,0.678890
HMM_V2_O2,L2_H1_D16_standard_AttnOnlyFalse_PE-rope_ResTrue_LR0.0001,HMM,2,2,standard,False,rope,True,2,1,16,0.0001,0.774497,0.754883,0.774497,0.079981
HMM_V2_O2,L2_H2_D16_standard_AttnOnlyFalse_PE-rope_ResTrue_LR0.0001,HMM,2,2,standard,False,rope,True,2,2,16,0.0001,0.680275,0.681784,0.680275,0.046780
HMM_V2_O2,L2_H1_D16_standard_AttnOnlyFalse_PE-rope_ResFalse_LR0.0001,HMM,2,2,standard,False,rope,False,2,1,16,0.0001,1.003837,1.009759,1.003837,0.435877
HMM_V2_O2,L2_H2_D16_standard_AttnOnlyFalse_PE-rope_ResFalse_LR0.0001,HMM,2,2,standard,False,rope,False,2,2,16,0.0001,0.819429,0.818995,0.819429,0.138279
HMM_V2_O2,L2_H1_D16_linear_AttnOnlyTrue_PE-absolute_ResTrue_LR0.0001,HMM,2,2,linear,True,absolute,True,2,1,16,0.0001,0.381743,0.372130,0.381743,0.009675
HMM_V2_O2,L2_H2_D16_linear_AttnOnlyTrue_PE-absolute_ResTrue_LR0.0001,HMM,2,2,linear,True,absolute,True,2,2,16,0.0001,0.765256,0.767355,0.765256,0.112152
HMM_V2_O2,L2_H1_D16_linear_AttnOnlyTrue_PE-absolute_ResFalse_LR0.0001,HMM,2,2,linear,True,absolute,False,2,1,16,0.0001,0.546916,0.544495,0.546916,0.278949
HMM_V2_O2,L2_H2_D16_linear_AttnOnlyTrue_PE-absolute_ResFalse_LR0.0001,HMM,2,2,linear,True,absolute,False,2,2,16,0.0001,0.426586,0.429627,0.426586,0.168370
HMM_V2_O2,L2_H1_D16_linear_AttnOnlyTrue_PE-rope_ResTrue_LR0.0001,HMM,2,2,linear,True,rope,True,2,1,16,0.0001,0.719147,0.719013,0.719146,0.139652
HMM_V2_O2,L2_H2_D16_linear_AttnOnlyTrue_PE-rope_ResTrue_LR0.0001,HMM,2,2,linear,True,rope,True,2,2,16,0.0001,1.261494,1.255377,1.261494,1.141536
HMM_V2_O2,L2_H1_D16_linear_AttnOnlyTrue_PE-rope_ResFalse_LR0.0001,HMM,2,2,linear,True,rope,False,2,1,16,0.0001,0.659099,0.659238,0.659099,0.135824
HMM_V2_O2,L2_H2_D16_linear_AttnOnlyTrue_PE-rope_ResFalse_LR0.0001,HMM,2,2,linear,True,rope,False,2,2,16,0.0001,0.434353,0.432428,0.434353,0.090810
HMM_V2_O2,L2_H1_D16_linear_AttnOnlyFalse_PE-absolute_ResTrue_LR0.0001,HMM,2,2,linear,False,absolute,True,2,1,16,0.0001,0.808258,0.809331,0.808258,0.241292
HMM_V2_O2,L2_H2_D16_linear_AttnOnlyFalse_PE-absolute_ResTrue_LR0.0001,HMM,2,2,linear,False,absolute,True,2,2,16,0.0001,0.981319,0.988603,0.981319,0.398992
HMM_V2_O2,L2_H1_D16_linear_AttnOnlyFalse_PE-absolute_ResFalse_LR0.0001,HMM,2,2,linear,False,absolute,False,2,1,16,0.0001,1.408941,1.403128,1.408941,1.163687
HMM_V2_O2,L2_H2_D16_linear_AttnOnlyFalse_PE-absolute_ResFalse_LR0.0001,HMM,2,2,linear,False,absolute,False,2,2,16,0.0001,0.885325,0.883800,0.885325,0.369699
HMM_V2_O2,L2_H1_D16_linear_AttnOnlyFalse_PE-rope_ResTrue_LR0.0001,HMM,2,2,linear,False,rope,True,2,1,16,0.0001,0.673450,0.672092,0.673450,0.024729
HMM_V2_O2,L2_H2_D16_linear_AttnOnlyFalse_PE-rope_ResTrue_LR0.0001,HMM,2,2,linear,False,rope,True,2,2,16,0.0001,0.472103,0.469912,0.472103,0.031892
HMM_V2_O2,L2_H1_D16_linear_AttnOnlyFalse_PE-rope_ResFalse_LR0.0001,HMM,2,2,linear,False,rope,False,2,1,16,0.0001,0.550527,0.554690,0.550527,0.024436
HMM_V2_O2,L2_H2_D16_linear_AttnOnlyFalse_PE-rope_ResFalse_LR0.0001,HMM,2,2,linear,False,rope,False,2,2,16,0.0001,0.686225,0.685326,0.686225,0.015039
HMM_V2_O2,L1_H1_D16_performer_AttnOnlyTrue_PE-absolute_ResTrue_LR0.0001,HMM,2,2,performer,True,absolute,True,1,1,16,0.0001,0.660093,0.659203,0.660093,0.044934
HMM_V2_O2,L1_H2_D16_performer_AttnOnlyTrue_PE-absolute_ResTrue_LR0.0001,HMM,2,2,performer,True,absolute,True,1,2,16,0.0001,0.534032,0.531901,0.534032,0.271987
HMM_V2_O2,L1_H1_D16_performer_AttnOnlyTrue_PE-absolute_ResFalse_LR0.0001,HMM,2,2,performer,True,absolute,False,1,1,16,0.0001,1.152546,1.162993,1.152546,0.474855
HMM_V2_O2,L1_H2_D16_performer_AttnOnlyTrue_PE-absolute_ResFalse_LR0.0001,HMM,2,2,performer,True,absolute,False,1,2,16,0.0001,0.877483,0.876996,0.877483,0.228822
HMM_V2_O2,L1_H1_D16_performer_AttnOnlyTrue_PE-rope_ResTrue_LR0.0001,HMM,2,2,performer,True,rope,True,1,1,16,0.0001,0.809965,0.824690,0.809965,0.145322
HMM_V2_O2,L1_H2_D16_performer_AttnOnlyTrue_PE-rope_ResTrue_LR0.0001,HMM,2,2,performer,True,rope,True,1,2,16,0.0001,0.948012,0.949163,0.948012,0.577148
HMM_V2_O2,L1_H1_D16_performer_AttnOnlyTrue_PE-rope_ResFalse_LR0.0001,HMM,2,2,performer,True,rope,False,1,1,16,0.0001,0.776473,0.777759,0.776473,0.116564
HMM_V2_O2,L1_H2_D16_performer_AttnOnlyTrue_PE-rope_ResFalse_LR0.0001,HMM,2,2,performer,True,rope,False,1,2,16,0.0001,0.481035,0.495136,0.481035,0.012212
HMM_V2_O2,L1_H1_D16_performer_AttnOnlyFalse_PE-absolute_ResTrue_LR0.0001,HMM,2,2,performer,False,absolute,True,1,1,16,0.0001,0.883145,0.913370,0.883145,0.222534
HMM_V2_O2,L1_H2_D16_performer_AttnOnlyFalse_PE-absolute_ResTrue_LR0.0001,HMM,2,2,performer,False,absolute,True,1,2,16,0.0001,0.543295,0.544970,0.543295,0.073091
HMM_V2_O2,L1_H1_D16_performer_AttnOnlyFalse_PE-absolute_ResFalse_LR0.0001,HMM,2,2,performer,False,absolute,False,1,1,16,0.0001,0.696149,0.696336,0.696149,0.072085
HMM_V2_O2,L1_H2_D16_performer_AttnOnlyFalse_PE-absolute_ResFalse_LR0.0001,HMM,2,2,performer,False,absolute,False,1,2,16,0.0001,0.692798,0.692807,0.692798,0.015018
HMM_V2_O2,L1_H1_D16_performer_AttnOnlyFalse_PE-rope_ResTrue_LR0.0001,HMM,2,2,performer,False,rope,True,1,1,16,0.0001,0.399167,0.397234,0.399167,0.241984
HMM_V2_O2,L1_H2_D16_performer_AttnOnlyFalse_PE-rope_ResTrue_LR0.0001,HMM,2,2,performer,False,rope,True,1,2,16,0.0001,0.854774,0.856053,0.854774,0.225286
HMM_V2_O2,L1_H1_D16_performer_AttnOnlyFalse_PE-rope_ResFalse_LR0.0001,HMM,2,2,performer,False,rope,False,1,1,16,0.0001,0.786978,0.788003,0.786978,0.131545
HMM_V2_O2,L1_H2_D16_performer_AttnOnlyFalse_PE-rope_ResFalse_LR0.0001,HMM,2,2,performer,False,rope,False,1,2,16,0.0001,0.457893,0.479303,0.457893,0.015468
HMM_V2_O2,L1_H1_D16_standard_AttnOnlyTrue_PE-absolute_ResTrue_LR0.0001,HMM,2,2,standard,True,absolute,True,1,1,16,0.0001,0.770367,0.772287,0.770367,0.267846
HMM_V2_O2,L1_H2_D16_standard_AttnOnlyTrue_PE-absolute_ResTrue_LR0.0001,HMM,2,2,standard,True,absolute,True,1,2,16,0.0001,0.772836,0.776249,0.772836,0.104184
HMM_V2_O2,L1_H1_D16_standard_AttnOnlyTrue_PE-absolute_ResFalse_LR0.0001,HMM,2,2,standard,True,absolute,False,1,1,16,0.0001,0.671320,0.671515,0.671320,0.369836
HMM_V2_O2,L1_H2_D16_standard_AttnOnlyTrue_PE-absolute_ResFalse_LR0.0001,HMM,2,2,standard,True,absolute,False,1,2,16,0.0001,0.692727,0.693189,0.692727,0.096642
HMM_V2_O2,L1_H1_D16_standard_AttnOnlyTrue_PE-rpe_ResTrue_LR0.0001,HMM,2,2,standard,True,rpe,True,1,1,16,0.0001,1.048995,1.047537,1.048994,0.462256
HMM_V2_O2,L1_H2_D16_standard_AttnOnlyTrue_PE-rpe_ResTrue_LR0.0001,HMM,2,2,standard,True,rpe,True,1,2,16,0.0001,0.733108,0.733929,0.733108,0.102786
HMM_V2_O2,L1_H1_D16_standard_AttnOnlyTrue_PE-rpe_ResFalse_LR0.0001,HMM,2,2,standard,True,rpe,False,1,1,16,0.0001,0.557969,0.558445,0.557969,0.138017
HMM_V2_O2,L1_H2_D16_standard_AttnOnlyTrue_PE-rpe_ResFalse_LR0.0001,HMM,2,2,standard,True,rpe,False,1,2,16,0.0001,0.800198,0.799919,0.800198,0.449465
HMM_V2_O2,L1_H1_D16_standard_AttnOnlyTrue_PE-rope_ResTrue_LR0.0001,HMM,2,2,standard,True,rope,True,1,1,16,0.0001,0.544769,0.540472,0.544769,0.080440
HMM_V2_O2,L1_H2_D16_standard_AttnOnlyTrue_PE-rope_ResTrue_LR0.0001,HMM,2,2,standard,True,rope,True,1,2,16,0.0001,2.294431,2.367527,2.294431,1.678310
HMM_V2_O2,L1_H1_D16_standard_AttnOnlyTrue_PE-rope_ResFalse_LR0.0001,HMM,2,2,standard,True,rope,False,1,1,16,0.0001,0.774766,0.772572,0.774766,0.119977
HMM_V2_O2,L1_H2_D16_standard_AttnOnlyTrue_PE-rope_ResFalse_LR0.0001,HMM,2,2,standard,True,rope,False,1,2,16,0.0001,0.719746,0.721899,0.719746,0.122854
HMM_V2_O2,L1_H1_D16_standard_AttnOnlyFalse_PE-absolute_ResTrue_LR0.0001,HMM,2,2,standard,False,absolute,True,1,1,16,0.0001,0.695282,0.693370,0.695282,0.013454
HMM_V2_O2,L1_H2_D16_standard_AttnOnlyFalse_PE-absolute_ResTrue_LR0.0001,HMM,2,2,standard,False,absolute,True,1,2,16,0.0001,0.687909,0.687260,0.687909,0.003031
HMM_V2_O2,L1_H1_D16_standard_AttnOnlyFalse_PE-absolute_ResFalse_LR0.0001,HMM,2,2,standard,False,absolute,False,1,1,16,0.0001,0.714459,0.718093,0.714459,0.099103
HMM_V2_O2,L1_H2_D16_standard_AttnOnlyFalse_PE-absolute_ResFalse_LR0.0001,HMM,2,2,standard,False,absolute,False,1,2,16,0.0001,0.858240,0.862249,0.858240,0.212639
HMM_V2_O2,L1_H1_D16_standard_AttnOnlyFalse_PE-rpe_ResTrue_LR0.0001,HMM,2,2,standard,False,rpe,True,1,1,16,0.0001,1.474055,1.452263,1.474055,0.877429
HMM_V2_O2,L1_H2_D16_standard_AttnOnlyFalse_PE-rpe_ResTrue_LR0.0001,HMM,2,2,standard,False,rpe,True,1,2,16,0.0001,0.986600,0.979732,0.986600,0.439320
HMM_V2_O2,L1_H1_D16_standard_AttnOnlyFalse_PE-rpe_ResFalse_LR0.0001,HMM,2,2,standard,False,rpe,False,1,1,16,0.0001,0.393136,0.391637,0.393136,0.104591
HMM_V2_O2,L1_H2_D16_standard_AttnOnlyFalse_PE-rpe_ResFalse_LR0.0001,HMM,2,2,standard,False,rpe,False,1,2,16,0.0001,0.775960,0.787697,0.775960,0.137233
HMM_V2_O2,L1_H1_D16_standard_AttnOnlyFalse_PE-rope_ResTrue_LR0.0001,HMM,2,2,standard,False,rope,True,1,1,16,0.0001,0.662072,0.659486,0.662072,0.011636
HMM_V2_O2,L1_H2_D16_standard_AttnOnlyFalse_PE-rope_ResTrue_LR0.0001,HMM,2,2,standard,False,rope,True,1,2,16,0.0001,0.724326,0.730189,0.724326,0.042034
HMM_V2_O2,L1_H1_D16_standard_AttnOnlyFalse_PE-rope_ResFalse_LR0.0001,HMM,2,2,standard,False,rope,False,1,1,16,0.0001,0.735414,0.738605,0.735414,0.046606
HMM_V2_O2,L1_H2_D16_standard_AttnOnlyFalse_PE-rope_ResFalse_LR0.0001,HMM,2,2,standard,False,rope,False,1,2,16,0.0001,0.739315,0.738818,0.739315,0.048000
HMM_V2_O2,L1_H1_D16_linear_AttnOnlyTrue_PE-absolute_ResTrue_LR0.0001,HMM,2,2,linear,True,absolute,True,1,1,16,0.0001,1.299968,1.285827,1.299968,0.813997
HMM_V2_O2,L1_H2_D16_linear_AttnOnlyTrue_PE-absolute_ResTrue_LR0.0001,HMM,2,2,linear,True,absolute,True,1,2,16,0.0001,0.586074,0.592190,0.586074,0.038881
HMM_V2_O2,L1_H1_D16_linear_AttnOnlyTrue_PE-absolute_ResFalse_LR0.0001,HMM,2,2,linear,True,absolute,False,1,1,16,0.0001,0.695383,0.695304,0.695383,0.363890
HMM_V2_O2,L1_H2_D16_linear_AttnOnlyTrue_PE-absolute_ResFalse_LR0.0001,HMM,2,2,linear,True,absolute,False,1,2,16,0.0001,0.688061,0.693304,0.688061,0.043542
HMM_V2_O2,L1_H1_D16_linear_AttnOnlyTrue_PE-rope_ResTrue_LR0.0001,HMM,2,2,linear,True,rope,True,1,1,16,0.0001,0.702754,0.703178,0.702754,0.015588
HMM_V2_O2,L1_H2_D16_linear_AttnOnlyTrue_PE-rope_ResTrue_LR0.0001,HMM,2,2,linear,True,rope,True,1,2,16,0.0001,0.767179,0.774069,0.767179,0.096028
HMM_V2_O2,L1_H1_D16_linear_AttnOnlyTrue_PE-rope_ResFalse_LR0.0001,HMM,2,2,linear,True,rope,False,1,1,16,0.0001,0.808442,0.806418,0.808442,0.313129
HMM_V2_O2,L1_H2_D16_linear_AttnOnlyTrue_PE-rope_ResFalse_LR0.0001,HMM,2,2,linear,True,rope,False,1,2,16,0.0001,1.162275,1.165901,1.162275,0.625542
HMM_V2_O2,L1_H1_D16_linear_AttnOnlyFalse_PE-absolute_ResTrue_LR0.0001,HMM,2,2,linear,False,absolute,True,1,1,16,0.0001,0.660179,0.666557,0.660179,0.032427
HMM_V2_O2,L1_H2_D16_linear_AttnOnlyFalse_PE-absolute_ResTrue_LR0.0001,HMM,2,2,linear,False,absolute,True,1,2,16,0.0001,0.689633,0.686144,0.689633,0.000438
HMM_V2_O2,L1_H1_D16_linear_AttnOnlyFalse_PE-absolute_ResFalse_LR0.0001,HMM,2,2,linear,False,absolute,False,1,1,16,0.0001,1.620666,1.597876,1.620666,1.134094
HMM_V2_O2,L1_H2_D16_linear_AttnOnlyFalse_PE-absolute_ResFalse_LR0.0001,HMM,2,2,linear,False,absolute,False,1,2,16,0.0001,0.720205,0.720085,0.720205,0.180208
HMM_V2_O2,L1_H1_D16_linear_AttnOnlyFalse_PE-rope_ResTrue_LR0.0001,HMM,2,2,linear,False,rope,True,1,1,16,0.0001,0.739964,0.730860,0.739964,0.055426
HMM_V2_O2,L1_H2_D16_linear_AttnOnlyFalse_PE-rope_ResTrue_LR0.0001,HMM,2,2,linear,False,rope,True,1,2,16,0.0001,0.620508,0.619519,0.620508,0.063371
HMM_V2_O2,L1_H1_D16_linear_AttnOnlyFalse_PE-rope_ResFalse_LR0.0001,HMM,2,2,linear,False,rope,False,1,1,16,0.0001,0.725257,0.731321,0.725257,0.051562
HMM_V2_O2,L1_H2_D16_linear_AttnOnlyFalse_PE-rope_ResFalse_LR0.0001,HMM,2,2,linear,False,rope,False,1,2,16,0.0001,0.677171,0.677486,0.677171,0.036289
HMM_V2_O1,L2_H1_D16_performer_AttnOnlyTrue_PE-absolute_ResTrue_LR0.0001,HMM,2,1,performer,True,absolute,True,2,1,16,0.0001,1.283980,1.273253,1.283980,0.675291
HMM_V2_O1,L2_H2_D16_performer_AttnOnlyTrue_PE-absolute_ResTrue_LR0.0001,HMM,2,1,performer,True,absolute,True,2,2,16,0.0001,0.856023,0.848313,0.856023,0.159616
HMM_V2_O1,L2_H1_D16_performer_AttnOnlyTrue_PE-absolute_ResFalse_LR0.0001,HMM,2,1,performer,True,absolute,False,2,1,16,0.0001,0.694022,0.694510,0.694022,0.011819
HMM_V2_O1,L2_H2_D16_performer_AttnOnlyTrue_PE-absolute_ResFalse_LR0.0001,HMM,2,1,performer,True,absolute,False,2,2,16,0.0001,1.291024,1.292283,1.291024,1.030828
HMM_V2_O1,L2_H1_D16_performer_AttnOnlyTrue_PE-rope_ResTrue_LR0.0001,HMM,2,1,performer,True,rope,True,2,1,16,0.0001,0.903988,0.885595,0.903988,0.271417
HMM_V2_O1,L2_H2_D16_performer_AttnOnlyTrue_PE-rope_ResTrue_LR0.0001,HMM,2,1,performer,True,rope,True,2,2,16,0.0001,1.235622,1.252164,1.235622,0.752691
HMM_V2_O1,L2_H1_D16_performer_AttnOnlyTrue_PE-rope_ResFalse_LR0.0001,HMM,2,1,performer,True,rope,False,2,1,16,0.0001,0.528254,0.516974,0.528254,0.067926
HMM_V2_O1,L2_H2_D16_performer_AttnOnlyTrue_PE-rope_ResFalse_LR0.0001,HMM,2,1,performer,True,rope,False,2,2,16,0.0001,1.394209,1.393709,1.394209,0.912859
HMM_V2_O1,L2_H1_D16_performer_AttnOnlyFalse_PE-absolute_ResTrue_LR0.0001,HMM,2,1,performer,False,absolute,True,2,1,16,0.0001,0.768434,0.764538,0.768434,0.130611
HMM_V2_O1,L2_H2_D16_performer_AttnOnlyFalse_PE-absolute_ResTrue_LR0.0001,HMM,2,1,performer,False,absolute,True,2,2,16,0.0001,0.621819,0.619176,0.621819,0.030813
HMM_V2_O1,L2_H1_D16_performer_AttnOnlyFalse_PE-absolute_ResFalse_LR0.0001,HMM,2,1,performer,False,absolute,False,2,1,16,0.0001,0.706278,0.705562,0.706278,0.067289
HMM_V2_O1,L2_H2_D16_performer_AttnOnlyFalse_PE-absolute_ResFalse_LR0.0001,HMM,2,1,performer,False,absolute,False,2,2,16,0.0001,0.689343,0.673308,0.689343,0.051547
HMM_V2_O1,L2_H1_D16_performer_AttnOnlyFalse_PE-rope_ResTrue_LR0.0001,HMM,2,1,performer,False,rope,True,2,1,16,0.0001,0.723245,0.722481,0.723245,0.044431
HMM_V2_O1,L2_H2_D16_performer_AttnOnlyFalse_PE-rope_ResTrue_LR0.0001,HMM,2,1,performer,False,rope,True,2,2,16,0.0001,0.848382,0.865815,0.848382,0.209702
HMM_V2_O1,L2_H1_D16_performer_AttnOnlyFalse_PE-rope_ResFalse_LR0.0001,HMM,2,1,performer,False,rope,False,2,1,16,0.0001,0.721992,0.722029,0.721992,0.241307
HMM_V2_O1,L2_H2_D16_performer_AttnOnlyFalse_PE-rope_ResFalse_LR0.0001,HMM,2,1,performer,False,rope,False,2,2,16,0.0001,0.870325,0.867363,0.870325,0.215396
HMM_V2_O1,L2_H1_D16_standard_AttnOnlyTrue_PE-absolute_ResTrue_LR0.0001,HMM,2,1,standard,True,absolute,True,2,1,16,0.0001,1.114070,1.116509,1.114070,0.543259
HMM_V2_O1,L2_H2_D16_standard_AttnOnlyTrue_PE-absolute_ResTrue_LR0.0001,HMM,2,1,standard,True,absolute,True,2,2,16,0.0001,0.675577,0.675082,0.675577,0.021719
HMM_V2_O1,L2_H1_D16_standard_AttnOnlyTrue_PE-absolute_ResFalse_LR0.0001,HMM,2,1,standard,True,absolute,False,2,1,16,0.0001,0.722014,0.721055,0.722014,0.041411
HMM_V2_O1,L2_H2_D16_standard_AttnOnlyTrue_PE-absolute_ResFalse_LR0.0001,HMM,2,1,standard,True,absolute,False,2,2,16,0.0001,0.803996,0.805771,0.803996,0.173177
HMM_V2_O1,L2_H1_D16_standard_AttnOnlyTrue_PE-rpe_ResTrue_LR0.0001,HMM,2,1,standard,True,rpe,True,2,1,16,0.0001,0.798721,0.801742,0.798721,0.270047
HMM_V2_O1,L2_H2_D16_standard_AttnOnlyTrue_PE-rpe_ResTrue_LR0.0001,HMM,2,1,standard,True,rpe,True,2,2,16,0.0001,0.713656,0.713171,0.713656,0.021188
HMM_V2_O1,L2_H1_D16_standard_AttnOnlyTrue_PE-rpe_ResFalse_LR0.0001,HMM,2,1,standard,True,rpe,False,2,1,16,0.0001,0.738245,0.739167,0.738245,0.113614
HMM_V2_O1,L2_H2_D16_standard_AttnOnlyTrue_PE-rpe_ResFalse_LR0.0001,HMM,2,1,standard,True,rpe,False,2,2,16,0.0001,0.659877,0.655547,0.659877,0.022559
HMM_V2_O1,L2_H1_D16_standard_AttnOnlyTrue_PE-rope_ResTrue_LR0.0001,HMM,2,1,standard,True,rope,True,2,1,16,0.0001,0.656681,0.655596,0.656681,0.084451
HMM_V2_O1,L2_H2_D16_standard_AttnOnlyTrue_PE-rope_ResTrue_LR0.0001,HMM,2,1,standard,True,rope,True,2,2,16,0.0001,1.903920,1.901632,1.903920,1.360366
HMM_V2_O1,L2_H1_D16_standard_AttnOnlyTrue_PE-rope_ResFalse_LR0.0001,HMM,2,1,standard,True,rope,False,2,1,16,0.0001,0.912516,0.894217,0.912516,0.212463
HMM_V2_O1,L2_H2_D16_standard_AttnOnlyTrue_PE-rope_ResFalse_LR0.0001,HMM,2,1,standard,True,rope,False,2,2,16,0.0001,0.696681,0.694549,0.696681,0.038609
HMM_V2_O1,L2_H1_D16_standard_AttnOnlyFalse_PE-absolute_ResTrue_LR0.0001,HMM,2,1,standard,False,absolute,True,2,1,16,0.0001,0.686628,0.687668,0.686628,0.004345
HMM_V2_O1,L2_H2_D16_standard_AttnOnlyFalse_PE-absolute_ResTrue_LR0.0001,HMM,2,1,standard,False,absolute,True,2,2,16,0.0001,0.669610,0.669624,0.669610,0.127084
HMM_V2_O1,L2_H1_D16_standard_AttnOnlyFalse_PE-absolute_ResFalse_LR0.0001,HMM,2,1,standard,False,absolute,False,2,1,16,0.0001,0.768169,0.756726,0.768169,0.073303
HMM_V2_O1,L2_H2_D16_standard_AttnOnlyFalse_PE-absolute_ResFalse_LR0.0001,HMM,2,1,standard,False,absolute,False,2,2,16,0.0001,1.028007,1.030269,1.028007,0.343397
HMM_V2_O1,L2_H1_D16_standard_AttnOnlyFalse_PE-rpe_ResTrue_LR0.0001,HMM,2,1,standard,False,rpe,True,2,1,16,0.0001,0.974871,0.974101,0.974871,0.696382
HMM_V2_O1,L2_H2_D16_standard_AttnOnlyFalse_PE-rpe_ResTrue_LR0.0001,HMM,2,1,standard,False,rpe,True,2,2,16,0.0001,1.223868,1.218948,1.223868,1.021894
HMM_V2_O1,L2_H1_D16_standard_AttnOnlyFalse_PE-rpe_ResFalse_LR0.0001,HMM,2,1,standard,False,rpe,False,2,1,16,0.0001,0.860983,0.854805,0.860983,0.197164
HMM_V2_O1,L2_H2_D16_standard_AttnOnlyFalse_PE-rpe_ResFalse_LR0.0001,HMM,2,1,standard,False,rpe,False,2,2,16,0.0001,1.409068,1.396816,1.409068,0.761080
HMM_V2_O1,L2_H1_D16_standard_AttnOnlyFalse_PE-rope_ResTrue_LR0.0001,HMM,2,1,standard,False,rope,True,2,1,16,0.0001,0.813466,0.815534,0.813466,0.123851
HMM_V2_O1,L2_H2_D16_standard_AttnOnlyFalse_PE-rope_ResTrue_LR0.0001,HMM,2,1,standard,False,rope,True,2,2,16,0.0001,0.685373,0.687856,0.685373,0.001216
HMM_V2_O1,L2_H1_D16_standard_AttnOnlyFalse_PE-rope_ResFalse_LR0.0001,HMM,2,1,standard,False,rope,False,2,1,16,0.0001,0.637564,0.636409,0.637564,0.015378
HMM_V2_O1,L2_H2_D16_standard_AttnOnlyFalse_PE-rope_ResFalse_LR0.0001,HMM,2,1,standard,False,rope,False,2,2,16,0.0001,0.956467,0.965117,0.956467,0.276774
HMM_V2_O1,L2_H1_D16_linear_AttnOnlyTrue_PE-absolute_ResTrue_LR0.0001,HMM,2,1,linear,True,absolute,True,2,1,16,0.0001,2.092576,2.087883,2.092576,1.733536
HMM_V2_O1,L2_H2_D16_linear_AttnOnlyTrue_PE-absolute_ResTrue_LR0.0001,HMM,2,1,linear,True,absolute,True,2,2,16,0.0001,1.060791,1.064114,1.060791,0.678418
HMM_V2_O1,L2_H1_D16_linear_AttnOnlyTrue_PE-absolute_ResFalse_LR0.0001,HMM,2,1,linear,True,absolute,False,2,1,16,0.0001,0.644725,0.639243,0.644725,0.014869
HMM_V2_O1,L2_H2_D16_linear_AttnOnlyTrue_PE-absolute_ResFalse_LR0.0001,HMM,2,1,linear,True,absolute,False,2,2,16,0.0001,0.871479,0.860378,0.871479,0.184518
HMM_V2_O1,L2_H1_D16_linear_AttnOnlyTrue_PE-rope_ResTrue_LR0.0001,HMM,2,1,linear,True,rope,True,2,1,16,0.0001,0.485269,0.484309,0.485269,0.044676
HMM_V2_O1,L2_H2_D16_linear_AttnOnlyTrue_PE-rope_ResTrue_LR0.0001,HMM,2,1,linear,True,rope,True,2,2,16,0.0001,1.360764,1.345677,1.360764,0.703762
HMM_V2_O1,L2_H1_D16_linear_AttnOnlyTrue_PE-rope_ResFalse_LR0.0001,HMM,2,1,linear,True,rope,False,2,1,16,0.0001,1.370495,1.373935,1.370495,0.751623
HMM_V2_O1,L2_H2_D16_linear_AttnOnlyTrue_PE-rope_ResFalse_LR0.0001,HMM,2,1,linear,True,rope,False,2,2,16,0.0001,0.576136,0.587691,0.576136,0.012686
HMM_V2_O1,L2_H1_D16_linear_AttnOnlyFalse_PE-absolute_ResTrue_LR0.0001,HMM,2,1,linear,False,absolute,True,2,1,16,0.0001,0.877867,0.879307,0.877867,0.285553
HMM_V2_O1,L2_H2_D16_linear_AttnOnlyFalse_PE-absolute_ResTrue_LR0.0001,HMM,2,1,linear,False,absolute,True,2,2,16,0.0001,0.913284,0.902597,0.913284,0.239025
HMM_V2_O1,L2_H1_D16_linear_AttnOnlyFalse_PE-absolute_ResFalse_LR0.0001,HMM,2,1,linear,False,absolute,False,2,1,16,0.0001,0.696025,0.698911,0.696025,0.058960
HMM_V2_O1,L2_H2_D16_linear_AttnOnlyFalse_PE-absolute_ResFalse_LR0.0001,HMM,2,1,linear,False,absolute,False,2,2,16,0.0001,0.666544,0.666505,0.666544,0.085322
HMM_V2_O1,L2_H1_D16_linear_AttnOnlyFalse_PE-rope_ResTrue_LR0.0001,HMM,2,1,linear,False,rope,True,2,1,16,0.0001,0.881423,0.886275,0.881423,0.202026
HMM_V2_O1,L2_H2_D16_linear_AttnOnlyFalse_PE-rope_ResTrue_LR0.0001,HMM,2,1,linear,False,rope,True,2,2,16,0.0001,0.585868,0.588133,0.585868,0.070482
HMM_V2_O1,L2_H1_D16_linear_AttnOnlyFalse_PE-rope_ResFalse_LR0.0001,HMM,2,1,linear,False,rope,False,2,1,16,0.0001,1.110919,1.114459,1.110919,0.488685
HMM_V2_O1,L2_H2_D16_linear_AttnOnlyFalse_PE-rope_ResFalse_LR0.0001,HMM,2,1,linear,False,rope,False,2,2,16,0.0001,0.927495,0.934748,0.927495,0.386724
HMM_V2_O1,L1_H1_D16_performer_AttnOnlyTrue_PE-absolute_ResTrue_LR0.0001,HMM,2,1,performer,True,absolute,True,1,1,16,0.0001,0.683511,0.684535,0.683511,0.016534
HMM_V2_O1,L1_H2_D16_performer_AttnOnlyTrue_PE-absolute_ResTrue_LR0.0001,HMM,2,1,performer,True,absolute,True,1,2,16,0.0001,0.543512,0.543727,0.543512,0.082808
HMM_V2_O1,L1_H1_D16_performer_AttnOnlyTrue_PE-absolute_ResFalse_LR0.0001,HMM,2,1,performer,True,absolute,False,1,1,16,0.0001,0.690092,0.690212,0.690092,0.073643
HMM_V2_O1,L1_H2_D16_performer_AttnOnlyTrue_PE-absolute_ResFalse_LR0.0001,HMM,2,1,performer,True,absolute,False,1,2,16,0.0001,0.750945,0.745525,0.750945,0.056809
HMM_V2_O1,L1_H1_D16_performer_AttnOnlyTrue_PE-rope_ResTrue_LR0.0001,HMM,2,1,performer,True,rope,True,1,1,16,0.0001,0.827534,0.817699,0.827534,0.141582
HMM_V2_O1,L1_H2_D16_performer_AttnOnlyTrue_PE-rope_ResTrue_LR0.0001,HMM,2,1,performer,True,rope,True,1,2,16,0.0001,0.708669,0.708410,0.708669,0.118159
HMM_V2_O1,L1_H1_D16_performer_AttnOnlyTrue_PE-rope_ResFalse_LR0.0001,HMM,2,1,performer,True,rope,False,1,1,16,0.0001,0.651173,0.652765,0.651173,0.016492
HMM_V2_O1,L1_H2_D16_performer_AttnOnlyTrue_PE-rope_ResFalse_LR0.0001,HMM,2,1,performer,True,rope,False,1,2,16,0.0001,0.727519,0.728653,0.727519,0.095365
HMM_V2_O1,L1_H1_D16_performer_AttnOnlyFalse_PE-absolute_ResTrue_LR0.0001,HMM,2,1,performer,False,absolute,True,1,1,16,0.0001,0.715393,0.705383,0.715393,0.101320
HMM_V2_O1,L1_H2_D16_performer_AttnOnlyFalse_PE-absolute_ResTrue_LR0.0001,HMM,2,1,performer,False,absolute,True,1,2,16,0.0001,0.780848,0.776510,0.780848,0.176829
HMM_V2_O1,L1_H1_D16_performer_AttnOnlyFalse_PE-absolute_ResFalse_LR0.0001,HMM,2,1,performer,False,absolute,False,1,1,16,0.0001,0.648714,0.651933,0.648714,0.003686
HMM_V2_O1,L1_H2_D16_performer_AttnOnlyFalse_PE-absolute_ResFalse_LR0.0001,HMM,2,1,performer,False,absolute,False,1,2,16,0.0001,0.478090,0.473731,0.478090,0.038727
HMM_V2_O1,L1_H1_D16_performer_AttnOnlyFalse_PE-rope_ResTrue_LR0.0001,HMM,2,1,performer,False,rope,True,1,1,16,0.0001,0.853934,0.835490,0.853934,0.165078
HMM_V2_O1,L1_H2_D16_performer_AttnOnlyFalse_PE-rope_ResTrue_LR0.0001,HMM,2,1,performer,False,rope,True,1,2,16,0.0001,1.034727,1.050530,1.034727,0.362837
HMM_V2_O1,L1_H1_D16_performer_AttnOnlyFalse_PE-rope_ResFalse_LR0.0001,HMM,2,1,performer,False,rope,False,1,1,16,0.0001,1.099421,1.086365,1.099421,0.552460
HMM_V2_O1,L1_H2_D16_performer_AttnOnlyFalse_PE-rope_ResFalse_LR0.0001,HMM,2,1,performer,False,rope,False,1,2,16,0.0001,0.709047,0.710026,0.709047,0.017608
HMM_V2_O1,L1_H1_D16_standard_AttnOnlyTrue_PE-absolute_ResTrue_LR0.0001,HMM,2,1,standard,True,absolute,True,1,1,16,0.0001,0.744019,0.746071,0.744019,0.310765
HMM_V2_O1,L1_H2_D16_standard_AttnOnlyTrue_PE-absolute_ResTrue_LR0.0001,HMM,2,1,standard,True,absolute,True,1,2,16,0.0001,0.462996,0.466114,0.462996,0.087648
HMM_V2_O1,L1_H1_D16_standard_AttnOnlyTrue_PE-absolute_ResFalse_LR0.0001,HMM,2,1,standard,True,absolute,False,1,1,16,0.0001,0.443733,0.457666,0.443733,0.081759
HMM_V2_O1,L1_H2_D16_standard_AttnOnlyTrue_PE-absolute_ResFalse_LR0.0001,HMM,2,1,standard,True,absolute,False,1,2,16,0.0001,1.002815,1.000682,1.002815,0.593372
HMM_V2_O1,L1_H1_D16_standard_AttnOnlyTrue_PE-rpe_ResTrue_LR0.0001,HMM,2,1,standard,True,rpe,True,1,1,16,0.0001,0.722426,0.718088,0.722426,0.036042
HMM_V2_O1,L1_H2_D16_standard_AttnOnlyTrue_PE-rpe_ResTrue_LR0.0001,HMM,2,1,standard,True,rpe,True,1,2,16,0.0001,1.204092,1.194019,1.204092,0.595692
HMM_V2_O1,L1_H1_D16_standard_AttnOnlyTrue_PE-rpe_ResFalse_LR0.0001,HMM,2,1,standard,True,rpe,False,1,1,16,0.0001,0.763285,0.756605,0.763285,0.065174
HMM_V2_O1,L1_H2_D16_standard_AttnOnlyTrue_PE-rpe_ResFalse_LR0.0001,HMM,2,1,standard,True,rpe,False,1,2,16,0.0001,1.862628,1.835170,1.862628,1.149251
HMM_V2_O1,L1_H1_D16_standard_AttnOnlyTrue_PE-rope_ResTrue_LR0.0001,HMM,2,1,standard,True,rope,True,1,1,16,0.0001,0.837494,0.836257,0.837494,0.192389
HMM_V2_O1,L1_H2_D16_standard_AttnOnlyTrue_PE-rope_ResTrue_LR0.0001,HMM,2,1,standard,True,rope,True,1,2,16,0.0001,0.744377,0.733230,0.744377,0.103667
HMM_V2_O1,L1_H1_D16_standard_AttnOnlyTrue_PE-rope_ResFalse_LR0.0001,HMM,2,1,standard,True,rope,False,1,1,16,0.0001,0.924260,0.918412,0.924260,0.340704
HMM_V2_O1,L1_H2_D16_standard_AttnOnlyTrue_PE-rope_ResFalse_LR0.0001,HMM,2,1,standard,True,rope,False,1,2,16,0.0001,1.763405,1.759062,1.763405,1.561013
HMM_V2_O1,L1_H1_D16_standard_AttnOnlyFalse_PE-absolute_ResTrue_LR0.0001,HMM,2,1,standard,False,absolute,True,1,1,16,0.0001,0.943634,0.964634,0.943634,0.302238
HMM_V2_O1,L1_H2_D16_standard_AttnOnlyFalse_PE-absolute_ResTrue_LR0.0001,HMM,2,1,standard,False,absolute,True,1,2,16,0.0001,0.707208,0.707303,0.707208,0.199783
HMM_V2_O1,L1_H1_D16_standard_AttnOnlyFalse_PE-absolute_ResFalse_LR0.0001,HMM,2,1,standard,False,absolute,False,1,1,16,0.0001,0.666228,0.669912,0.666228,0.001542
HMM_V2_O1,L1_H2_D16_standard_AttnOnlyFalse_PE-absolute_ResFalse_LR0.0001,HMM,2,1,standard,False,absolute,False,1,2,16,0.0001,0.895404,0.902689,0.895403,0.220671
HMM_V2_O1,L1_H1_D16_standard_AttnOnlyFalse_PE-rpe_ResTrue_LR0.0001,HMM,2,1,standard,False,rpe,True,1,1,16,0.0001,0.809651,0.804884,0.809651,0.191408
HMM_V2_O1,L1_H2_D16_standard_AttnOnlyFalse_PE-rpe_ResTrue_LR0.0001,HMM,2,1,standard,False,rpe,True,1,2,16,0.0001,0.860249,0.869262,0.860249,0.177849
HMM_V2_O1,L1_H1_D16_standard_AttnOnlyFalse_PE-rpe_ResFalse_LR0.0001,HMM,2,1,standard,False,rpe,False,1,1,16,0.0001,0.778550,0.783148,0.778550,0.194758
HMM_V2_O1,L1_H2_D16_standard_AttnOnlyFalse_PE-rpe_ResFalse_LR0.0001,HMM,2,1,standard,False,rpe,False,1,2,16,0.0001,0.776977,0.773991,0.776977,0.159199
HMM_V2_O1,L1_H1_D16_standard_AttnOnlyFalse_PE-rope_ResTrue_LR0.0001,HMM,2,1,standard,False,rope,True,1,1,16,0.0001,0.959233,0.961492,0.959232,0.360680
HMM_V2_O1,L1_H2_D16_standard_AttnOnlyFalse_PE-rope_ResTrue_LR0.0001,HMM,2,1,standard,False,rope,True,1,2,16,0.0001,2.018033,2.027878,2.018033,1.698516
HMM_V2_O1,L1_H1_D16_standard_AttnOnlyFalse_PE-rope_ResFalse_LR0.0001,HMM,2,1,standard,False,rope,False,1,1,16,0.0001,0.725041,0.726845,0.725041,0.107619
HMM_V2_O1,L1_H2_D16_standard_AttnOnlyFalse_PE-rope_ResFalse_LR0.0001,HMM,2,1,standard,False,rope,False,1,2,16,0.0001,0.862118,0.860704,0.862118,0.569783
HMM_V2_O1,L1_H1_D16_linear_AttnOnlyTrue_PE-absolute_ResTrue_LR0.0001,HMM,2,1,linear,True,absolute,True,1,1,16,0.0001,0.831512,0.827986,0.831512,0.147761
HMM_V2_O1,L1_H2_D16_linear_AttnOnlyTrue_PE-absolute_ResTrue_LR0.0001,HMM,2,1,linear,True,absolute,True,1,2,16,0.0001,0.970492,0.959761,0.970492,0.277062
HMM_V2_O1,L1_H1_D16_linear_AttnOnlyTrue_PE-absolute_ResFalse_LR0.0001,HMM,2,1,linear,True,absolute,False,1,1,16,0.0001,1.136179,1.139325,1.136179,0.706427
HMM_V2_O1,L1_H2_D16_linear_AttnOnlyTrue_PE-absolute_ResFalse_LR0.0001,HMM,2,1,linear,True,absolute,False,1,2,16,0.0001,0.612506,0.608377,0.612506,0.006600
HMM_V2_O1,L1_H1_D16_linear_AttnOnlyTrue_PE-rope_ResTrue_LR0.0001,HMM,2,1,linear,True,rope,True,1,1,16,0.0001,0.549007,0.554720,0.549007,0.035727
HMM_V2_O1,L1_H2_D16_linear_AttnOnlyTrue_PE-rope_ResTrue_LR0.0001,HMM,2,1,linear,True,rope,True,1,2,16,0.0001,0.334157,0.350935,0.334157,0.008317
HMM_V2_O1,L1_H1_D16_linear_AttnOnlyTrue_PE-rope_ResFalse_LR0.0001,HMM,2,1,linear,True,rope,False,1,1,16,0.0001,0.844639,0.865601,0.844639,0.205979
HMM_V2_O1,L1_H2_D16_linear_AttnOnlyTrue_PE-rope_ResFalse_LR0.0001,HMM,2,1,linear,True,rope,False,1,2,16,0.0001,0.701492,0.704297,0.701492,0.012817
HMM_V2_O1,L1_H1_D16_linear_AttnOnlyFalse_PE-absolute_ResTrue_LR0.0001,HMM,2,1,linear,False,absolute,True,1,1,16,0.0001,0.638010,0.640019,0.638010,0.005570
HMM_V2_O1,L1_H2_D16_linear_AttnOnlyFalse_PE-absolute_ResTrue_LR0.0001,HMM,2,1,linear,False,absolute,True,1,2,16,0.0001,0.666799,0.665990,0.666799,0.020011
HMM_V2_O1,L1_H1_D16_linear_AttnOnlyFalse_PE-absolute_ResFalse_LR0.0001,HMM,2,1,linear,False,absolute,False,1,1,16,0.0001,0.630900,0.635025,0.630900,0.099172
HMM_V2_O1,L1_H2_D16_linear_AttnOnlyFalse_PE-absolute_ResFalse_LR0.0001,HMM,2,1,linear,False,absolute,False,1,2,16,0.0001,0.813505,0.806584,0.813505,0.171343
HMM_V2_O1,L1_H1_D16_linear_AttnOnlyFalse_PE-rope_ResTrue_LR0.0001,HMM,2,1,linear,False,rope,True,1,1,16,0.0001,0.811829,0.805991,0.811829,0.144591
HMM_V2_O1,L1_H2_D16_linear_AttnOnlyFalse_PE-rope_ResTrue_LR0.0001,HMM,2,1,linear,False,rope,True,1,2,16,0.0001,0.860665,0.859945,0.860665,0.174107
HMM_V2_O1,L1_H1_D16_linear_AttnOnlyFalse_PE-rope_ResFalse_LR0.0001,HMM,2,1,linear,False,rope,False,1,1,16,0.0001,0.653593,0.632986,0.653593,0.046578
HMM_V2_O1,L1_H2_D16_linear_AttnOnlyFalse_PE-rope_ResFalse_LR0.0001,HMM,2,1,linear,False,rope,False,1,2,16,0.0001,0.678602,0.669174,0.678602,0.123514
HMM_V3_O2,L2_H1_D16_performer_AttnOnlyTrue_PE-absolute_ResTrue_LR0.0001,HMM,3,2,performer,True,absolute,True,2,1,16,0.0001,1.081169,1.081999,1.081169,0.047604
HMM_V3_O2,L2_H2_D16_performer_AttnOnlyTrue_PE-absolute_ResTrue_LR0.0001,HMM,3,2,performer,True,absolute,True,2,2,16,0.0001,1.408340,1.401993,1.408340,0.373000
HMM_V3_O2,L2_H1_D16_performer_AttnOnlyTrue_PE-absolute_ResFalse_LR0.0001,HMM,3,2,performer,True,absolute,False,2,1,16,0.0001,1.104391,1.094669,1.104391,0.054109
HMM_V3_O2,L2_H2_D16_performer_AttnOnlyTrue_PE-absolute_ResFalse_LR0.0001,HMM,3,2,performer,True,absolute,False,2,2,16,0.0001,1.170457,1.158325,1.170457,0.310170
HMM_V3_O2,L2_H1_D16_performer_AttnOnlyTrue_PE-rope_ResTrue_LR0.0001,HMM,3,2,performer,True,rope,True,2,1,16,0.0001,0.863626,0.862358,0.863626,0.110213
HMM_V3_O2,L2_H2_D16_performer_AttnOnlyTrue_PE-rope_ResTrue_LR0.0001,HMM,3,2,performer,True,rope,True,2,2,16,0.0001,1.425485,1.421371,1.425485,0.383117
HMM_V3_O2,L2_H1_D16_performer_AttnOnlyTrue_PE-rope_ResFalse_LR0.0001,HMM,3,2,performer,True,rope,False,2,1,16,0.0001,1.502519,1.518686,1.502519,0.666105
HMM_V3_O2,L2_H2_D16_performer_AttnOnlyTrue_PE-rope_ResFalse_LR0.0001,HMM,3,2,performer,True,rope,False,2,2,16,0.0001,1.055244,1.055273,1.055244,0.160013
HMM_V3_O2,L2_H1_D16_performer_AttnOnlyFalse_PE-absolute_ResTrue_LR0.0001,HMM,3,2,performer,False,absolute,True,2,1,16,0.0001,1.247378,1.249119,1.247378,0.191159
HMM_V3_O2,L2_H2_D16_performer_AttnOnlyFalse_PE-absolute_ResTrue_LR0.0001,HMM,3,2,performer,False,absolute,True,2,2,16,0.0001,1.038829,1.038311,1.038829,0.114061
HMM_V3_O2,L2_H1_D16_performer_AttnOnlyFalse_PE-absolute_ResFalse_LR0.0001,HMM,3,2,performer,False,absolute,False,2,1,16,0.0001,1.289079,1.284098,1.289079,0.362139
HMM_V3_O2,L2_H2_D16_performer_AttnOnlyFalse_PE-absolute_ResFalse_LR0.0001,HMM,3,2,performer,False,absolute,False,2,2,16,0.0001,1.134848,1.125198,1.134848,0.228809
HMM_V3_O2,L2_H1_D16_performer_AttnOnlyFalse_PE-rope_ResTrue_LR0.0001,HMM,3,2,performer,False,rope,True,2,1,16,0.0001,1.718512,1.714248,1.718512,0.773364
HMM_V3_O2,L2_H2_D16_performer_AttnOnlyFalse_PE-rope_ResTrue_LR0.0001,HMM,3,2,performer,False,rope,True,2,2,16,0.0001,1.338764,1.323782,1.338764,0.353359
HMM_V3_O2,L2_H1_D16_performer_AttnOnlyFalse_PE-rope_ResFalse_LR0.0001,HMM,3,2,performer,False,rope,False,2,1,16,0.0001,1.444355,1.463830,1.444355,0.416126
HMM_V3_O2,L2_H2_D16_performer_AttnOnlyFalse_PE-rope_ResFalse_LR0.0001,HMM,3,2,performer,False,rope,False,2,2,16,0.0001,1.441129,1.434788,1.441129,0.421462
HMM_V3_O2,L2_H1_D16_standard_AttnOnlyTrue_PE-absolute_ResTrue_LR0.0001,HMM,3,2,standard,True,absolute,True,2,1,16,0.0001,1.118962,1.119113,1.118962,0.088875
HMM_V3_O2,L2_H2_D16_standard_AttnOnlyTrue_PE-absolute_ResTrue_LR0.0001,HMM,3,2,standard,True,absolute,True,2,2,16,0.0001,1.795605,1.808394,1.795605,0.779874
HMM_V3_O2,L2_H1_D16_standard_AttnOnlyTrue_PE-absolute_ResFalse_LR0.0001,HMM,3,2,standard,True,absolute,False,2,1,16,0.0001,1.129119,1.127309,1.129119,0.238952
HMM_V3_O2,L2_H2_D16_standard_AttnOnlyTrue_PE-absolute_ResFalse_LR0.0001,HMM,3,2,standard,True,absolute,False,2,2,16,0.0001,1.017163,1.020133,1.017163,0.106222
HMM_V3_O2,L2_H1_D16_standard_AttnOnlyTrue_PE-rpe_ResTrue_LR0.0001,HMM,3,2,standard,True,rpe,True,2,1,16,0.0001,1.216859,1.213982,1.216859,0.158427
HMM_V3_O2,L2_H2_D16_standard_AttnOnlyTrue_PE-rpe_ResTrue_LR0.0001,HMM,3,2,standard,True,rpe,True,2,2,16,0.0001,1.608772,1.629356,1.608772,0.624667
HMM_V3_O2,L2_H1_D16_standard_AttnOnlyTrue_PE-rpe_ResFalse_LR0.0001,HMM,3,2,standard,True,rpe,False,2,1,16,0.0001,1.371906,1.377228,1.371906,0.592881
HMM_V3_O2,L2_H2_D16_standard_AttnOnlyTrue_PE-rpe_ResFalse_LR0.0001,HMM,3,2,standard,True,rpe,False,2,2,16,0.0001,1.131013,1.125716,1.131013,0.112017
HMM_V3_O2,L2_H1_D16_standard_AttnOnlyTrue_PE-rope_ResTrue_LR0.0001,HMM,3,2,standard,True,rope,True,2,1,16,0.0001,1.200066,1.200007,1.200066,0.168368
HMM_V3_O2,L2_H2_D16_standard_AttnOnlyTrue_PE-rope_ResTrue_LR0.0001,HMM,3,2,standard,True,rope,True,2,2,16,0.0001,1.332665,1.325830,1.332665,0.264457
HMM_V3_O2,L2_H1_D16_standard_AttnOnlyTrue_PE-rope_ResFalse_LR0.0001,HMM,3,2,standard,True,rope,False,2,1,16,0.0001,0.612460,0.615340,0.612460,0.057685
HMM_V3_O2,L2_H2_D16_standard_AttnOnlyTrue_PE-rope_ResFalse_LR0.0001,HMM,3,2,standard,True,rope,False,2,2,16,0.0001,1.281135,1.269662,1.281135,0.309387
HMM_V3_O2,L2_H1_D16_standard_AttnOnlyFalse_PE-absolute_ResTrue_LR0.0001,HMM,3,2,standard,False,absolute,True,2,1,16,0.0001,1.099083,1.098235,1.099083,0.172682
HMM_V3_O2,L2_H2_D16_standard_AttnOnlyFalse_PE-absolute_ResTrue_LR0.0001,HMM,3,2,standard,False,absolute,True,2,2,16,0.0001,1.144420,1.144113,1.144420,0.139758
HMM_V3_O2,L2_H1_D16_standard_AttnOnlyFalse_PE-absolute_ResFalse_LR0.0001,HMM,3,2,standard,False,absolute,False,2,1,16,0.0001,1.055973,1.053473,1.055973,0.006570
HMM_V3_O2,L2_H2_D16_standard_AttnOnlyFalse_PE-absolute_ResFalse_LR0.0001,HMM,3,2,standard,False,absolute,False,2,2,16,0.0001,1.656387,1.662706,1.656387,0.855042
HMM_V3_O2,L2_H1_D16_standard_AttnOnlyFalse_PE-rpe_ResTrue_LR0.0001,HMM,3,2,standard,False,rpe,True,2,1,16,0.0001,1.029493,1.032340,1.029493,0.244668
HMM_V3_O2,L2_H2_D16_standard_AttnOnlyFalse_PE-rpe_ResTrue_LR0.0001,HMM,3,2,standard,False,rpe,True,2,2,16,0.0001,1.047178,1.057678,1.047178,0.118240
HMM_V3_O2,L2_H1_D16_standard_AttnOnlyFalse_PE-rpe_ResFalse_LR0.0001,HMM,3,2,standard,False,rpe,False,2,1,16,0.0001,1.351964,1.360009,1.351964,0.402436
HMM_V3_O2,L2_H2_D16_standard_AttnOnlyFalse_PE-rpe_ResFalse_LR0.0001,HMM,3,2,standard,False,rpe,False,2,2,16,0.0001,1.145980,1.149038,1.145980,0.125259
HMM_V3_O2,L2_H1_D16_standard_AttnOnlyFalse_PE-rope_ResTrue_LR0.0001,HMM,3,2,standard,False,rope,True,2,1,16,0.0001,1.488035,1.500411,1.488035,0.428169
HMM_V3_O2,L2_H2_D16_standard_AttnOnlyFalse_PE-rope_ResTrue_LR0.0001,HMM,3,2,standard,False,rope,True,2,2,16,0.0001,1.160428,1.152165,1.160428,0.299842
HMM_V3_O2,L2_H1_D16_standard_AttnOnlyFalse_PE-rope_ResFalse_LR0.0001,HMM,3,2,standard,False,rope,False,2,1,16,0.0001,1.502570,1.498206,1.502570,0.502671
HMM_V3_O2,L2_H2_D16_standard_AttnOnlyFalse_PE-rope_ResFalse_LR0.0001,HMM,3,2,standard,False,rope,False,2,2,16,0.0001,0.954951,0.949356,0.954951,0.053725
HMM_V3_O2,L2_H1_D16_linear_AttnOnlyTrue_PE-absolute_ResTrue_LR0.0001,HMM,3,2,linear,True,absolute,True,2,1,16,0.0001,1.424573,1.442794,1.424573,0.529046
HMM_V3_O2,L2_H2_D16_linear_AttnOnlyTrue_PE-absolute_ResTrue_LR0.0001,HMM,3,2,linear,True,absolute,True,2,2,16,0.0001,0.857842,0.843700,0.857842,0.159481
HMM_V3_O2,L2_H1_D16_linear_AttnOnlyTrue_PE-absolute_ResFalse_LR0.0001,HMM,3,2,linear,True,absolute,False,2,1,16,0.0001,1.267836,1.271770,1.267836,0.478208
HMM_V3_O2,L2_H2_D16_linear_AttnOnlyTrue_PE-absolute_ResFalse_LR0.0001,HMM,3,2,linear,True,absolute,False,2,2,16,0.0001,1.061726,1.059425,1.061726,0.050866
HMM_V3_O2,L2_H1_D16_linear_AttnOnlyTrue_PE-rope_ResTrue_LR0.0001,HMM,3,2,linear,True,rope,True,2,1,16,0.0001,1.552186,1.548459,1.552186,0.652670
HMM_V3_O2,L2_H2_D16_linear_AttnOnlyTrue_PE-rope_ResTrue_LR0.0001,HMM,3,2,linear,True,rope,True,2,2,16,0.0001,1.201532,1.204092,1.201532,0.300258
HMM_V3_O2,L2_H1_D16_linear_AttnOnlyTrue_PE-rope_ResFalse_LR0.0001,HMM,3,2,linear,True,rope,False,2,1,16,0.0001,1.053624,1.055103,1.053623,0.194770
HMM_V3_O2,L2_H2_D16_linear_AttnOnlyTrue_PE-rope_ResFalse_LR0.0001,HMM,3,2,linear,True,rope,False,2,2,16,0.0001,1.146796,1.151173,1.146796,0.117011
HMM_V3_O2,L2_H1_D16_linear_AttnOnlyFalse_PE-absolute_ResTrue_LR0.0001,HMM,3,2,linear,False,absolute,True,2,1,16,0.0001,1.523360,1.537050,1.523360,0.532730
HMM_V3_O2,L2_H2_D16_linear_AttnOnlyFalse_PE-absolute_ResTrue_LR0.0001,HMM,3,2,linear,False,absolute,True,2,2,16,0.0001,1.088576,1.090817,1.088576,0.293098
HMM_V3_O2,L2_H1_D16_linear_AttnOnlyFalse_PE-absolute_ResFalse_LR0.0001,HMM,3,2,linear,False,absolute,False,2,1,16,0.0001,1.067274,1.068507,1.067274,0.174639
HMM_V3_O2,L2_H2_D16_linear_AttnOnlyFalse_PE-absolute_ResFalse_LR0.0001,HMM,3,2,linear,False,absolute,False,2,2,16,0.0001,1.107263,1.100683,1.107263,0.019030
HMM_V3_O2,L2_H1_D16_linear_AttnOnlyFalse_PE-rope_ResTrue_LR0.0001,HMM,3,2,linear,False,rope,True,2,1,16,0.0001,1.324793,1.336436,1.324793,0.359582
HMM_V3_O2,L2_H2_D16_linear_AttnOnlyFalse_PE-rope_ResTrue_LR0.0001,HMM,3,2,linear,False,rope,True,2,2,16,0.0001,1.555290,1.578757,1.555290,0.510686
HMM_V3_O2,L2_H1_D16_linear_AttnOnlyFalse_PE-rope_ResFalse_LR0.0001,HMM,3,2,linear,False,rope,False,2,1,16,0.0001,0.996416,0.995460,0.996416,0.236823
HMM_V3_O2,L2_H2_D16_linear_AttnOnlyFalse_PE-rope_ResFalse_LR0.0001,HMM,3,2,linear,False,rope,False,2,2,16,0.0001,1.204518,1.202243,1.204518,0.416900
HMM_V3_O2,L1_H1_D16_performer_AttnOnlyTrue_PE-absolute_ResTrue_LR0.0001,HMM,3,2,performer,True,absolute,True,1,1,16,0.0001,0.866954,0.873493,0.866954,0.067926
HMM_V3_O2,L1_H2_D16_performer_AttnOnlyTrue_PE-absolute_ResTrue_LR0.0001,HMM,3,2,performer,True,absolute,True,1,2,16,0.0001,1.046054,1.044027,1.046054,0.057846
HMM_V3_O2,L1_H1_D16_performer_AttnOnlyTrue_PE-absolute_ResFalse_LR0.0001,HMM,3,2,performer,True,absolute,False,1,1,16,0.0001,1.496976,1.502147,1.496976,0.567703
HMM_V3_O2,L1_H2_D16_performer_AttnOnlyTrue_PE-absolute_ResFalse_LR0.0001,HMM,3,2,performer,True,absolute,False,1,2,16,0.0001,1.209236,1.204195,1.209236,0.230126
HMM_V3_O2,L1_H1_D16_performer_AttnOnlyTrue_PE-rope_ResTrue_LR0.0001,HMM,3,2,performer,True,rope,True,1,1,16,0.0001,1.344737,1.352778,1.344737,0.455574
HMM_V3_O2,L1_H2_D16_performer_AttnOnlyTrue_PE-rope_ResTrue_LR0.0001,HMM,3,2,performer,True,rope,True,1,2,16,0.0001,1.112029,1.123410,1.112029,0.036836
HMM_V3_O2,L1_H1_D16_performer_AttnOnlyTrue_PE-rope_ResFalse_LR0.0001,HMM,3,2,performer,True,rope,False,1,1,16,0.0001,1.660720,1.679923,1.660720,0.725633
HMM_V3_O2,L1_H2_D16_performer_AttnOnlyTrue_PE-rope_ResFalse_LR0.0001,HMM,3,2,performer,True,rope,False,1,2,16,0.0001,0.898755,0.900145,0.898755,0.254016
HMM_V3_O2,L1_H1_D16_performer_AttnOnlyFalse_PE-absolute_ResTrue_LR0.0001,HMM,3,2,performer,False,absolute,True,1,1,16,0.0001,1.089920,1.089439,1.089920,0.081476
HMM_V3_O2,L1_H2_D16_performer_AttnOnlyFalse_PE-absolute_ResTrue_LR0.0001,HMM,3,2,performer,False,absolute,True,1,2,16,0.0001,1.200644,1.206466,1.200644,0.207756
HMM_V3_O2,L1_H1_D16_performer_AttnOnlyFalse_PE-absolute_ResFalse_LR0.0001,HMM,3,2,performer,False,absolute,False,1,1,16,0.0001,1.541345,1.540580,1.541345,0.459390
HMM_V3_O2,L1_H2_D16_performer_AttnOnlyFalse_PE-absolute_ResFalse_LR0.0001,HMM,3,2,performer,False,absolute,False,1,2,16,0.0001,1.207471,1.198491,1.207471,0.303149
HMM_V3_O2,L1_H1_D16_performer_AttnOnlyFalse_PE-rope_ResTrue_LR0.0001,HMM,3,2,performer,False,rope,True,1,1,16,0.0001,1.113221,1.113671,1.113221,0.170144
HMM_V3_O2,L1_H2_D16_performer_AttnOnlyFalse_PE-rope_ResTrue_LR0.0001,HMM,3,2,performer,False,rope,True,1,2,16,0.0001,1.268217,1.266633,1.268217,0.247357
HMM_V3_O2,L1_H1_D16_performer_AttnOnlyFalse_PE-rope_ResFalse_LR0.0001,HMM,3,2,performer,False,rope,False,1,1,16,0.0001,1.016566,1.017626,1.016566,0.155363
HMM_V3_O2,L1_H2_D16_performer_AttnOnlyFalse_PE-rope_ResFalse_LR0.0001,HMM,3,2,performer,False,rope,False,1,2,16,0.0001,1.232893,1.233475,1.232893,0.387922
HMM_V3_O2,L1_H1_D16_standard_AttnOnlyTrue_PE-absolute_ResTrue_LR0.0001,HMM,3,2,standard,True,absolute,True,1,1,16,0.0001,1.314413,1.312813,1.314413,0.303499
HMM_V3_O2,L1_H2_D16_standard_AttnOnlyTrue_PE-absolute_ResTrue_LR0.0001,HMM,3,2,standard,True,absolute,True,1,2,16,0.0001,0.973531,0.986114,0.973531,0.045794
HMM_V3_O2,L1_H1_D16_standard_AttnOnlyTrue_PE-absolute_ResFalse_LR0.0001,HMM,3,2,standard,True,absolute,False,1,1,16,0.0001,0.717090,0.713880,0.717090,0.088302
HMM_V3_O2,L1_H2_D16_standard_AttnOnlyTrue_PE-absolute_ResFalse_LR0.0001,HMM,3,2,standard,True,absolute,False,1,2,16,0.0001,1.008417,1.013662,1.008417,0.123799
HMM_V3_O2,L1_H1_D16_standard_AttnOnlyTrue_PE-rpe_ResTrue_LR0.0001,HMM,3,2,standard,True,rpe,True,1,1,16,0.0001,0.961941,0.966891,0.961941,0.139694
HMM_V3_O2,L1_H2_D16_standard_AttnOnlyTrue_PE-rpe_ResTrue_LR0.0001,HMM,3,2,standard,True,rpe,True,1,2,16,0.0001,1.193320,1.209156,1.193320,0.272620
HMM_V3_O2,L1_H1_D16_standard_AttnOnlyTrue_PE-rpe_ResFalse_LR0.0001,HMM,3,2,standard,True,rpe,False,1,1,16,0.0001,1.937248,1.926498,1.937248,0.871029
HMM_V3_O2,L1_H2_D16_standard_AttnOnlyTrue_PE-rpe_ResFalse_LR0.0001,HMM,3,2,standard,True,rpe,False,1,2,16,0.0001,1.264623,1.274812,1.264623,0.272550
HMM_V3_O2,L1_H1_D16_standard_AttnOnlyTrue_PE-rope_ResTrue_LR0.0001,HMM,3,2,standard,True,rope,True,1,1,16,0.0001,1.152759,1.155079,1.152759,0.140684
HMM_V3_O2,L1_H2_D16_standard_AttnOnlyTrue_PE-rope_ResTrue_LR0.0001,HMM,3,2,standard,True,rope,True,1,2,16,0.0001,1.069949,1.062925,1.069949,0.107151
HMM_V3_O2,L1_H1_D16_standard_AttnOnlyTrue_PE-rope_ResFalse_LR0.0001,HMM,3,2,standard,True,rope,False,1,1,16,0.0001,1.900928,1.902343,1.900928,0.883859
HMM_V3_O2,L1_H2_D16_standard_AttnOnlyTrue_PE-rope_ResFalse_LR0.0001,HMM,3,2,standard,True,rope,False,1,2,16,0.0001,1.225434,1.238032,1.225434,0.351854
HMM_V3_O2,L1_H1_D16_standard_AttnOnlyFalse_PE-absolute_ResTrue_LR0.0001,HMM,3,2,standard,False,absolute,True,1,1,16,0.0001,1.058536,1.067187,1.058536,0.187018
HMM_V3_O2,L1_H2_D16_standard_AttnOnlyFalse_PE-absolute_ResTrue_LR0.0001,HMM,3,2,standard,False,absolute,True,1,2,16,0.0001,1.069641,1.066555,1.069640,0.110592
HMM_V3_O2,L1_H1_D16_standard_AttnOnlyFalse_PE-absolute_ResFalse_LR0.0001,HMM,3,2,standard,False,absolute,False,1,1,16,0.0001,1.059064,1.058605,1.059064,0.184454
HMM_V3_O2,L1_H2_D16_standard_AttnOnlyFalse_PE-absolute_ResFalse_LR0.0001,HMM,3,2,standard,False,absolute,False,1,2,16,0.0001,1.157892,1.159740,1.157892,0.150227
HMM_V3_O2,L1_H1_D16_standard_AttnOnlyFalse_PE-rpe_ResTrue_LR0.0001,HMM,3,2,standard,False,rpe,True,1,1,16,0.0001,0.978483,0.977759,0.978483,0.105462
HMM_V3_O2,L1_H2_D16_standard_AttnOnlyFalse_PE-rpe_ResTrue_LR0.0001,HMM,3,2,standard,False,rpe,True,1,2,16,0.0001,1.096054,1.094905,1.096054,0.273057
HMM_V3_O2,L1_H1_D16_standard_AttnOnlyFalse_PE-rpe_ResFalse_LR0.0001,HMM,3,2,standard,False,rpe,False,1,1,16,0.0001,1.154965,1.150938,1.154965,0.189386
HMM_V3_O2,L1_H2_D16_standard_AttnOnlyFalse_PE-rpe_ResFalse_LR0.0001,HMM,3,2,standard,False,rpe,False,1,2,16,0.0001,1.236166,1.214526,1.236166,0.435678
HMM_V3_O2,L1_H1_D16_standard_AttnOnlyFalse_PE-rope_ResTrue_LR0.0001,HMM,3,2,standard,False,rope,True,1,1,16,0.0001,1.197212,1.195822,1.197212,0.281809
HMM_V3_O2,L1_H2_D16_standard_AttnOnlyFalse_PE-rope_ResTrue_LR0.0001,HMM,3,2,standard,False,rope,True,1,2,16,0.0001,1.264918,1.269131,1.264918,0.448536
HMM_V3_O2,L1_H1_D16_standard_AttnOnlyFalse_PE-rope_ResFalse_LR0.0001,HMM,3,2,standard,False,rope,False,1,1,16,0.0001,1.457456,1.459355,1.457456,0.542122
HMM_V3_O2,L1_H2_D16_standard_AttnOnlyFalse_PE-rope_ResFalse_LR0.0001,HMM,3,2,standard,False,rope,False,1,2,16,0.0001,0.914758,0.912738,0.914758,0.146001
HMM_V3_O2,L1_H1_D16_linear_AttnOnlyTrue_PE-absolute_ResTrue_LR0.0001,HMM,3,2,linear,True,absolute,True,1,1,16,0.0001,1.237991,1.231509,1.237991,0.183771
HMM_V3_O2,L1_H2_D16_linear_AttnOnlyTrue_PE-absolute_ResTrue_LR0.0001,HMM,3,2,linear,True,absolute,True,1,2,16,0.0001,1.857237,1.865249,1.857237,1.388013
HMM_V3_O2,L1_H1_D16_linear_AttnOnlyTrue_PE-absolute_ResFalse_LR0.0001,HMM,3,2,linear,True,absolute,False,1,1,16,0.0001,1.064857,1.075043,1.064857,0.051959
HMM_V3_O2,L1_H2_D16_linear_AttnOnlyTrue_PE-absolute_ResFalse_LR0.0001,HMM,3,2,linear,True,absolute,False,1,2,16,0.0001,1.339568,1.350723,1.339568,0.428802
HMM_V3_O2,L1_H1_D16_linear_AttnOnlyTrue_PE-rope_ResTrue_LR0.0001,HMM,3,2,linear,True,rope,True,1,1,16,0.0001,1.662972,1.683342,1.662972,0.684232
HMM_V3_O2,L1_H2_D16_linear_AttnOnlyTrue_PE-rope_ResTrue_LR0.0001,HMM,3,2,linear,True,rope,True,1,2,16,0.0001,1.301612,1.303069,1.301612,0.261131
HMM_V3_O2,L1_H1_D16_linear_AttnOnlyTrue_PE-rope_ResFalse_LR0.0001,HMM,3,2,linear,True,rope,False,1,1,16,0.0001,1.085363,1.080717,1.085362,0.030619
HMM_V3_O2,L1_H2_D16_linear_AttnOnlyTrue_PE-rope_ResFalse_LR0.0001,HMM,3,2,linear,True,rope,False,1,2,16,0.0001,1.937162,1.948217,1.937162,0.982340
HMM_V3_O2,L1_H1_D16_linear_AttnOnlyFalse_PE-absolute_ResTrue_LR0.0001,HMM,3,2,linear,False,absolute,True,1,1,16,0.0001,1.142567,1.146380,1.142567,0.061213
HMM_V3_O2,L1_H2_D16_linear_AttnOnlyFalse_PE-absolute_ResTrue_LR0.0001,HMM,3,2,linear,False,absolute,True,1,2,16,0.0001,0.989373,0.988481,0.989373,0.066614
HMM_V3_O2,L1_H1_D16_linear_AttnOnlyFalse_PE-absolute_ResFalse_LR0.0001,HMM,3,2,linear,False,absolute,False,1,1,16,0.0001,1.394815,1.377141,1.394815,0.491752
HMM_V3_O2,L1_H2_D16_linear_AttnOnlyFalse_PE-absolute_ResFalse_LR0.0001,HMM,3,2,linear,False,absolute,False,1,2,16,0.0001,1.627642,1.628843,1.627642,0.566101
HMM_V3_O2,L1_H1_D16_linear_AttnOnlyFalse_PE-rope_ResTrue_LR0.0001,HMM,3,2,linear,False,rope,True,1,1,16,0.0001,1.097744,1.082773,1.097744,0.179698
HMM_V3_O2,L1_H2_D16_linear_AttnOnlyFalse_PE-rope_ResTrue_LR0.0001,HMM,3,2,linear,False,rope,True,1,2,16,0.0001,1.556027,1.552505,1.556027,0.580328
HMM_V3_O2,L1_H1_D16_linear_AttnOnlyFalse_PE-rope_ResFalse_LR0.0001,HMM,3,2,linear,False,rope,False,1,1,16,0.0001,0.923508,0.926213,0.923508,0.460714
HMM_V3_O2,L1_H2_D16_linear_AttnOnlyFalse_PE-rope_ResFalse_LR0.0001,HMM,3,2,linear,False,rope,False,1,2,16,0.0001,1.071385,1.072718,1.071385,0.040165
HMM_V3_O1,L2_H1_D16_performer_AttnOnlyTrue_PE-absolute_ResTrue_LR0.0001,HMM,3,1,performer,True,absolute,True,2,1,16,0.0001,1.142015,1.144566,1.142015,0.095284
HMM_V3_O1,L2_H2_D16_performer_AttnOnlyTrue_PE-absolute_ResTrue_LR0.0001,HMM,3,1,performer,True,absolute,True,2,2,16,0.0001,1.259773,1.260568,1.259773,0.552086
HMM_V3_O1,L2_H1_D16_performer_AttnOnlyTrue_PE-absolute_ResFalse_LR0.0001,HMM,3,1,performer,True,absolute,False,2,1,16,0.0001,1.608670,1.610469,1.608670,1.054681
HMM_V3_O1,L2_H2_D16_performer_AttnOnlyTrue_PE-absolute_ResFalse_LR0.0001,HMM,3,1,performer,True,absolute,False,2,2,16,0.0001,1.408186,1.421016,1.408186,0.411938
HMM_V3_O1,L2_H1_D16_performer_AttnOnlyTrue_PE-rope_ResTrue_LR0.0001,HMM,3,1,performer,True,rope,True,2,1,16,0.0001,1.094480,1.094629,1.094480,0.201122
HMM_V3_O1,L2_H2_D16_performer_AttnOnlyTrue_PE-rope_ResTrue_LR0.0001,HMM,3,1,performer,True,rope,True,2,2,16,0.0001,1.997292,1.991854,1.997292,1.077682
HMM_V3_O1,L2_H1_D16_performer_AttnOnlyTrue_PE-rope_ResFalse_LR0.0001,HMM,3,1,performer,True,rope,False,2,1,16,0.0001,1.362316,1.372052,1.362316,0.388779
HMM_V3_O1,L2_H2_D16_performer_AttnOnlyTrue_PE-rope_ResFalse_LR0.0001,HMM,3,1,performer,True,rope,False,2,2,16,0.0001,1.436368,1.439910,1.436368,0.463512
HMM_V3_O1,L2_H1_D16_performer_AttnOnlyFalse_PE-absolute_ResTrue_LR0.0001,HMM,3,1,performer,False,absolute,True,2,1,16,0.0001,1.464306,1.469776,1.464306,0.390108
HMM_V3_O1,L2_H2_D16_performer_AttnOnlyFalse_PE-absolute_ResTrue_LR0.0001,HMM,3,1,performer,False,absolute,True,2,2,16,0.0001,1.122483,1.128997,1.122483,0.078348
HMM_V3_O1,L2_H1_D16_performer_AttnOnlyFalse_PE-absolute_ResFalse_LR0.0001,HMM,3,1,performer,False,absolute,False,2,1,16,0.0001,1.882961,1.887147,1.882961,1.017085
HMM_V3_O1,L2_H2_D16_performer_AttnOnlyFalse_PE-absolute_ResFalse_LR0.0001,HMM,3,1,performer,False,absolute,False,2,2,16,0.0001,1.238276,1.239150,1.238276,0.221801
HMM_V3_O1,L2_H1_D16_performer_AttnOnlyFalse_PE-rope_ResTrue_LR0.0001,HMM,3,1,performer,False,rope,True,2,1,16,0.0001,1.253744,1.253744,1.253744,0.197875
HMM_V3_O1,L2_H2_D16_performer_AttnOnlyFalse_PE-rope_ResTrue_LR0.0001,HMM,3,1,performer,False,rope,True,2,2,16,0.0001,1.145778,1.147231,1.145778,0.148791
HMM_V3_O1,L2_H1_D16_performer_AttnOnlyFalse_PE-rope_ResFalse_LR0.0001,HMM,3,1,performer,False,rope,False,2,1,16,0.0001,1.629131,1.639026,1.629131,0.582442
HMM_V3_O1,L2_H2_D16_performer_AttnOnlyFalse_PE-rope_ResFalse_LR0.0001,HMM,3,1,performer,False,rope,False,2,2,16,0.0001,1.300702,1.306831,1.300702,0.270161
HMM_V3_O1,L2_H1_D16_standard_AttnOnlyTrue_PE-absolute_ResTrue_LR0.0001,HMM,3,1,standard,True,absolute,True,2,1,16,0.0001,1.119586,1.117787,1.119586,0.291364
HMM_V3_O1,L2_H2_D16_standard_AttnOnlyTrue_PE-absolute_ResTrue_LR0.0001,HMM,3,1,standard,True,absolute,True,2,2,16,0.0001,1.282216,1.277432,1.282216,0.294919
HMM_V3_O1,L2_H1_D16_standard_AttnOnlyTrue_PE-absolute_ResFalse_LR0.0001,HMM,3,1,standard,True,absolute,False,2,1,16,0.0001,1.607573,1.616320,1.607573,0.595291
HMM_V3_O1,L2_H2_D16_standard_AttnOnlyTrue_PE-absolute_ResFalse_LR0.0001,HMM,3,1,standard,True,absolute,False,2,2,16,0.0001,1.317637,1.323377,1.317637,0.399025
HMM_V3_O1,L2_H1_D16_standard_AttnOnlyTrue_PE-rpe_ResTrue_LR0.0001,HMM,3,1,standard,True,rpe,True,2,1,16,0.0001,1.194415,1.177070,1.194415,0.114856
HMM_V3_O1,L2_H2_D16_standard_AttnOnlyTrue_PE-rpe_ResTrue_LR0.0001,HMM,3,1,standard,True,rpe,True,2,2,16,0.0001,1.211291,1.213003,1.211291,0.136769
HMM_V3_O1,L2_H1_D16_standard_AttnOnlyTrue_PE-rpe_ResFalse_LR0.0001,HMM,3,1,standard,True,rpe,False,2,1,16,0.0001,0.997039,0.993399,0.997038,0.109871
HMM_V3_O1,L2_H2_D16_standard_AttnOnlyTrue_PE-rpe_ResFalse_LR0.0001,HMM,3,1,standard,True,rpe,False,2,2,16,0.0001,1.251078,1.248959,1.251078,0.613533
HMM_V3_O1,L2_H1_D16_standard_AttnOnlyTrue_PE-rope_ResTrue_LR0.0001,HMM,3,1,standard,True,rope,True,2,1,16,0.0001,1.040776,1.033109,1.040776,0.023869
HMM_V3_O1,L2_H2_D16_standard_AttnOnlyTrue_PE-rope_ResTrue_LR0.0001,HMM,3,1,standard,True,rope,True,2,2,16,0.0001,1.002865,0.979323,1.002865,0.213857
HMM_V3_O1,L2_H1_D16_standard_AttnOnlyTrue_PE-rope_ResFalse_LR0.0001,HMM,3,1,standard,True,rope,False,2,1,16,0.0001,1.329168,1.331067,1.329168,0.406950
HMM_V3_O1,L2_H2_D16_standard_AttnOnlyTrue_PE-rope_ResFalse_LR0.0001,HMM,3,1,standard,True,rope,False,2,2,16,0.0001,1.141497,1.130604,1.141497,0.150718
HMM_V3_O1,L2_H1_D16_standard_AttnOnlyFalse_PE-absolute_ResTrue_LR0.0001,HMM,3,1,standard,False,absolute,True,2,1,16,0.0001,1.193500,1.197451,1.193500,0.170856
HMM_V3_O1,L2_H2_D16_standard_AttnOnlyFalse_PE-absolute_ResTrue_LR0.0001,HMM,3,1,standard,False,absolute,True,2,2,16,0.0001,1.160216,1.174287,1.160216,0.122675
HMM_V3_O1,L2_H1_D16_standard_AttnOnlyFalse_PE-absolute_ResFalse_LR0.0001,HMM,3,1,standard,False,absolute,False,2,1,16,0.0001,0.994305,0.990092,0.994305,0.008537
HMM_V3_O1,L2_H2_D16_standard_AttnOnlyFalse_PE-absolute_ResFalse_LR0.0001,HMM,3,1,standard,False,absolute,False,2,2,16,0.0001,0.798590,0.797445,0.798590,0.328638
HMM_V3_O1,L2_H1_D16_standard_AttnOnlyFalse_PE-rpe_ResTrue_LR0.0001,HMM,3,1,standard,False,rpe,True,2,1,16,0.0001,1.623460,1.609266,1.623460,0.542830
HMM_V3_O1,L2_H2_D16_standard_AttnOnlyFalse_PE-rpe_ResTrue_LR0.0001,HMM,3,1,standard,False,rpe,True,2,2,16,0.0001,2.034899,2.008313,2.034899,1.045519
HMM_V3_O1,L2_H1_D16_standard_AttnOnlyFalse_PE-rpe_ResFalse_LR0.0001,HMM,3,1,standard,False,rpe,False,2,1,16,0.0001,1.174121,1.169244,1.174121,0.118349
HMM_V3_O1,L2_H2_D16_standard_AttnOnlyFalse_PE-rpe_ResFalse_LR0.0001,HMM,3,1,standard,False,rpe,False,2,2,16,0.0001,1.414302,1.409128,1.414302,0.614511
HMM_V3_O1,L2_H1_D16_standard_AttnOnlyFalse_PE-rope_ResTrue_LR0.0001,HMM,3,1,standard,False,rope,True,2,1,16,0.0001,1.085394,1.089075,1.085394,0.095582
HMM_V3_O1,L2_H2_D16_standard_AttnOnlyFalse_PE-rope_ResTrue_LR0.0001,HMM,3,1,standard,False,rope,True,2,2,16,0.0001,1.425584,1.429132,1.425584,0.742946
HMM_V3_O1,L2_H1_D16_standard_AttnOnlyFalse_PE-rope_ResFalse_LR0.0001,HMM,3,1,standard,False,rope,False,2,1,16,0.0001,1.185641,1.185715,1.185641,0.200557
HMM_V3_O1,L2_H2_D16_standard_AttnOnlyFalse_PE-rope_ResFalse_LR0.0001,HMM,3,1,standard,False,rope,False,2,2,16,0.0001,1.687888,1.683135,1.687888,0.726531
HMM_V3_O1,L2_H1_D16_linear_AttnOnlyTrue_PE-absolute_ResTrue_LR0.0001,HMM,3,1,linear,True,absolute,True,2,1,16,0.0001,0.860633,0.861203,0.860633,0.240235
HMM_V3_O1,L2_H2_D16_linear_AttnOnlyTrue_PE-absolute_ResTrue_LR0.0001,HMM,3,1,linear,True,absolute,True,2,2,16,0.0001,0.933496,0.923408,0.933496,0.175641
HMM_V3_O1,L2_H1_D16_linear_AttnOnlyTrue_PE-absolute_ResFalse_LR0.0001,HMM,3,1,linear,True,absolute,False,2,1,16,0.0001,1.036346,1.035565,1.036346,0.168943
HMM_V3_O1,L2_H2_D16_linear_AttnOnlyTrue_PE-absolute_ResFalse_LR0.0001,HMM,3,1,linear,True,absolute,False,2,2,16,0.0001,1.075463,1.079192,1.075463,0.006275
HMM_V3_O1,L2_H1_D16_linear_AttnOnlyTrue_PE-rope_ResTrue_LR0.0001,HMM,3,1,linear,True,rope,True,2,1,16,0.0001,1.235246,1.232495,1.235246,0.286398
HMM_V3_O1,L2_H2_D16_linear_AttnOnlyTrue_PE-rope_ResTrue_LR0.0001,HMM,3,1,linear,True,rope,True,2,2,16,0.0001,1.070962,1.077177,1.070962,0.090524
HMM_V3_O1,L2_H1_D16_linear_AttnOnlyTrue_PE-rope_ResFalse_LR0.0001,HMM,3,1,linear,True,rope,False,2,1,16,0.0001,1.417520,1.415782,1.417521,0.725202
HMM_V3_O1,L2_H2_D16_linear_AttnOnlyTrue_PE-rope_ResFalse_LR0.0001,HMM,3,1,linear,True,rope,False,2,2,16,0.0001,2.389557,2.388473,2.389557,1.410714
HMM_V3_O1,L2_H1_D16_linear_AttnOnlyFalse_PE-absolute_ResTrue_LR0.0001,HMM,3,1,linear,False,absolute,True,2,1,16,0.0001,1.199263,1.202610,1.199263,0.130612
HMM_V3_O1,L2_H2_D16_linear_AttnOnlyFalse_PE-absolute_ResTrue_LR0.0001,HMM,3,1,linear,False,absolute,True,2,2,16,0.0001,1.180628,1.190328,1.180628,0.098342
HMM_V3_O1,L2_H1_D16_linear_AttnOnlyFalse_PE-absolute_ResFalse_LR0.0001,HMM,3,1,linear,False,absolute,False,2,1,16,0.0001,0.993272,0.984777,0.993272,0.268118
HMM_V3_O1,L2_H2_D16_linear_AttnOnlyFalse_PE-absolute_ResFalse_LR0.0001,HMM,3,1,linear,False,absolute,False,2,2,16,0.0001,1.351792,1.336809,1.351792,0.343657
HMM_V3_O1,L2_H1_D16_linear_AttnOnlyFalse_PE-rope_ResTrue_LR0.0001,HMM,3,1,linear,False,rope,True,2,1,16,0.0001,1.559820,1.555047,1.559820,0.641000
HMM_V3_O1,L2_H2_D16_linear_AttnOnlyFalse_PE-rope_ResTrue_LR0.0001,HMM,3,1,linear,False,rope,True,2,2,16,0.0001,1.598594,1.593972,1.598594,0.550567
HMM_V3_O1,L2_H1_D16_linear_AttnOnlyFalse_PE-rope_ResFalse_LR0.0001,HMM,3,1,linear,False,rope,False,2,1,16,0.0001,1.242155,1.235773,1.242155,0.171834
HMM_V3_O1,L2_H2_D16_linear_AttnOnlyFalse_PE-rope_ResFalse_LR0.0001,HMM,3,1,linear,False,rope,False,2,2,16,0.0001,1.153797,1.157341,1.153797,0.154877
HMM_V3_O1,L1_H1_D16_performer_AttnOnlyTrue_PE-absolute_ResTrue_LR0.0001,HMM,3,1,performer,True,absolute,True,1,1,16,0.0001,0.992311,0.996805,0.992311,0.063974
HMM_V3_O1,L1_H2_D16_performer_AttnOnlyTrue_PE-absolute_ResTrue_LR0.0001,HMM,3,1,performer,True,absolute,True,1,2,16,0.0001,0.953631,0.953030,0.953631,0.126884
HMM_V3_O1,L1_H1_D16_performer_AttnOnlyTrue_PE-absolute_ResFalse_LR0.0001,HMM,3,1,performer,True,absolute,False,1,1,16,0.0001,1.570345,1.579888,1.570345,0.488703
HMM_V3_O1,L1_H2_D16_performer_AttnOnlyTrue_PE-absolute_ResFalse_LR0.0001,HMM,3,1,performer,True,absolute,False,1,2,16,0.0001,1.185115,1.181346,1.185115,0.354689
HMM_V3_O1,L1_H1_D16_performer_AttnOnlyTrue_PE-rope_ResTrue_LR0.0001,HMM,3,1,performer,True,rope,True,1,1,16,0.0001,1.166875,1.164688,1.166875,0.268224
HMM_V3_O1,L1_H2_D16_performer_AttnOnlyTrue_PE-rope_ResTrue_LR0.0001,HMM,3,1,performer,True,rope,True,1,2,16,0.0001,0.867371,0.871766,0.867371,0.114873
HMM_V3_O1,L1_H1_D16_performer_AttnOnlyTrue_PE-rope_ResFalse_LR0.0001,HMM,3,1,performer,True,rope,False,1,1,16,0.0001,1.101727,1.098855,1.101727,0.020577
HMM_V3_O1,L1_H2_D16_performer_AttnOnlyTrue_PE-rope_ResFalse_LR0.0001,HMM,3,1,performer,True,rope,False,1,2,16,0.0001,1.279244,1.282533,1.279244,0.376579
HMM_V3_O1,L1_H1_D16_performer_AttnOnlyFalse_PE-absolute_ResTrue_LR0.0001,HMM,3,1,performer,False,absolute,True,1,1,16,0.0001,1.067185,1.052108,1.067185,0.219547
HMM_V3_O1,L1_H2_D16_performer_AttnOnlyFalse_PE-absolute_ResTrue_LR0.0001,HMM,3,1,performer,False,absolute,True,1,2,16,0.0001,1.123722,1.131256,1.123722,0.451052
HMM_V3_O1,L1_H1_D16_performer_AttnOnlyFalse_PE-absolute_ResFalse_LR0.0001,HMM,3,1,performer,False,absolute,False,1,1,16,0.0001,1.274171,1.272838,1.274171,0.303361
HMM_V3_O1,L1_H2_D16_performer_AttnOnlyFalse_PE-absolute_ResFalse_LR0.0001,HMM,3,1,performer,False,absolute,False,1,2,16,0.0001,1.486749,1.462523,1.486749,0.601859
HMM_V3_O1,L1_H1_D16_performer_AttnOnlyFalse_PE-rope_ResTrue_LR0.0001,HMM,3,1,performer,False,rope,True,1,1,16,0.0001,1.079082,1.072295,1.079082,0.183167
HMM_V3_O1,L1_H2_D16_performer_AttnOnlyFalse_PE-rope_ResTrue_LR0.0001,HMM,3,1,performer,False,rope,True,1,2,16,0.0001,1.090222,1.088688,1.090222,0.237997
HMM_V3_O1,L1_H1_D16_performer_AttnOnlyFalse_PE-rope_ResFalse_LR0.0001,HMM,3,1,performer,False,rope,False,1,1,16,0.0001,1.177189,1.185756,1.177189,0.361782
HMM_V3_O1,L1_H2_D16_performer_AttnOnlyFalse_PE-rope_ResFalse_LR0.0001,HMM,3,1,performer,False,rope,False,1,2,16,0.0001,1.461867,1.450669,1.461867,0.604108
HMM_V3_O1,L1_H1_D16_standard_AttnOnlyTrue_PE-absolute_ResTrue_LR0.0001,HMM,3,1,standard,True,absolute,True,1,1,16,0.0001,1.006618,1.008200,1.006618,0.350948
HMM_V3_O1,L1_H2_D16_standard_AttnOnlyTrue_PE-absolute_ResTrue_LR0.0001,HMM,3,1,standard,True,absolute,True,1,2,16,0.0001,1.146269,1.144705,1.146269,0.139201
HMM_V3_O1,L1_H1_D16_standard_AttnOnlyTrue_PE-absolute_ResFalse_LR0.0001,HMM,3,1,standard,True,absolute,False,1,1,16,0.0001,1.043834,1.041969,1.043834,0.054697
HMM_V3_O1,L1_H2_D16_standard_AttnOnlyTrue_PE-absolute_ResFalse_LR0.0001,HMM,3,1,standard,True,absolute,False,1,2,16,0.0001,2.047452,2.039387,2.047452,1.408979
HMM_V3_O1,L1_H1_D16_standard_AttnOnlyTrue_PE-rpe_ResTrue_LR0.0001,HMM,3,1,standard,True,rpe,True,1,1,16,0.0001,1.497179,1.498135,1.497179,0.567702
HMM_V3_O1,L1_H2_D16_standard_AttnOnlyTrue_PE-rpe_ResTrue_LR0.0001,HMM,3,1,standard,True,rpe,True,1,2,16,0.0001,0.927133,0.931993,0.927133,0.136374
HMM_V3_O1,L1_H1_D16_standard_AttnOnlyTrue_PE-rpe_ResFalse_LR0.0001,HMM,3,1,standard,True,rpe,False,1,1,16,0.0001,1.632302,1.639830,1.632302,0.647626
HMM_V3_O1,L1_H2_D16_standard_AttnOnlyTrue_PE-rpe_ResFalse_LR0.0001,HMM,3,1,standard,True,rpe,False,1,2,16,0.0001,1.110821,1.111719,1.110821,0.023752
HMM_V3_O1,L1_H1_D16_standard_AttnOnlyTrue_PE-rope_ResTrue_LR0.0001,HMM,3,1,standard,True,rope,True,1,1,16,0.0001,1.083802,1.085164,1.083802,0.200036
HMM_V3_O1,L1_H2_D16_standard_AttnOnlyTrue_PE-rope_ResTrue_LR0.0001,HMM,3,1,standard,True,rope,True,1,2,16,0.0001,1.138054,1.145454,1.138054,0.192704
HMM_V3_O1,L1_H1_D16_standard_AttnOnlyTrue_PE-rope_ResFalse_LR0.0001,HMM,3,1,standard,True,rope,False,1,1,16,0.0001,1.476441,1.478665,1.476441,0.532743
HMM_V3_O1,L1_H2_D16_standard_AttnOnlyTrue_PE-rope_ResFalse_LR0.0001,HMM,3,1,standard,True,rope,False,1,2,16,0.0001,1.165214,1.171767,1.165214,0.172730
HMM_V3_O1,L1_H1_D16_standard_AttnOnlyFalse_PE-absolute_ResTrue_LR0.0001,HMM,3,1,standard,False,absolute,True,1,1,16,0.0001,1.093085,1.089085,1.093085,0.047749
HMM_V3_O1,L1_H2_D16_standard_AttnOnlyFalse_PE-absolute_ResTrue_LR0.0001,HMM,3,1,standard,False,absolute,True,1,2,16,0.0001,1.243589,1.236748,1.243589,0.166069
HMM_V3_O1,L1_H1_D16_standard_AttnOnlyFalse_PE-absolute_ResFalse_LR0.0001,HMM,3,1,standard,False,absolute,False,1,1,16,0.0001,1.278873,1.279546,1.278872,0.513410
HMM_V3_O1,L1_H2_D16_standard_AttnOnlyFalse_PE-absolute_ResFalse_LR0.0001,HMM,3,1,standard,False,absolute,False,1,2,16,0.0001,2.141413,2.153538,2.141413,1.930822
HMM_V3_O1,L1_H1_D16_standard_AttnOnlyFalse_PE-rpe_ResTrue_LR0.0001,HMM,3,1,standard,False,rpe,True,1,1,16,0.0001,1.032229,1.034366,1.032229,0.105568
HMM_V3_O1,L1_H2_D16_standard_AttnOnlyFalse_PE-rpe_ResTrue_LR0.0001,HMM,3,1,standard,False,rpe,True,1,2,16,0.0001,0.960254,0.963141,0.960254,0.075409
HMM_V3_O1,L1_H1_D16_standard_AttnOnlyFalse_PE-rpe_ResFalse_LR0.0001,HMM,3,1,standard,False,rpe,False,1,1,16,0.0001,1.857849,1.854855,1.857849,1.097401
HMM_V3_O1,L1_H2_D16_standard_AttnOnlyFalse_PE-rpe_ResFalse_LR0.0001,HMM,3,1,standard,False,rpe,False,1,2,16,0.0001,0.951555,0.958912,0.951555,0.235219
HMM_V3_O1,L1_H1_D16_standard_AttnOnlyFalse_PE-rope_ResTrue_LR0.0001,HMM,3,1,standard,False,rope,True,1,1,16,0.0001,1.038852,1.041072,1.038852,0.086165
HMM_V3_O1,L1_H2_D16_standard_AttnOnlyFalse_PE-rope_ResTrue_LR0.0001,HMM,3,1,standard,False,rope,True,1,2,16,0.0001,1.007539,1.004169,1.007539,0.107593
HMM_V3_O1,L1_H1_D16_standard_AttnOnlyFalse_PE-rope_ResFalse_LR0.0001,HMM,3,1,standard,False,rope,False,1,1,16,0.0001,1.223942,1.232874,1.223942,0.217451
HMM_V3_O1,L1_H2_D16_standard_AttnOnlyFalse_PE-rope_ResFalse_LR0.0001,HMM,3,1,standard,False,rope,False,1,2,16,0.0001,1.118988,1.110226,1.118988,0.127524
HMM_V3_O1,L1_H1_D16_linear_AttnOnlyTrue_PE-absolute_ResTrue_LR0.0001,HMM,3,1,linear,True,absolute,True,1,1,16,0.0001,1.514204,1.516828,1.514204,0.636198
HMM_V3_O1,L1_H2_D16_linear_AttnOnlyTrue_PE-absolute_ResTrue_LR0.0001,HMM,3,1,linear,True,absolute,True,1,2,16,0.0001,1.429944,1.433065,1.429944,0.398270
HMM_V3_O1,L1_H1_D16_linear_AttnOnlyTrue_PE-absolute_ResFalse_LR0.0001,HMM,3,1,linear,True,absolute,False,1,1,16,0.0001,1.469223,1.462863,1.469223,0.910710
HMM_V3_O1,L1_H2_D16_linear_AttnOnlyTrue_PE-absolute_ResFalse_LR0.0001,HMM,3,1,linear,True,absolute,False,1,2,16,0.0001,1.566464,1.564453,1.566464,0.505660
HMM_V3_O1,L1_H1_D16_linear_AttnOnlyTrue_PE-rope_ResTrue_LR0.0001,HMM,3,1,linear,True,rope,True,1,1,16,0.0001,1.124619,1.128047,1.124619,0.324325
HMM_V3_O1,L1_H2_D16_linear_AttnOnlyTrue_PE-rope_ResTrue_LR0.0001,HMM,3,1,linear,True,rope,True,1,2,16,0.0001,1.092605,1.092549,1.092605,0.177219
HMM_V3_O1,L1_H1_D16_linear_AttnOnlyTrue_PE-rope_ResFalse_LR0.0001,HMM,3,1,linear,True,rope,False,1,1,16,0.0001,1.441758,1.445842,1.441757,0.442026
HMM_V3_O1,L1_H2_D16_linear_AttnOnlyTrue_PE-rope_ResFalse_LR0.0001,HMM,3,1,linear,True,rope,False,1,2,16,0.0001,1.294420,1.298504,1.294420,0.256893
HMM_V3_O1,L1_H1_D16_linear_AttnOnlyFalse_PE-absolute_ResTrue_LR0.0001,HMM,3,1,linear,False,absolute,True,1,1,16,0.0001,1.714896,1.740434,1.714896,0.754666
HMM_V3_O1,L1_H2_D16_linear_AttnOnlyFalse_PE-absolute_ResTrue_LR0.0001,HMM,3,1,linear,False,absolute,True,1,2,16,0.0001,1.017374,1.030859,1.017374,0.053430
HMM_V3_O1,L1_H1_D16_linear_AttnOnlyFalse_PE-absolute_ResFalse_LR0.0001,HMM,3,1,linear,False,absolute,False,1,1,16,0.0001,1.286129,1.269308,1.286129,0.261711
HMM_V3_O1,L1_H2_D16_linear_AttnOnlyFalse_PE-absolute_ResFalse_LR0.0001,HMM,3,1,linear,False,absolute,False,1,2,16,0.0001,0.874914,0.873768,0.874914,0.110358
HMM_V3_O1,L1_H1_D16_linear_AttnOnlyFalse_PE-rope_ResTrue_LR0.0001,HMM,3,1,linear,False,rope,True,1,1,16,0.0001,1.098314,1.096663,1.098314,0.165095
HMM_V3_O1,L1_H2_D16_linear_AttnOnlyFalse_PE-rope_ResTrue_LR0.0001,HMM,3,1,linear,False,rope,True,1,2,16,0.0001,1.908444,1.919714,1.908444,0.833035
HMM_V3_O1,L1_H1_D16_linear_AttnOnlyFalse_PE-rope_ResFalse_LR0.0001,HMM,3,1,linear,False,rope,False,1,1,16,0.0001,1.019289,1.019341,1.019289,0.285189
HMM_V3_O1,L1_H2_D16_linear_AttnOnlyFalse_PE-rope_ResFalse_LR0.0001,HMM,3,1,linear,False,rope,False,1,2,16,0.0001,1.131521,1.137607,1.131521,0.078586
ICL-HMM_V2_O2,L2_H1_D16_performer_AttnOnlyTrue_PE-absolute_ResTrue_LR0.0001,ICL-HMM,2,2,performer,True,absolute,True,2,1,16,0.0001,0.603126,0.596141,0.603126,0.029450
ICL-HMM_V2_O2,L2_H2_D16_performer_AttnOnlyTrue_PE-absolute_ResTrue_LR0.0001,ICL-HMM,2,2,performer,True,absolute,True,2,2,16,0.0001,0.585181,0.590683,0.585181,0.026103
ICL-HMM_V2_O2,L2_H1_D16_performer_AttnOnlyTrue_PE-absolute_ResFalse_LR0.0001,ICL-HMM,2,2,performer,True,absolute,False,2,1,16,0.0001,0.596907,0.593815,0.596907,0.028264
ICL-HMM_V2_O2,L2_H2_D16_performer_AttnOnlyTrue_PE-absolute_ResFalse_LR0.0001,ICL-HMM,2,2,performer,True,absolute,False,2,2,16,0.0001,0.594787,0.591517,0.594787,0.027206
ICL-HMM_V2_O2,L2_H1_D16_performer_AttnOnlyTrue_PE-rope_ResTrue_LR0.0001,ICL-HMM,2,2,performer,True,rope,True,2,1,16,0.0001,0.586158,0.589517,0.586158,0.028064
ICL-HMM_V2_O2,L2_H2_D16_performer_AttnOnlyTrue_PE-rope_ResTrue_LR0.0001,ICL-HMM,2,2,performer,True,rope,True,2,2,16,0.0001,0.587237,0.589785,0.587237,0.029776
ICL-HMM_V2_O2,L2_H1_D16_performer_AttnOnlyTrue_PE-rope_ResFalse_LR0.0001,ICL-HMM,2,2,performer,True,rope,False,2,1,16,0.0001,0.593324,0.594158,0.593324,0.029361
ICL-HMM_V2_O2,L2_H2_D16_performer_AttnOnlyTrue_PE-rope_ResFalse_LR0.0001,ICL-HMM,2,2,performer,True,rope,False,2,2,16,0.0001,0.590009,0.591465,0.590009,0.027931
ICL-HMM_V2_O2,L2_H1_D16_performer_AttnOnlyFalse_PE-absolute_ResTrue_LR0.0001,ICL-HMM,2,2,performer,False,absolute,True,2,1,16,0.0001,0.589057,0.592096,0.589057,0.027716
ICL-HMM_V2_O2,L2_H2_D16_performer_AttnOnlyFalse_PE-absolute_ResTrue_LR0.0001,ICL-HMM,2,2,performer,False,absolute,True,2,2,16,0.0001,0.596999,0.594115,0.596999,0.027739
ICL-HMM_V2_O2,L2_H1_D16_performer_AttnOnlyFalse_PE-absolute_ResFalse_LR0.0001,ICL-HMM,2,2,performer,False,absolute,False,2,1,16,0.0001,0.598334,0.593070,0.598334,0.026600
ICL-HMM_V2_O2,L2_H2_D16_performer_AttnOnlyFalse_PE-absolute_ResFalse_LR0.0001,ICL-HMM,2,2,performer,False,absolute,False,2,2,16,0.0001,0.594388,0.591277,0.594388,0.027364
ICL-HMM_V2_O2,L2_H1_D16_performer_AttnOnlyFalse_PE-rope_ResTrue_LR0.0001,ICL-HMM,2,2,performer,False,rope,True,2,1,16,0.0001,0.597120,0.593082,0.597120,0.028305
ICL-HMM_V2_O2,L2_H2_D16_performer_AttnOnlyFalse_PE-rope_ResTrue_LR0.0001,ICL-HMM,2,2,performer,False,rope,True,2,2,16,0.0001,0.587154,0.592651,0.587154,0.026697
ICL-HMM_V2_O2,L2_H1_D16_performer_AttnOnlyFalse_PE-rope_ResFalse_LR0.0001,ICL-HMM,2,2,performer,False,rope,False,2,1,16,0.0001,0.598063,0.596778,0.598063,0.028464
ICL-HMM_V2_O2,L2_H2_D16_performer_AttnOnlyFalse_PE-rope_ResFalse_LR0.0001,ICL-HMM,2,2,performer,False,rope,False,2,2,16,0.0001,0.595129,0.595880,0.595129,0.029137
ICL-HMM_V2_O2,L2_H1_D16_standard_AttnOnlyTrue_PE-absolute_ResTrue_LR0.0001,ICL-HMM,2,2,standard,True,absolute,True,2,1,16,0.0001,0.600830,0.592689,0.600830,0.026937
ICL-HMM_V2_O2,L2_H2_D16_standard_AttnOnlyTrue_PE-absolute_ResTrue_LR0.0001,ICL-HMM,2,2,standard,True,absolute,True,2,2,16,0.0001,0.589024,0.592454,0.589024,0.026865
ICL-HMM_V2_O2,L2_H1_D16_standard_AttnOnlyTrue_PE-absolute_ResFalse_LR0.0001,ICL-HMM,2,2,standard,True,absolute,False,2,1,16,0.0001,0.576955,0.589739,0.576955,0.027027
ICL-HMM_V2_O2,L2_H2_D16_standard_AttnOnlyTrue_PE-absolute_ResFalse_LR0.0001,ICL-HMM,2,2,standard,True,absolute,False,2,2,16,0.0001,0.585651,0.593752,0.585651,0.026817
ICL-HMM_V2_O2,L2_H1_D16_standard_AttnOnlyTrue_PE-rpe_ResTrue_LR0.0001,ICL-HMM,2,2,standard,True,rpe,True,2,1,16,0.0001,0.590576,0.594519,0.590576,0.029943
ICL-HMM_V2_O2,L2_H2_D16_standard_AttnOnlyTrue_PE-rpe_ResTrue_LR0.0001,ICL-HMM,2,2,standard,True,rpe,True,2,2,16,0.0001,0.597728,0.590381,0.597728,0.028274
ICL-HMM_V2_O2,L2_H1_D16_standard_AttnOnlyTrue_PE-rpe_ResFalse_LR0.0001,ICL-HMM,2,2,standard,True,rpe,False,2,1,16,0.0001,0.594216,0.596747,0.594216,0.028221
ICL-HMM_V2_O2,L2_H2_D16_standard_AttnOnlyTrue_PE-rpe_ResFalse_LR0.0001,ICL-HMM,2,2,standard,True,rpe,False,2,2,16,0.0001,0.595397,0.594831,0.595397,0.028398
ICL-HMM_V2_O2,L2_H1_D16_standard_AttnOnlyTrue_PE-rope_ResTrue_LR0.0001,ICL-HMM,2,2,standard,True,rope,True,2,1,16,0.0001,0.608101,0.592282,0.608101,0.028441
ICL-HMM_V2_O2,L2_H2_D16_standard_AttnOnlyTrue_PE-rope_ResTrue_LR0.0001,ICL-HMM,2,2,standard,True,rope,True,2,2,16,0.0001,0.604603,0.596886,0.604603,0.028017
ICL-HMM_V2_O2,L2_H1_D16_standard_AttnOnlyTrue_PE-rope_ResFalse_LR0.0001,ICL-HMM,2,2,standard,True,rope,False,2,1,16,0.0001,0.603140,0.599010,0.603140,0.029881
ICL-HMM_V2_O2,L2_H2_D16_standard_AttnOnlyTrue_PE-rope_ResFalse_LR0.0001,ICL-HMM,2,2,standard,True,rope,False,2,2,16,0.0001,0.583417,0.589072,0.583417,0.026723
ICL-HMM_V2_O2,L2_H1_D16_standard_AttnOnlyFalse_PE-absolute_ResTrue_LR0.0001,ICL-HMM,2,2,standard,False,absolute,True,2,1,16,0.0001,0.592654,0.594322,0.592654,0.028746
ICL-HMM_V2_O2,L2_H2_D16_standard_AttnOnlyFalse_PE-absolute_ResTrue_LR0.0001,ICL-HMM,2,2,standard,False,absolute,True,2,2,16,0.0001,0.590052,0.591439,0.590052,0.026953
ICL-HMM_V2_O2,L2_H1_D16_standard_AttnOnlyFalse_PE-absolute_ResFalse_LR0.0001,ICL-HMM,2,2,standard,False,absolute,False,2,1,16,0.0001,0.594839,0.595331,0.594839,0.029287
ICL-HMM_V2_O2,L2_H2_D16_standard_AttnOnlyFalse_PE-absolute_ResFalse_LR0.0001,ICL-HMM,2,2,standard,False,absolute,False,2,2,16,0.0001,0.597275,0.591908,0.597275,0.028689
ICL-HMM_V2_O2,L2_H1_D16_standard_AttnOnlyFalse_PE-rpe_ResTrue_LR0.0001,ICL-HMM,2,2,standard,False,rpe,True,2,1,16,0.0001,0.587618,0.592478,0.587618,0.027930
ICL-HMM_V2_O2,L2_H2_D16_standard_AttnOnlyFalse_PE-rpe_ResTrue_LR0.0001,ICL-HMM,2,2,standard,False,rpe,True,2,2,16,0.0001,0.602686,0.598819,0.602686,0.028591
ICL-HMM_V2_O2,L2_H1_D16_standard_AttnOnlyFalse_PE-rpe_ResFalse_LR0.0001,ICL-HMM,2,2,standard,False,rpe,False,2,1,16,0.0001,0.579963,0.590799,0.579963,0.027501
ICL-HMM_V2_O2,L2_H2_D16_standard_AttnOnlyFalse_PE-rpe_ResFalse_LR0.0001,ICL-HMM,2,2,standard,False,rpe,False,2,2,16,0.0001,0.605808,0.596261,0.605808,0.027970
ICL-HMM_V2_O2,L2_H1_D16_standard_AttnOnlyFalse_PE-rope_ResTrue_LR0.0001,ICL-HMM,2,2,standard,False,rope,True,2,1,16,0.0001,0.592754,0.592620,0.592754,0.028547
ICL-HMM_V2_O2,L2_H2_D16_standard_AttnOnlyFalse_PE-rope_ResTrue_LR0.0001,ICL-HMM,2,2,standard,False,rope,True,2,2,16,0.0001,0.598389,0.592814,0.598389,0.028428
ICL-HMM_V2_O2,L2_H1_D16_standard_AttnOnlyFalse_PE-rope_ResFalse_LR0.0001,ICL-HMM,2,2,standard,False,rope,False,2,1,16,0.0001,0.588722,0.591572,0.588722,0.028320
ICL-HMM_V2_O2,L2_H2_D16_standard_AttnOnlyFalse_PE-rope_ResFalse_LR0.0001,ICL-HMM,2,2,standard,False,rope,False,2,2,16,0.0001,0.597378,0.588415,0.597378,0.026926
ICL-HMM_V2_O2,L2_H1_D16_linear_AttnOnlyTrue_PE-absolute_ResTrue_LR0.0001,ICL-HMM,2,2,linear,True,absolute,True,2,1,16,0.0001,0.598870,0.596677,0.598870,0.028107
ICL-HMM_V2_O2,L2_H2_D16_linear_AttnOnlyTrue_PE-absolute_ResTrue_LR0.0001,ICL-HMM,2,2,linear,True,absolute,True,2,2,16,0.0001,0.588687,0.595571,0.588687,0.026757
ICL-HMM_V2_O2,L2_H1_D16_linear_AttnOnlyTrue_PE-absolute_ResFalse_LR0.0001,ICL-HMM,2,2,linear,True,absolute,False,2,1,16,0.0001,0.598243,0.597131,0.598243,0.030842
ICL-HMM_V2_O2,L2_H2_D16_linear_AttnOnlyTrue_PE-absolute_ResFalse_LR0.0001,ICL-HMM,2,2,linear,True,absolute,False,2,2,16,0.0001,0.600253,0.594088,0.600253,0.026149
ICL-HMM_V2_O2,L2_H1_D16_linear_AttnOnlyTrue_PE-rope_ResTrue_LR0.0001,ICL-HMM,2,2,linear,True,rope,True,2,1,16,0.0001,0.591230,0.593525,0.591230,0.029934
ICL-HMM_V2_O2,L2_H2_D16_linear_AttnOnlyTrue_PE-rope_ResTrue_LR0.0001,ICL-HMM,2,2,linear,True,rope,True,2,2,16,0.0001,0.600935,0.595029,0.600935,0.029324
ICL-HMM_V2_O2,L2_H1_D16_linear_AttnOnlyTrue_PE-rope_ResFalse_LR0.0001,ICL-HMM,2,2,linear,True,rope,False,2,1,16,0.0001,0.591840,0.597419,0.591840,0.029034
ICL-HMM_V2_O2,L2_H2_D16_linear_AttnOnlyTrue_PE-rope_ResFalse_LR0.0001,ICL-HMM,2,2,linear,True,rope,False,2,2,16,0.0001,0.596674,0.592147,0.596674,0.029436
ICL-HMM_V2_O2,L2_H1_D16_linear_AttnOnlyFalse_PE-absolute_ResTrue_LR0.0001,ICL-HMM,2,2,linear,False,absolute,True,2,1,16,0.0001,0.600809,0.592362,0.600809,0.027217
ICL-HMM_V2_O2,L2_H2_D16_linear_AttnOnlyFalse_PE-absolute_ResTrue_LR0.0001,ICL-HMM,2,2,linear,False,absolute,True,2,2,16,0.0001,0.582568,0.589740,0.582568,0.028427
ICL-HMM_V2_O2,L2_H1_D16_linear_AttnOnlyFalse_PE-absolute_ResFalse_LR0.0001,ICL-HMM,2,2,linear,False,absolute,False,2,1,16,0.0001,0.594996,0.595812,0.594996,0.030073
ICL-HMM_V2_O2,L2_H2_D16_linear_AttnOnlyFalse_PE-absolute_ResFalse_LR0.0001,ICL-HMM,2,2,linear,False,absolute,False,2,2,16,0.0001,0.591157,0.590526,0.591157,0.027043
ICL-HMM_V2_O2,L2_H1_D16_linear_AttnOnlyFalse_PE-rope_ResTrue_LR0.0001,ICL-HMM,2,2,linear,False,rope,True,2,1,16,0.0001,0.588523,0.590822,0.588523,0.027388
ICL-HMM_V2_O2,L2_H2_D16_linear_AttnOnlyFalse_PE-rope_ResTrue_LR0.0001,ICL-HMM,2,2,linear,False,rope,True,2,2,16,0.0001,0.589225,0.591710,0.589225,0.027445
ICL-HMM_V2_O2,L2_H1_D16_linear_AttnOnlyFalse_PE-rope_ResFalse_LR0.0001,ICL-HMM,2,2,linear,False,rope,False,2,1,16,0.0001,0.592434,0.590858,0.592434,0.030045
ICL-HMM_V2_O2,L2_H2_D16_linear_AttnOnlyFalse_PE-rope_ResFalse_LR0.0001,ICL-HMM,2,2,linear,False,rope,False,2,2,16,0.0001,0.586685,0.593127,0.586685,0.028814
ICL-HMM_V2_O2,L1_H1_D16_performer_AttnOnlyTrue_PE-absolute_ResTrue_LR0.0001,ICL-HMM,2,2,performer,True,absolute,True,1,1,16,0.0001,0.600287,0.592800,0.600287,0.028697
ICL-HMM_V2_O2,L1_H2_D16_performer_AttnOnlyTrue_PE-absolute_ResTrue_LR0.0001,ICL-HMM,2,2,performer,True,absolute,True,1,2,16,0.0001,0.591240,0.590884,0.591240,0.028923
ICL-HMM_V2_O2,L1_H1_D16_performer_AttnOnlyTrue_PE-absolute_ResFalse_LR0.0001,ICL-HMM,2,2,performer,True,absolute,False,1,1,16,0.0001,0.597309,0.595330,0.597309,0.029144
ICL-HMM_V2_O2,L1_H2_D16_performer_AttnOnlyTrue_PE-absolute_ResFalse_LR0.0001,ICL-HMM,2,2,performer,True,absolute,False,1,2,16,0.0001,0.587843,0.592453,0.587843,0.026477
ICL-HMM_V2_O2,L1_H1_D16_performer_AttnOnlyTrue_PE-rope_ResTrue_LR0.0001,ICL-HMM,2,2,performer,True,rope,True,1,1,16,0.0001,0.592719,0.594781,0.592719,0.029990
ICL-HMM_V2_O2,L1_H2_D16_performer_AttnOnlyTrue_PE-rope_ResTrue_LR0.0001,ICL-HMM,2,2,performer,True,rope,True,1,2,16,0.0001,0.591677,0.597093,0.591677,0.029871
ICL-HMM_V2_O2,L1_H1_D16_performer_AttnOnlyTrue_PE-rope_ResFalse_LR0.0001,ICL-HMM,2,2,performer,True,rope,False,1,1,16,0.0001,0.594942,0.595229,0.594942,0.031182
ICL-HMM_V2_O2,L1_H2_D16_performer_AttnOnlyTrue_PE-rope_ResFalse_LR0.0001,ICL-HMM,2,2,performer,True,rope,False,1,2,16,0.0001,0.596731,0.595458,0.596731,0.030212
ICL-HMM_V2_O2,L1_H1_D16_performer_AttnOnlyFalse_PE-absolute_ResTrue_LR0.0001,ICL-HMM,2,2,performer,False,absolute,True,1,1,16,0.0001,0.592179,0.597118,0.592179,0.028316
ICL-HMM_V2_O2,L1_H2_D16_performer_AttnOnlyFalse_PE-absolute_ResTrue_LR0.0001,ICL-HMM,2,2,performer,False,absolute,True,1,2,16,0.0001,0.584610,0.590241,0.584610,0.027426
ICL-HMM_V2_O2,L1_H1_D16_performer_AttnOnlyFalse_PE-absolute_ResFalse_LR0.0001,ICL-HMM,2,2,performer,False,absolute,False,1,1,16,0.0001,0.583580,0.591613,0.583580,0.026764
ICL-HMM_V2_O2,L1_H2_D16_performer_AttnOnlyFalse_PE-absolute_ResFalse_LR0.0001,ICL-HMM,2,2,performer,False,absolute,False,1,2,16,0.0001,0.590042,0.592781,0.590042,0.027670
ICL-HMM_V2_O2,L1_H1_D16_performer_AttnOnlyFalse_PE-rope_ResTrue_LR0.0001,ICL-HMM,2,2,performer,False,rope,True,1,1,16,0.0001,0.591448,0.590932,0.591448,0.029416
ICL-HMM_V2_O2,L1_H2_D16_performer_AttnOnlyFalse_PE-rope_ResTrue_LR0.0001,ICL-HMM,2,2,performer,False,rope,True,1,2,16,0.0001,0.601274,0.596798,0.601274,0.028771
ICL-HMM_V2_O2,L1_H1_D16_performer_AttnOnlyFalse_PE-rope_ResFalse_LR0.0001,ICL-HMM,2,2,performer,False,rope,False,1,1,16,0.0001,0.583389,0.592082,0.583389,0.029773
ICL-HMM_V2_O2,L1_H2_D16_performer_AttnOnlyFalse_PE-rope_ResFalse_LR0.0001,ICL-HMM,2,2,performer,False,rope,False,1,2,16,0.0001,0.605341,0.594013,0.605341,0.028828
ICL-HMM_V2_O2,L1_H1_D16_standard_AttnOnlyTrue_PE-absolute_ResTrue_LR0.0001,ICL-HMM,2,2,standard,True,absolute,True,1,1,16,0.0001,0.592609,0.592819,0.592609,0.028405
ICL-HMM_V2_O2,L1_H2_D16_standard_AttnOnlyTrue_PE-absolute_ResTrue_LR0.0001,ICL-HMM,2,2,standard,True,absolute,True,1,2,16,0.0001,0.585653,0.589944,0.585653,0.028069
ICL-HMM_V2_O2,L1_H1_D16_standard_AttnOnlyTrue_PE-absolute_ResFalse_LR0.0001,ICL-HMM,2,2,standard,True,absolute,False,1,1,16,0.0001,0.585176,0.592519,0.585176,0.026906
ICL-HMM_V2_O2,L1_H2_D16_standard_AttnOnlyTrue_PE-absolute_ResFalse_LR0.0001,ICL-HMM,2,2,standard,True,absolute,False,1,2,16,0.0001,0.596059,0.596024,0.596059,0.028445
ICL-HMM_V2_O2,L1_H1_D16_standard_AttnOnlyTrue_PE-rpe_ResTrue_LR0.0001,ICL-HMM,2,2,standard,True,rpe,True,1,1,16,0.0001,0.598694,0.596607,0.598694,0.030537
ICL-HMM_V2_O2,L1_H2_D16_standard_AttnOnlyTrue_PE-rpe_ResTrue_LR0.0001,ICL-HMM,2,2,standard,True,rpe,True,1,2,16,0.0001,0.589129,0.595587,0.589129,0.030371
ICL-HMM_V2_O2,L1_H1_D16_standard_AttnOnlyTrue_PE-rpe_ResFalse_LR0.0001,ICL-HMM,2,2,standard,True,rpe,False,1,1,16,0.0001,0.600706,0.596668,0.600706,0.031397
ICL-HMM_V2_O2,L1_H2_D16_standard_AttnOnlyTrue_PE-rpe_ResFalse_LR0.0001,ICL-HMM,2,2,standard,True,rpe,False,1,2,16,0.0001,0.599687,0.595354,0.599687,0.030173
ICL-HMM_V2_O2,L1_H1_D16_standard_AttnOnlyTrue_PE-rope_ResTrue_LR0.0001,ICL-HMM,2,2,standard,True,rope,True,1,1,16,0.0001,0.596583,0.597913,0.596583,0.031735
ICL-HMM_V2_O2,L1_H2_D16_standard_AttnOnlyTrue_PE-rope_ResTrue_LR0.0001,ICL-HMM,2,2,standard,True,rope,True,1,2,16,0.0001,0.592864,0.595593,0.592864,0.028050
ICL-HMM_V2_O2,L1_H1_D16_standard_AttnOnlyTrue_PE-rope_ResFalse_LR0.0001,ICL-HMM,2,2,standard,True,rope,False,1,1,16,0.0001,0.603610,0.596875,0.603610,0.029641
ICL-HMM_V2_O2,L1_H2_D16_standard_AttnOnlyTrue_PE-rope_ResFalse_LR0.0001,ICL-HMM,2,2,standard,True,rope,False,1,2,16,0.0001,0.600465,0.595218,0.600465,0.029811
ICL-HMM_V2_O2,L1_H1_D16_standard_AttnOnlyFalse_PE-absolute_ResTrue_LR0.0001,ICL-HMM,2,2,standard,False,absolute,True,1,1,16,0.0001,0.587382,0.590043,0.587382,0.026947
ICL-HMM_V2_O2,L1_H2_D16_standard_AttnOnlyFalse_PE-absolute_ResTrue_LR0.0001,ICL-HMM,2,2,standard,False,absolute,True,1,2,16,0.0001,0.589442,0.591960,0.589442,0.027648
ICL-HMM_V2_O2,L1_H1_D16_standard_AttnOnlyFalse_PE-absolute_ResFalse_LR0.0001,ICL-HMM,2,2,standard,False,absolute,False,1,1,16,0.0001,0.596641,0.594688,0.596641,0.027885
ICL-HMM_V2_O2,L1_H2_D16_standard_AttnOnlyFalse_PE-absolute_ResFalse_LR0.0001,ICL-HMM,2,2,standard,False,absolute,False,1,2,16,0.0001,0.610107,0.594100,0.610107,0.027612
ICL-HMM_V2_O2,L1_H1_D16_standard_AttnOnlyFalse_PE-rpe_ResTrue_LR0.0001,ICL-HMM,2,2,standard,False,rpe,True,1,1,16,0.0001,0.597675,0.598103,0.597675,0.028865
ICL-HMM_V2_O2,L1_H2_D16_standard_AttnOnlyFalse_PE-rpe_ResTrue_LR0.0001,ICL-HMM,2,2,standard,False,rpe,True,1,2,16,0.0001,0.587526,0.590855,0.587526,0.028755
ICL-HMM_V2_O2,L1_H1_D16_standard_AttnOnlyFalse_PE-rpe_ResFalse_LR0.0001,ICL-HMM,2,2,standard,False,rpe,False,1,1,16,0.0001,0.592936,0.594984,0.592936,0.029591
ICL-HMM_V2_O2,L1_H2_D16_standard_AttnOnlyFalse_PE-rpe_ResFalse_LR0.0001,ICL-HMM,2,2,standard,False,rpe,False,1,2,16,0.0001,0.608920,0.594444,0.608920,0.029691
ICL-HMM_V2_O2,L1_H1_D16_standard_AttnOnlyFalse_PE-rope_ResTrue_LR0.0001,ICL-HMM,2,2,standard,False,rope,True,1,1,16,0.0001,0.595935,0.595610,0.595935,0.028768
ICL-HMM_V2_O2,L1_H2_D16_standard_AttnOnlyFalse_PE-rope_ResTrue_LR0.0001,ICL-HMM,2,2,standard,False,rope,True,1,2,16,0.0001,0.594158,0.593476,0.594158,0.028416
ICL-HMM_V2_O2,L1_H1_D16_standard_AttnOnlyFalse_PE-rope_ResFalse_LR0.0001,ICL-HMM,2,2,standard,False,rope,False,1,1,16,0.0001,0.599846,0.591917,0.599846,0.028118
ICL-HMM_V2_O2,L1_H2_D16_standard_AttnOnlyFalse_PE-rope_ResFalse_LR0.0001,ICL-HMM,2,2,standard,False,rope,False,1,2,16,0.0001,0.591341,0.590555,0.591341,0.027153
ICL-HMM_V2_O2,L1_H1_D16_linear_AttnOnlyTrue_PE-absolute_ResTrue_LR0.0001,ICL-HMM,2,2,linear,True,absolute,True,1,1,16,0.0001,0.601029,0.591767,0.601029,0.028755
ICL-HMM_V2_O2,L1_H2_D16_linear_AttnOnlyTrue_PE-absolute_ResTrue_LR0.0001,ICL-HMM,2,2,linear,True,absolute,True,1,2,16,0.0001,0.594984,0.593811,0.594984,0.027179
ICL-HMM_V2_O2,L1_H1_D16_linear_AttnOnlyTrue_PE-absolute_ResFalse_LR0.0001,ICL-HMM,2,2,linear,True,absolute,False,1,1,16,0.0001,0.593041,0.594015,0.593041,0.027885
ICL-HMM_V2_O2,L1_H2_D16_linear_AttnOnlyTrue_PE-absolute_ResFalse_LR0.0001,ICL-HMM,2,2,linear,True,absolute,False,1,2,16,0.0001,0.601801,0.596313,0.601801,0.027135
ICL-HMM_V2_O2,L1_H1_D16_linear_AttnOnlyTrue_PE-rope_ResTrue_LR0.0001,ICL-HMM,2,2,linear,True,rope,True,1,1,16,0.0001,0.594688,0.594006,0.594688,0.030736
ICL-HMM_V2_O2,L1_H2_D16_linear_AttnOnlyTrue_PE-rope_ResTrue_LR0.0001,ICL-HMM,2,2,linear,True,rope,True,1,2,16,0.0001,0.588676,0.596232,0.588676,0.030210
ICL-HMM_V2_O2,L1_H1_D16_linear_AttnOnlyTrue_PE-rope_ResFalse_LR0.0001,ICL-HMM,2,2,linear,True,rope,False,1,1,16,0.0001,0.601413,0.595623,0.601413,0.028574
ICL-HMM_V2_O2,L1_H2_D16_linear_AttnOnlyTrue_PE-rope_ResFalse_LR0.0001,ICL-HMM,2,2,linear,True,rope,False,1,2,16,0.0001,0.602095,0.596942,0.602094,0.030929
ICL-HMM_V2_O2,L1_H1_D16_linear_AttnOnlyFalse_PE-absolute_ResTrue_LR0.0001,ICL-HMM,2,2,linear,False,absolute,True,1,1,16,0.0001,0.590100,0.591353,0.590100,0.026937
ICL-HMM_V2_O2,L1_H2_D16_linear_AttnOnlyFalse_PE-absolute_ResTrue_LR0.0001,ICL-HMM,2,2,linear,False,absolute,True,1,2,16,0.0001,0.594975,0.591888,0.594975,0.028003
ICL-HMM_V2_O2,L1_H1_D16_linear_AttnOnlyFalse_PE-absolute_ResFalse_LR0.0001,ICL-HMM,2,2,linear,False,absolute,False,1,1,16,0.0001,0.599403,0.590211,0.599403,0.027074
ICL-HMM_V2_O2,L1_H2_D16_linear_AttnOnlyFalse_PE-absolute_ResFalse_LR0.0001,ICL-HMM,2,2,linear,False,absolute,False,1,2,16,0.0001,0.590564,0.597357,0.590564,0.027787
ICL-HMM_V2_O2,L1_H1_D16_linear_AttnOnlyFalse_PE-rope_ResTrue_LR0.0001,ICL-HMM,2,2,linear,False,rope,True,1,1,16,0.0001,0.594805,0.593779,0.594805,0.031467
ICL-HMM_V2_O2,L1_H2_D16_linear_AttnOnlyFalse_PE-rope_ResTrue_LR0.0001,ICL-HMM,2,2,linear,False,rope,True,1,2,16,0.0001,0.590935,0.592011,0.590935,0.029532
ICL-HMM_V2_O2,L1_H1_D16_linear_AttnOnlyFalse_PE-rope_ResFalse_LR0.0001,ICL-HMM,2,2,linear,False,rope,False,1,1,16,0.0001,0.600159,0.593926,0.600159,0.028697
ICL-HMM_V2_O2,L1_H2_D16_linear_AttnOnlyFalse_PE-rope_ResFalse_LR0.0001,ICL-HMM,2,2,linear,False,rope,False,1,2,16,0.0001,0.578704,0.591382,0.578704,0.027741
ICL-HMM_V2_O1,L2_H1_D16_performer_AttnOnlyTrue_PE-absolute_ResTrue_LR0.0001,ICL-HMM,2,1,performer,True,absolute,True,2,1,16,0.0001,0.586141,0.584901,0.586141,0.018457
ICL-HMM_V2_O1,L2_H2_D16_performer_AttnOnlyTrue_PE-absolute_ResTrue_LR0.0001,ICL-HMM,2,1,performer,True,absolute,True,2,2,16,0.0001,0.580044,0.584109,0.580044,0.018168
ICL-HMM_V2_O1,L2_H1_D16_performer_AttnOnlyTrue_PE-absolute_ResFalse_LR0.0001,ICL-HMM,2,1,performer,True,absolute,False,2,1,16,0.0001,0.580361,0.586975,0.580361,0.019582
ICL-HMM_V2_O1,L2_H2_D16_performer_AttnOnlyTrue_PE-absolute_ResFalse_LR0.0001,ICL-HMM,2,1,performer,True,absolute,False,2,2,16,0.0001,0.593401,0.585965,0.593401,0.017634
ICL-HMM_V2_O1,L2_H1_D16_performer_AttnOnlyTrue_PE-rope_ResTrue_LR0.0001,ICL-HMM,2,1,performer,True,rope,True,2,1,16,0.0001,0.568823,0.579843,0.568823,0.021062
ICL-HMM_V2_O1,L2_H2_D16_performer_AttnOnlyTrue_PE-rope_ResTrue_LR0.0001,ICL-HMM,2,1,performer,True,rope,True,2,2,16,0.0001,0.581652,0.588182,0.581652,0.020066
ICL-HMM_V2_O1,L2_H1_D16_performer_AttnOnlyTrue_PE-rope_ResFalse_LR0.0001,ICL-HMM,2,1,performer,True,rope,False,2,1,16,0.0001,0.596117,0.588960,0.596117,0.021312
ICL-HMM_V2_O1,L2_H2_D16_performer_AttnOnlyTrue_PE-rope_ResFalse_LR0.0001,ICL-HMM,2,1,performer,True,rope,False,2,2,16,0.0001,0.589552,0.586150,0.589552,0.019234
ICL-HMM_V2_O1,L2_H1_D16_performer_AttnOnlyFalse_PE-absolute_ResTrue_LR0.0001,ICL-HMM,2,1,performer,False,absolute,True,2,1,16,0.0001,0.593894,0.588183,0.593894,0.017444
ICL-HMM_V2_O1,L2_H2_D16_performer_AttnOnlyFalse_PE-absolute_ResTrue_LR0.0001,ICL-HMM,2,1,performer,False,absolute,True,2,2,16,0.0001,0.583371,0.586374,0.583371,0.017759
ICL-HMM_V2_O1,L2_H1_D16_performer_AttnOnlyFalse_PE-absolute_ResFalse_LR0.0001,ICL-HMM,2,1,performer,False,absolute,False,2,1,16,0.0001,0.573620,0.583714,0.573620,0.017878
ICL-HMM_V2_O1,L2_H2_D16_performer_AttnOnlyFalse_PE-absolute_ResFalse_LR0.0001,ICL-HMM,2,1,performer,False,absolute,False,2,2,16,0.0001,0.584793,0.589395,0.584793,0.018727
ICL-HMM_V2_O1,L2_H1_D16_performer_AttnOnlyFalse_PE-rope_ResTrue_LR0.0001,ICL-HMM,2,1,performer,False,rope,True,2,1,16,0.0001,0.585618,0.587673,0.585618,0.019995
ICL-HMM_V2_O1,L2_H2_D16_performer_AttnOnlyFalse_PE-rope_ResTrue_LR0.0001,ICL-HMM,2,1,performer,False,rope,True,2,2,16,0.0001,0.584427,0.585871,0.584427,0.021888
ICL-HMM_V2_O1,L2_H1_D16_performer_AttnOnlyFalse_PE-rope_ResFalse_LR0.0001,ICL-HMM,2,1,performer,False,rope,False,2,1,16,0.0001,0.586868,0.585064,0.586868,0.019614
ICL-HMM_V2_O1,L2_H2_D16_performer_AttnOnlyFalse_PE-rope_ResFalse_LR0.0001,ICL-HMM,2,1,performer,False,rope,False,2,2,16,0.0001,0.580266,0.587691,0.580266,0.020664
ICL-HMM_V2_O1,L2_H1_D16_standard_AttnOnlyTrue_PE-absolute_ResTrue_LR0.0001,ICL-HMM,2,1,standard,True,absolute,True,2,1,16,0.0001,0.577731,0.584325,0.577731,0.017501
ICL-HMM_V2_O1,L2_H2_D16_standard_AttnOnlyTrue_PE-absolute_ResTrue_LR0.0001,ICL-HMM,2,1,standard,True,absolute,True,2,2,16,0.0001,0.576527,0.581133,0.576527,0.018625
ICL-HMM_V2_O1,L2_H1_D16_standard_AttnOnlyTrue_PE-absolute_ResFalse_LR0.0001,ICL-HMM,2,1,standard,True,absolute,False,2,1,16,0.0001,0.595231,0.587937,0.595231,0.019031
ICL-HMM_V2_O1,L2_H2_D16_standard_AttnOnlyTrue_PE-absolute_ResFalse_LR0.0001,ICL-HMM,2,1,standard,True,absolute,False,2,2,16,0.0001,0.590196,0.586997,0.590196,0.018384
ICL-HMM_V2_O1,L2_H1_D16_standard_AttnOnlyTrue_PE-rpe_ResTrue_LR0.0001,ICL-HMM,2,1,standard,True,rpe,True,2,1,16,0.0001,0.580014,0.587330,0.580014,0.020243
ICL-HMM_V2_O1,L2_H2_D16_standard_AttnOnlyTrue_PE-rpe_ResTrue_LR0.0001,ICL-HMM,2,1,standard,True,rpe,True,2,2,16,0.0001,0.593772,0.586700,0.593772,0.019896
ICL-HMM_V2_O1,L2_H1_D16_standard_AttnOnlyTrue_PE-rpe_ResFalse_LR0.0001,ICL-HMM,2,1,standard,True,rpe,False,2,1,16,0.0001,0.593927,0.585512,0.593927,0.020951
ICL-HMM_V2_O1,L2_H2_D16_standard_AttnOnlyTrue_PE-rpe_ResFalse_LR0.0001,ICL-HMM,2,1,standard,True,rpe,False,2,2,16,0.0001,0.582649,0.583375,0.582649,0.019884
ICL-HMM_V2_O1,L2_H1_D16_standard_AttnOnlyTrue_PE-rope_ResTrue_LR0.0001,ICL-HMM,2,1,standard,True,rope,True,2,1,16,0.0001,0.591585,0.585073,0.591585,0.021646
ICL-HMM_V2_O1,L2_H2_D16_standard_AttnOnlyTrue_PE-rope_ResTrue_LR0.0001,ICL-HMM,2,1,standard,True,rope,True,2,2,16,0.0001,0.593620,0.588495,0.593620,0.019820
ICL-HMM_V2_O1,L2_H1_D16_standard_AttnOnlyTrue_PE-rope_ResFalse_LR0.0001,ICL-HMM,2,1,standard,True,rope,False,2,1,16,0.0001,0.588727,0.590236,0.588727,0.021706
ICL-HMM_V2_O1,L2_H2_D16_standard_AttnOnlyTrue_PE-rope_ResFalse_LR0.0001,ICL-HMM,2,1,standard,True,rope,False,2,2,16,0.0001,0.590921,0.587610,0.590921,0.020769
ICL-HMM_V2_O1,L2_H1_D16_standard_AttnOnlyFalse_PE-absolute_ResTrue_LR0.0001,ICL-HMM,2,1,standard,False,absolute,True,2,1,16,0.0001,0.585004,0.584242,0.585004,0.017427
ICL-HMM_V2_O1,L2_H2_D16_standard_AttnOnlyFalse_PE-absolute_ResTrue_LR0.0001,ICL-HMM,2,1,standard,False,absolute,True,2,2,16,0.0001,0.592518,0.589876,0.592518,0.018113
ICL-HMM_V2_O1,L2_H1_D16_standard_AttnOnlyFalse_PE-absolute_ResFalse_LR0.0001,ICL-HMM,2,1,standard,False,absolute,False,2,1,16,0.0001,0.590138,0.587106,0.590138,0.018793
ICL-HMM_V2_O1,L2_H2_D16_standard_AttnOnlyFalse_PE-absolute_ResFalse_LR0.0001,ICL-HMM,2,1,standard,False,absolute,False,2,2,16,0.0001,0.570262,0.585896,0.570262,0.018543
ICL-HMM_V2_O1,L2_H1_D16_standard_AttnOnlyFalse_PE-rpe_ResTrue_LR0.0001,ICL-HMM,2,1,standard,False,rpe,True,2,1,16,0.0001,0.588420,0.586941,0.588420,0.018847
ICL-HMM_V2_O1,L2_H2_D16_standard_AttnOnlyFalse_PE-rpe_ResTrue_LR0.0001,ICL-HMM,2,1,standard,False,rpe,True,2,2,16,0.0001,0.592060,0.585525,0.592060,0.019739
ICL-HMM_V2_O1,L2_H1_D16_standard_AttnOnlyFalse_PE-rpe_ResFalse_LR0.0001,ICL-HMM,2,1,standard,False,rpe,False,2,1,16,0.0001,0.598421,0.589743,0.598421,0.020255
ICL-HMM_V2_O1,L2_H2_D16_standard_AttnOnlyFalse_PE-rpe_ResFalse_LR0.0001,ICL-HMM,2,1,standard,False,rpe,False,2,2,16,0.0001,0.589395,0.588008,0.589395,0.019774
ICL-HMM_V2_O1,L2_H1_D16_standard_AttnOnlyFalse_PE-rope_ResTrue_LR0.0001,ICL-HMM,2,1,standard,False,rope,True,2,1,16,0.0001,0.579300,0.586298,0.579300,0.019316
ICL-HMM_V2_O1,L2_H2_D16_standard_AttnOnlyFalse_PE-rope_ResTrue_LR0.0001,ICL-HMM,2,1,standard,False,rope,True,2,2,16,0.0001,0.577944,0.589657,0.577944,0.020321
ICL-HMM_V2_O1,L2_H1_D16_standard_AttnOnlyFalse_PE-rope_ResFalse_LR0.0001,ICL-HMM,2,1,standard,False,rope,False,2,1,16,0.0001,0.583179,0.588284,0.583179,0.020980
ICL-HMM_V2_O1,L2_H2_D16_standard_AttnOnlyFalse_PE-rope_ResFalse_LR0.0001,ICL-HMM,2,1,standard,False,rope,False,2,2,16,0.0001,0.587465,0.587774,0.587465,0.019278
ICL-HMM_V2_O1,L2_H1_D16_linear_AttnOnlyTrue_PE-absolute_ResTrue_LR0.0001,ICL-HMM,2,1,linear,True,absolute,True,2,1,16,0.0001,0.585368,0.588295,0.585368,0.018398
ICL-HMM_V2_O1,L2_H2_D16_linear_AttnOnlyTrue_PE-absolute_ResTrue_LR0.0001,ICL-HMM,2,1,linear,True,absolute,True,2,2,16,0.0001,0.585312,0.585824,0.585312,0.019693
ICL-HMM_V2_O1,L2_H1_D16_linear_AttnOnlyTrue_PE-absolute_ResFalse_LR0.0001,ICL-HMM,2,1,linear,True,absolute,False,2,1,16,0.0001,0.582700,0.589655,0.582700,0.022193
ICL-HMM_V2_O1,L2_H2_D16_linear_AttnOnlyTrue_PE-absolute_ResFalse_LR0.0001,ICL-HMM,2,1,linear,True,absolute,False,2,2,16,0.0001,0.583123,0.588959,0.583123,0.020188
ICL-HMM_V2_O1,L2_H1_D16_linear_AttnOnlyTrue_PE-rope_ResTrue_LR0.0001,ICL-HMM,2,1,linear,True,rope,True,2,1,16,0.0001,0.588742,0.591361,0.588742,0.022061
ICL-HMM_V2_O1,L2_H2_D16_linear_AttnOnlyTrue_PE-rope_ResTrue_LR0.0001,ICL-HMM,2,1,linear,True,rope,True,2,2,16,0.0001,0.588839,0.587206,0.588839,0.021711
ICL-HMM_V2_O1,L2_H1_D16_linear_AttnOnlyTrue_PE-rope_ResFalse_LR0.0001,ICL-HMM,2,1,linear,True,rope,False,2,1,16,0.0001,0.594729,0.589459,0.594728,0.020687
ICL-HMM_V2_O1,L2_H2_D16_linear_AttnOnlyTrue_PE-rope_ResFalse_LR0.0001,ICL-HMM,2,1,linear,True,rope,False,2,2,16,0.0001,0.587862,0.587103,0.587862,0.020155
ICL-HMM_V2_O1,L2_H1_D16_linear_AttnOnlyFalse_PE-absolute_ResTrue_LR0.0001,ICL-HMM,2,1,linear,False,absolute,True,2,1,16,0.0001,0.591379,0.585939,0.591379,0.018163
ICL-HMM_V2_O1,L2_H2_D16_linear_AttnOnlyFalse_PE-absolute_ResTrue_LR0.0001,ICL-HMM,2,1,linear,False,absolute,True,2,2,16,0.0001,0.579480,0.584774,0.579480,0.019673
ICL-HMM_V2_O1,L2_H1_D16_linear_AttnOnlyFalse_PE-absolute_ResFalse_LR0.0001,ICL-HMM,2,1,linear,False,absolute,False,2,1,16,0.0001,0.586105,0.587353,0.586105,0.020010
ICL-HMM_V2_O1,L2_H2_D16_linear_AttnOnlyFalse_PE-absolute_ResFalse_LR0.0001,ICL-HMM,2,1,linear,False,absolute,False,2,2,16,0.0001,0.582479,0.587721,0.582479,0.019084
ICL-HMM_V2_O1,L2_H1_D16_linear_AttnOnlyFalse_PE-rope_ResTrue_LR0.0001,ICL-HMM,2,1,linear,False,rope,True,2,1,16,0.0001,0.584867,0.584114,0.584867,0.021368
ICL-HMM_V2_O1,L2_H2_D16_linear_AttnOnlyFalse_PE-rope_ResTrue_LR0.0001,ICL-HMM,2,1,linear,False,rope,True,2,2,16,0.0001,0.573086,0.584389,0.573086,0.018715
ICL-HMM_V2_O1,L2_H1_D16_linear_AttnOnlyFalse_PE-rope_ResFalse_LR0.0001,ICL-HMM,2,1,linear,False,rope,False,2,1,16,0.0001,0.593736,0.589718,0.593736,0.021155
ICL-HMM_V2_O1,L2_H2_D16_linear_AttnOnlyFalse_PE-rope_ResFalse_LR0.0001,ICL-HMM,2,1,linear,False,rope,False,2,2,16,0.0001,0.589942,0.589109,0.589942,0.022245
ICL-HMM_V2_O1,L1_H1_D16_performer_AttnOnlyTrue_PE-absolute_ResTrue_LR0.0001,ICL-HMM,2,1,performer,True,absolute,True,1,1,16,0.0001,0.588735,0.589218,0.588735,0.019235
ICL-HMM_V2_O1,L1_H2_D16_performer_AttnOnlyTrue_PE-absolute_ResTrue_LR0.0001,ICL-HMM,2,1,performer,True,absolute,True,1,2,16,0.0001,0.576624,0.581516,0.576624,0.018989
ICL-HMM_V2_O1,L1_H1_D16_performer_AttnOnlyTrue_PE-absolute_ResFalse_LR0.0001,ICL-HMM,2,1,performer,True,absolute,False,1,1,16,0.0001,0.585201,0.586467,0.585201,0.020599
ICL-HMM_V2_O1,L1_H2_D16_performer_AttnOnlyTrue_PE-absolute_ResFalse_LR0.0001,ICL-HMM,2,1,performer,True,absolute,False,1,2,16,0.0001,0.589514,0.589466,0.589514,0.018222
ICL-HMM_V2_O1,L1_H1_D16_performer_AttnOnlyTrue_PE-rope_ResTrue_LR0.0001,ICL-HMM,2,1,performer,True,rope,True,1,1,16,0.0001,0.584073,0.587323,0.584073,0.021855
ICL-HMM_V2_O1,L1_H2_D16_performer_AttnOnlyTrue_PE-rope_ResTrue_LR0.0001,ICL-HMM,2,1,performer,True,rope,True,1,2,16,0.0001,0.584012,0.589642,0.584012,0.021662
ICL-HMM_V2_O1,L1_H1_D16_performer_AttnOnlyTrue_PE-rope_ResFalse_LR0.0001,ICL-HMM,2,1,performer,True,rope,False,1,1,16,0.0001,0.584585,0.587185,0.584585,0.020939
ICL-HMM_V2_O1,L1_H2_D16_performer_AttnOnlyTrue_PE-rope_ResFalse_LR0.0001,ICL-HMM,2,1,performer,True,rope,False,1,2,16,0.0001,0.598679,0.589880,0.598679,0.021785
ICL-HMM_V2_O1,L1_H1_D16_performer_AttnOnlyFalse_PE-absolute_ResTrue_LR0.0001,ICL-HMM,2,1,performer,False,absolute,True,1,1,16,0.0001,0.581189,0.587149,0.581189,0.019181
ICL-HMM_V2_O1,L1_H2_D16_performer_AttnOnlyFalse_PE-absolute_ResTrue_LR0.0001,ICL-HMM,2,1,performer,False,absolute,True,1,2,16,0.0001,0.581166,0.580619,0.581166,0.017655
ICL-HMM_V2_O1,L1_H1_D16_performer_AttnOnlyFalse_PE-absolute_ResFalse_LR0.0001,ICL-HMM,2,1,performer,False,absolute,False,1,1,16,0.0001,0.582801,0.582830,0.582801,0.019366
ICL-HMM_V2_O1,L1_H2_D16_performer_AttnOnlyFalse_PE-absolute_ResFalse_LR0.0001,ICL-HMM,2,1,performer,False,absolute,False,1,2,16,0.0001,0.571550,0.585508,0.571550,0.020061
ICL-HMM_V2_O1,L1_H1_D16_performer_AttnOnlyFalse_PE-rope_ResTrue_LR0.0001,ICL-HMM,2,1,performer,False,rope,True,1,1,16,0.0001,0.588936,0.590719,0.588936,0.021213
ICL-HMM_V2_O1,L1_H2_D16_performer_AttnOnlyFalse_PE-rope_ResTrue_LR0.0001,ICL-HMM,2,1,performer,False,rope,True,1,2,16,0.0001,0.581904,0.587845,0.581904,0.020298
ICL-HMM_V2_O1,L1_H1_D16_performer_AttnOnlyFalse_PE-rope_ResFalse_LR0.0001,ICL-HMM,2,1,performer,False,rope,False,1,1,16,0.0001,0.589990,0.590638,0.589990,0.020105
ICL-HMM_V2_O1,L1_H2_D16_performer_AttnOnlyFalse_PE-rope_ResFalse_LR0.0001,ICL-HMM,2,1,performer,False,rope,False,1,2,16,0.0001,0.594001,0.585820,0.594001,0.020565
ICL-HMM_V2_O1,L1_H1_D16_standard_AttnOnlyTrue_PE-absolute_ResTrue_LR0.0001,ICL-HMM,2,1,standard,True,absolute,True,1,1,16,0.0001,0.579484,0.586364,0.579484,0.019720
ICL-HMM_V2_O1,L1_H2_D16_standard_AttnOnlyTrue_PE-absolute_ResTrue_LR0.0001,ICL-HMM,2,1,standard,True,absolute,True,1,2,16,0.0001,0.597169,0.587702,0.597169,0.018273
ICL-HMM_V2_O1,L1_H1_D16_standard_AttnOnlyTrue_PE-absolute_ResFalse_LR0.0001,ICL-HMM,2,1,standard,True,absolute,False,1,1,16,0.0001,0.580137,0.588280,0.580137,0.022078
ICL-HMM_V2_O1,L1_H2_D16_standard_AttnOnlyTrue_PE-absolute_ResFalse_LR0.0001,ICL-HMM,2,1,standard,True,absolute,False,1,2,16,0.0001,0.594613,0.587122,0.594613,0.019492
ICL-HMM_V2_O1,L1_H1_D16_standard_AttnOnlyTrue_PE-rpe_ResTrue_LR0.0001,ICL-HMM,2,1,standard,True,rpe,True,1,1,16,0.0001,0.586953,0.585900,0.586953,0.022842
ICL-HMM_V2_O1,L1_H2_D16_standard_AttnOnlyTrue_PE-rpe_ResTrue_LR0.0001,ICL-HMM,2,1,standard,True,rpe,True,1,2,16,0.0001,0.578451,0.587071,0.578451,0.022021
ICL-HMM_V2_O1,L1_H1_D16_standard_AttnOnlyTrue_PE-rpe_ResFalse_LR0.0001,ICL-HMM,2,1,standard,True,rpe,False,1,1,16,0.0001,0.598245,0.589823,0.598245,0.021359
ICL-HMM_V2_O1,L1_H2_D16_standard_AttnOnlyTrue_PE-rpe_ResFalse_LR0.0001,ICL-HMM,2,1,standard,True,rpe,False,1,2,16,0.0001,0.584394,0.583290,0.584394,0.021424
ICL-HMM_V2_O1,L1_H1_D16_standard_AttnOnlyTrue_PE-rope_ResTrue_LR0.0001,ICL-HMM,2,1,standard,True,rope,True,1,1,16,0.0001,0.594691,0.585903,0.594691,0.021368
ICL-HMM_V2_O1,L1_H2_D16_standard_AttnOnlyTrue_PE-rope_ResTrue_LR0.0001,ICL-HMM,2,1,standard,True,rope,True,1,2,16,0.0001,0.599786,0.591530,0.599786,0.020580
ICL-HMM_V2_O1,L1_H1_D16_standard_AttnOnlyTrue_PE-rope_ResFalse_LR0.0001,ICL-HMM,2,1,standard,True,rope,False,1,1,16,0.0001,0.592895,0.588816,0.592895,0.022749
ICL-HMM_V2_O1,L1_H2_D16_standard_AttnOnlyTrue_PE-rope_ResFalse_LR0.0001,ICL-HMM,2,1,standard,True,rope,False,1,2,16,0.0001,0.584578,0.589216,0.584578,0.022710
ICL-HMM_V2_O1,L1_H1_D16_standard_AttnOnlyFalse_PE-absolute_ResTrue_LR0.0001,ICL-HMM,2,1,standard,False,absolute,True,1,1,16,0.0001,0.583770,0.584094,0.583770,0.018893
ICL-HMM_V2_O1,L1_H2_D16_standard_AttnOnlyFalse_PE-absolute_ResTrue_LR0.0001,ICL-HMM,2,1,standard,False,absolute,True,1,2,16,0.0001,0.579155,0.586048,0.579155,0.019017
ICL-HMM_V2_O1,L1_H1_D16_standard_AttnOnlyFalse_PE-absolute_ResFalse_LR0.0001,ICL-HMM,2,1,standard,False,absolute,False,1,1,16,0.0001,0.583462,0.581367,0.583462,0.018269
ICL-HMM_V2_O1,L1_H2_D16_standard_AttnOnlyFalse_PE-absolute_ResFalse_LR0.0001,ICL-HMM,2,1,standard,False,absolute,False,1,2,16,0.0001,0.588635,0.586097,0.588635,0.018801
ICL-HMM_V2_O1,L1_H1_D16_standard_AttnOnlyFalse_PE-rpe_ResTrue_LR0.0001,ICL-HMM,2,1,standard,False,rpe,True,1,1,16,0.0001,0.594549,0.587417,0.594549,0.021091
ICL-HMM_V2_O1,L1_H2_D16_standard_AttnOnlyFalse_PE-rpe_ResTrue_LR0.0001,ICL-HMM,2,1,standard,False,rpe,True,1,2,16,0.0001,0.590649,0.586538,0.590649,0.020929
ICL-HMM_V2_O1,L1_H1_D16_standard_AttnOnlyFalse_PE-rpe_ResFalse_LR0.0001,ICL-HMM,2,1,standard,False,rpe,False,1,1,16,0.0001,0.585740,0.586181,0.585740,0.023136
ICL-HMM_V2_O1,L1_H2_D16_standard_AttnOnlyFalse_PE-rpe_ResFalse_LR0.0001,ICL-HMM,2,1,standard,False,rpe,False,1,2,16,0.0001,0.582861,0.583823,0.582861,0.019835
ICL-HMM_V2_O1,L1_H1_D16_standard_AttnOnlyFalse_PE-rope_ResTrue_LR0.0001,ICL-HMM,2,1,standard,False,rope,True,1,1,16,0.0001,0.594658,0.587145,0.594658,0.020846
ICL-HMM_V2_O1,L1_H2_D16_standard_AttnOnlyFalse_PE-rope_ResTrue_LR0.0001,ICL-HMM,2,1,standard,False,rope,True,1,2,16,0.0001,0.600630,0.590880,0.600630,0.019746
ICL-HMM_V2_O1,L1_H1_D16_standard_AttnOnlyFalse_PE-rope_ResFalse_LR0.0001,ICL-HMM,2,1,standard,False,rope,False,1,1,16,0.0001,0.596094,0.590288,0.596094,0.021355
ICL-HMM_V2_O1,L1_H2_D16_standard_AttnOnlyFalse_PE-rope_ResFalse_LR0.0001,ICL-HMM,2,1,standard,False,rope,False,1,2,16,0.0001,0.588640,0.589243,0.588640,0.021566
ICL-HMM_V2_O1,L1_H1_D16_linear_AttnOnlyTrue_PE-absolute_ResTrue_LR0.0001,ICL-HMM,2,1,linear,True,absolute,True,1,1,16,0.0001,0.587653,0.588719,0.587653,0.019877
ICL-HMM_V2_O1,L1_H2_D16_linear_AttnOnlyTrue_PE-absolute_ResTrue_LR0.0001,ICL-HMM,2,1,linear,True,absolute,True,1,2,16,0.0001,0.596303,0.587170,0.596303,0.019425
ICL-HMM_V2_O1,L1_H1_D16_linear_AttnOnlyTrue_PE-absolute_ResFalse_LR0.0001,ICL-HMM,2,1,linear,True,absolute,False,1,1,16,0.0001,0.587849,0.587643,0.587849,0.020591
ICL-HMM_V2_O1,L1_H2_D16_linear_AttnOnlyTrue_PE-absolute_ResFalse_LR0.0001,ICL-HMM,2,1,linear,True,absolute,False,1,2,16,0.0001,0.584567,0.586026,0.584567,0.018682
ICL-HMM_V2_O1,L1_H1_D16_linear_AttnOnlyTrue_PE-rope_ResTrue_LR0.0001,ICL-HMM,2,1,linear,True,rope,True,1,1,16,0.0001,0.587479,0.590767,0.587479,0.023607
ICL-HMM_V2_O1,L1_H2_D16_linear_AttnOnlyTrue_PE-rope_ResTrue_LR0.0001,ICL-HMM,2,1,linear,True,rope,True,1,2,16,0.0001,0.592656,0.589947,0.592656,0.021452
ICL-HMM_V2_O1,L1_H1_D16_linear_AttnOnlyTrue_PE-rope_ResFalse_LR0.0001,ICL-HMM,2,1,linear,True,rope,False,1,1,16,0.0001,0.587573,0.589480,0.587573,0.021587
ICL-HMM_V2_O1,L1_H2_D16_linear_AttnOnlyTrue_PE-rope_ResFalse_LR0.0001,ICL-HMM,2,1,linear,True,rope,False,1,2,16,0.0001,0.597392,0.589211,0.597392,0.021543
ICL-HMM_V2_O1,L1_H1_D16_linear_AttnOnlyFalse_PE-absolute_ResTrue_LR0.0001,ICL-HMM,2,1,linear,False,absolute,True,1,1,16,0.0001,0.586852,0.586340,0.586852,0.018696
ICL-HMM_V2_O1,L1_H2_D16_linear_AttnOnlyFalse_PE-absolute_ResTrue_LR0.0001,ICL-HMM,2,1,linear,False,absolute,True,1,2,16,0.0001,0.596657,0.587860,0.596657,0.018807
ICL-HMM_V2_O1,L1_H1_D16_linear_AttnOnlyFalse_PE-absolute_ResFalse_LR0.0001,ICL-HMM,2,1,linear,False,absolute,False,1,1,16,0.0001,0.583084,0.584542,0.583084,0.018777
ICL-HMM_V2_O1,L1_H2_D16_linear_AttnOnlyFalse_PE-absolute_ResFalse_LR0.0001,ICL-HMM,2,1,linear,False,absolute,False,1,2,16,0.0001,0.587939,0.587427,0.587939,0.018680
ICL-HMM_V2_O1,L1_H1_D16_linear_AttnOnlyFalse_PE-rope_ResTrue_LR0.0001,ICL-HMM,2,1,linear,False,rope,True,1,1,16,0.0001,0.589303,0.588813,0.589303,0.020403
ICL-HMM_V2_O1,L1_H2_D16_linear_AttnOnlyFalse_PE-rope_ResTrue_LR0.0001,ICL-HMM,2,1,linear,False,rope,True,1,2,16,0.0001,0.578541,0.585358,0.578541,0.020634
ICL-HMM_V2_O1,L1_H1_D16_linear_AttnOnlyFalse_PE-rope_ResFalse_LR0.0001,ICL-HMM,2,1,linear,False,rope,False,1,1,16,0.0001,0.591264,0.587598,0.591264,0.020740
ICL-HMM_V2_O1,L1_H2_D16_linear_AttnOnlyFalse_PE-rope_ResFalse_LR0.0001,ICL-HMM,2,1,linear,False,rope,False,1,2,16,0.0001,0.582486,0.586214,0.582486,0.021000
ICL-HMM_V3_O2,L2_H1_D16_performer_AttnOnlyTrue_PE-absolute_ResTrue_LR0.0001,ICL-HMM,3,2,performer,True,absolute,True,2,1,16,0.0001,0.963126,0.960237,0.963126,0.041660
ICL-HMM_V3_O2,L2_H2_D16_performer_AttnOnlyTrue_PE-absolute_ResTrue_LR0.0001,ICL-HMM,3,2,performer,True,absolute,True,2,2,16,0.0001,0.963844,0.958057,0.963844,0.040273
ICL-HMM_V3_O2,L2_H1_D16_performer_AttnOnlyTrue_PE-absolute_ResFalse_LR0.0001,ICL-HMM,3,2,performer,True,absolute,False,2,1,16,0.0001,0.956836,0.960497,0.956836,0.043732
ICL-HMM_V3_O2,L2_H2_D16_performer_AttnOnlyTrue_PE-absolute_ResFalse_LR0.0001,ICL-HMM,3,2,performer,True,absolute,False,2,2,16,0.0001,0.975125,0.960066,0.975125,0.037867
ICL-HMM_V3_O2,L2_H1_D16_performer_AttnOnlyTrue_PE-rope_ResTrue_LR0.0001,ICL-HMM,3,2,performer,True,rope,True,2,1,16,0.0001,0.955340,0.962616,0.955340,0.042815
ICL-HMM_V3_O2,L2_H2_D16_performer_AttnOnlyTrue_PE-rope_ResTrue_LR0.0001,ICL-HMM,3,2,performer,True,rope,True,2,2,16,0.0001,0.965945,0.964954,0.965945,0.044235
ICL-HMM_V3_O2,L2_H1_D16_performer_AttnOnlyTrue_PE-rope_ResFalse_LR0.0001,ICL-HMM,3,2,performer,True,rope,False,2,1,16,0.0001,0.966010,0.963500,0.966010,0.046269
ICL-HMM_V3_O2,L2_H2_D16_performer_AttnOnlyTrue_PE-rope_ResFalse_LR0.0001,ICL-HMM,3,2,performer,True,rope,False,2,2,16,0.0001,0.968141,0.963991,0.968141,0.042212
ICL-HMM_V3_O2,L2_H1_D16_performer_AttnOnlyFalse_PE-absolute_ResTrue_LR0.0001,ICL-HMM,3,2,performer,False,absolute,True,2,1,16,0.0001,0.951055,0.960125,0.951055,0.038787
ICL-HMM_V3_O2,L2_H2_D16_performer_AttnOnlyFalse_PE-absolute_ResTrue_LR0.0001,ICL-HMM,3,2,performer,False,absolute,True,2,2,16,0.0001,0.960813,0.955579,0.960813,0.040265
ICL-HMM_V3_O2,L2_H1_D16_performer_AttnOnlyFalse_PE-absolute_ResFalse_LR0.0001,ICL-HMM,3,2,performer,False,absolute,False,2,1,16,0.0001,0.952379,0.964230,0.952379,0.041276
ICL-HMM_V3_O2,L2_H2_D16_performer_AttnOnlyFalse_PE-absolute_ResFalse_LR0.0001,ICL-HMM,3,2,performer,False,absolute,False,2,2,16,0.0001,0.959138,0.958622,0.959138,0.039706
ICL-HMM_V3_O2,L2_H1_D16_performer_AttnOnlyFalse_PE-rope_ResTrue_LR0.0001,ICL-HMM,3,2,performer,False,rope,True,2,1,16,0.0001,0.954651,0.961260,0.954651,0.042247
ICL-HMM_V3_O2,L2_H2_D16_performer_AttnOnlyFalse_PE-rope_ResTrue_LR0.0001,ICL-HMM,3,2,performer,False,rope,True,2,2,16,0.0001,0.958478,0.959322,0.958478,0.042590
ICL-HMM_V3_O2,L2_H1_D16_performer_AttnOnlyFalse_PE-rope_ResFalse_LR0.0001,ICL-HMM,3,2,performer,False,rope,False,2,1,16,0.0001,0.960775,0.958451,0.960775,0.043902
ICL-HMM_V3_O2,L2_H2_D16_performer_AttnOnlyFalse_PE-rope_ResFalse_LR0.0001,ICL-HMM,3,2,performer,False,rope,False,2,2,16,0.0001,0.954891,0.955363,0.954891,0.042071
ICL-HMM_V3_O2,L2_H1_D16_standard_AttnOnlyTrue_PE-absolute_ResTrue_LR0.0001,ICL-HMM,3,2,standard,True,absolute,True,2,1,16,0.0001,0.953785,0.957962,0.953785,0.041379
ICL-HMM_V3_O2,L2_H2_D16_standard_AttnOnlyTrue_PE-absolute_ResTrue_LR0.0001,ICL-HMM,3,2,standard,True,absolute,True,2,2,16,0.0001,0.966131,0.958419,0.966131,0.040806
ICL-HMM_V3_O2,L2_H1_D16_standard_AttnOnlyTrue_PE-absolute_ResFalse_LR0.0001,ICL-HMM,3,2,standard,True,absolute,False,2,1,16,0.0001,0.964530,0.962771,0.964530,0.044842
ICL-HMM_V3_O2,L2_H2_D16_standard_AttnOnlyTrue_PE-absolute_ResFalse_LR0.0001,ICL-HMM,3,2,standard,True,absolute,False,2,2,16,0.0001,0.960788,0.961713,0.960788,0.043158
ICL-HMM_V3_O2,L2_H1_D16_standard_AttnOnlyTrue_PE-rpe_ResTrue_LR0.0001,ICL-HMM,3,2,standard,True,rpe,True,2,1,16,0.0001,0.967749,0.962931,0.967749,0.043630
ICL-HMM_V3_O2,L2_H2_D16_standard_AttnOnlyTrue_PE-rpe_ResTrue_LR0.0001,ICL-HMM,3,2,standard,True,rpe,True,2,2,16,0.0001,0.959419,0.960776,0.959419,0.042818
ICL-HMM_V3_O2,L2_H1_D16_standard_AttnOnlyTrue_PE-rpe_ResFalse_LR0.0001,ICL-HMM,3,2,standard,True,rpe,False,2,1,16,0.0001,0.956212,0.962874,0.956212,0.047101
ICL-HMM_V3_O2,L2_H2_D16_standard_AttnOnlyTrue_PE-rpe_ResFalse_LR0.0001,ICL-HMM,3,2,standard,True,rpe,False,2,2,16,0.0001,0.957921,0.960675,0.957921,0.042812
ICL-HMM_V3_O2,L2_H1_D16_standard_AttnOnlyTrue_PE-rope_ResTrue_LR0.0001,ICL-HMM,3,2,standard,True,rope,True,2,1,16,0.0001,0.967505,0.964529,0.967505,0.044695
ICL-HMM_V3_O2,L2_H2_D16_standard_AttnOnlyTrue_PE-rope_ResTrue_LR0.0001,ICL-HMM,3,2,standard,True,rope,True,2,2,16,0.0001,0.952799,0.961439,0.952799,0.043743
ICL-HMM_V3_O2,L2_H1_D16_standard_AttnOnlyTrue_PE-rope_ResFalse_LR0.0001,ICL-HMM,3,2,standard,True,rope,False,2,1,16,0.0001,0.953633,0.965217,0.953633,0.045855
ICL-HMM_V3_O2,L2_H2_D16_standard_AttnOnlyTrue_PE-rope_ResFalse_LR0.0001,ICL-HMM,3,2,standard,True,rope,False,2,2,16,0.0001,0.977166,0.962357,0.977166,0.043076
ICL-HMM_V3_O2,L2_H1_D16_standard_AttnOnlyFalse_PE-absolute_ResTrue_LR0.0001,ICL-HMM,3,2,standard,False,absolute,True,2,1,16,0.0001,0.949119,0.955728,0.949119,0.039221
ICL-HMM_V3_O2,L2_H2_D16_standard_AttnOnlyFalse_PE-absolute_ResTrue_LR0.0001,ICL-HMM,3,2,standard,False,absolute,True,2,2,16,0.0001,0.962589,0.959170,0.962589,0.038911
ICL-HMM_V3_O2,L2_H1_D16_standard_AttnOnlyFalse_PE-absolute_ResFalse_LR0.0001,ICL-HMM,3,2,standard,False,absolute,False,2,1,16,0.0001,0.956599,0.959389,0.956599,0.042424
ICL-HMM_V3_O2,L2_H2_D16_standard_AttnOnlyFalse_PE-absolute_ResFalse_LR0.0001,ICL-HMM,3,2,standard,False,absolute,False,2,2,16,0.0001,0.952164,0.958132,0.952164,0.040672
ICL-HMM_V3_O2,L2_H1_D16_standard_AttnOnlyFalse_PE-rpe_ResTrue_LR0.0001,ICL-HMM,3,2,standard,False,rpe,True,2,1,16,0.0001,0.965723,0.958893,0.965723,0.041256
ICL-HMM_V3_O2,L2_H2_D16_standard_AttnOnlyFalse_PE-rpe_ResTrue_LR0.0001,ICL-HMM,3,2,standard,False,rpe,True,2,2,16,0.0001,0.957605,0.961296,0.957605,0.042680
ICL-HMM_V3_O2,L2_H1_D16_standard_AttnOnlyFalse_PE-rpe_ResFalse_LR0.0001,ICL-HMM,3,2,standard,False,rpe,False,2,1,16,0.0001,0.966549,0.958542,0.966549,0.044104
ICL-HMM_V3_O2,L2_H2_D16_standard_AttnOnlyFalse_PE-rpe_ResFalse_LR0.0001,ICL-HMM,3,2,standard,False,rpe,False,2,2,16,0.0001,0.960362,0.958931,0.960362,0.044625
ICL-HMM_V3_O2,L2_H1_D16_standard_AttnOnlyFalse_PE-rope_ResTrue_LR0.0001,ICL-HMM,3,2,standard,False,rope,True,2,1,16,0.0001,0.974423,0.962872,0.974423,0.042966
ICL-HMM_V3_O2,L2_H2_D16_standard_AttnOnlyFalse_PE-rope_ResTrue_LR0.0001,ICL-HMM,3,2,standard,False,rope,True,2,2,16,0.0001,0.959668,0.963984,0.959668,0.042947
ICL-HMM_V3_O2,L2_H1_D16_standard_AttnOnlyFalse_PE-rope_ResFalse_LR0.0001,ICL-HMM,3,2,standard,False,rope,False,2,1,16,0.0001,0.959755,0.961115,0.959755,0.044268
ICL-HMM_V3_O2,L2_H2_D16_standard_AttnOnlyFalse_PE-rope_ResFalse_LR0.0001,ICL-HMM,3,2,standard,False,rope,False,2,2,16,0.0001,0.951465,0.964426,0.951465,0.040886
ICL-HMM_V3_O2,L2_H1_D16_linear_AttnOnlyTrue_PE-absolute_ResTrue_LR0.0001,ICL-HMM,3,2,linear,True,absolute,True,2,1,16,0.0001,0.965720,0.963761,0.965720,0.044943
ICL-HMM_V3_O2,L2_H2_D16_linear_AttnOnlyTrue_PE-absolute_ResTrue_LR0.0001,ICL-HMM,3,2,linear,True,absolute,True,2,2,16,0.0001,0.962666,0.961341,0.962666,0.041910
ICL-HMM_V3_O2,L2_H1_D16_linear_AttnOnlyTrue_PE-absolute_ResFalse_LR0.0001,ICL-HMM,3,2,linear,True,absolute,False,2,1,16,0.0001,0.976663,0.969295,0.976663,0.047543
ICL-HMM_V3_O2,L2_H2_D16_linear_AttnOnlyTrue_PE-absolute_ResFalse_LR0.0001,ICL-HMM,3,2,linear,True,absolute,False,2,2,16,0.0001,0.964152,0.965296,0.964152,0.043159
ICL-HMM_V3_O2,L2_H1_D16_linear_AttnOnlyTrue_PE-rope_ResTrue_LR0.0001,ICL-HMM,3,2,linear,True,rope,True,2,1,16,0.0001,0.976078,0.965807,0.976078,0.044588
ICL-HMM_V3_O2,L2_H2_D16_linear_AttnOnlyTrue_PE-rope_ResTrue_LR0.0001,ICL-HMM,3,2,linear,True,rope,True,2,2,16,0.0001,0.963696,0.961817,0.963696,0.044152
ICL-HMM_V3_O2,L2_H1_D16_linear_AttnOnlyTrue_PE-rope_ResFalse_LR0.0001,ICL-HMM,3,2,linear,True,rope,False,2,1,16,0.0001,0.975403,0.968695,0.975403,0.049490
ICL-HMM_V3_O2,L2_H2_D16_linear_AttnOnlyTrue_PE-rope_ResFalse_LR0.0001,ICL-HMM,3,2,linear,True,rope,False,2,2,16,0.0001,0.967108,0.967705,0.967108,0.049577
ICL-HMM_V3_O2,L2_H1_D16_linear_AttnOnlyFalse_PE-absolute_ResTrue_LR0.0001,ICL-HMM,3,2,linear,False,absolute,True,2,1,16,0.0001,0.949695,0.957575,0.949695,0.039274
ICL-HMM_V3_O2,L2_H2_D16_linear_AttnOnlyFalse_PE-absolute_ResTrue_LR0.0001,ICL-HMM,3,2,linear,False,absolute,True,2,2,16,0.0001,0.956570,0.962191,0.956570,0.040270
ICL-HMM_V3_O2,L2_H1_D16_linear_AttnOnlyFalse_PE-absolute_ResFalse_LR0.0001,ICL-HMM,3,2,linear,False,absolute,False,2,1,16,0.0001,0.961110,0.960468,0.961110,0.042091
ICL-HMM_V3_O2,L2_H2_D16_linear_AttnOnlyFalse_PE-absolute_ResFalse_LR0.0001,ICL-HMM,3,2,linear,False,absolute,False,2,2,16,0.0001,0.963633,0.961699,0.963633,0.041976
ICL-HMM_V3_O2,L2_H1_D16_linear_AttnOnlyFalse_PE-rope_ResTrue_LR0.0001,ICL-HMM,3,2,linear,False,rope,True,2,1,16,0.0001,0.963992,0.959468,0.963992,0.041721
ICL-HMM_V3_O2,L2_H2_D16_linear_AttnOnlyFalse_PE-rope_ResTrue_LR0.0001,ICL-HMM,3,2,linear,False,rope,True,2,2,16,0.0001,0.964697,0.962123,0.964697,0.041556
ICL-HMM_V3_O2,L2_H1_D16_linear_AttnOnlyFalse_PE-rope_ResFalse_LR0.0001,ICL-HMM,3,2,linear,False,rope,False,2,1,16,0.0001,0.978083,0.968249,0.978083,0.046722
ICL-HMM_V3_O2,L2_H2_D16_linear_AttnOnlyFalse_PE-rope_ResFalse_LR0.0001,ICL-HMM,3,2,linear,False,rope,False,2,2,16,0.0001,0.966629,0.966182,0.966629,0.048955
ICL-HMM_V3_O2,L1_H1_D16_performer_AttnOnlyTrue_PE-absolute_ResTrue_LR0.0001,ICL-HMM,3,2,performer,True,absolute,True,1,1,16,0.0001,0.952516,0.962228,0.952516,0.042198
ICL-HMM_V3_O2,L1_H2_D16_performer_AttnOnlyTrue_PE-absolute_ResTrue_LR0.0001,ICL-HMM,3,2,performer,True,absolute,True,1,2,16,0.0001,0.969732,0.961381,0.969732,0.041875
ICL-HMM_V3_O2,L1_H1_D16_performer_AttnOnlyTrue_PE-absolute_ResFalse_LR0.0001,ICL-HMM,3,2,performer,True,absolute,False,1,1,16,0.0001,0.949339,0.962342,0.949339,0.044756
ICL-HMM_V3_O2,L1_H2_D16_performer_AttnOnlyTrue_PE-absolute_ResFalse_LR0.0001,ICL-HMM,3,2,performer,True,absolute,False,1,2,16,0.0001,0.948565,0.960420,0.948565,0.042953
ICL-HMM_V3_O2,L1_H1_D16_performer_AttnOnlyTrue_PE-rope_ResTrue_LR0.0001,ICL-HMM,3,2,performer,True,rope,True,1,1,16,0.0001,0.966229,0.964862,0.966229,0.047918
ICL-HMM_V3_O2,L1_H2_D16_performer_AttnOnlyTrue_PE-rope_ResTrue_LR0.0001,ICL-HMM,3,2,performer,True,rope,True,1,2,16,0.0001,0.968614,0.963275,0.968614,0.046225
ICL-HMM_V3_O2,L1_H1_D16_performer_AttnOnlyTrue_PE-rope_ResFalse_LR0.0001,ICL-HMM,3,2,performer,True,rope,False,1,1,16,0.0001,0.977837,0.964707,0.977837,0.047324
ICL-HMM_V3_O2,L1_H2_D16_performer_AttnOnlyTrue_PE-rope_ResFalse_LR0.0001,ICL-HMM,3,2,performer,True,rope,False,1,2,16,0.0001,0.952494,0.959526,0.952494,0.044078
ICL-HMM_V3_O2,L1_H1_D16_performer_AttnOnlyFalse_PE-absolute_ResTrue_LR0.0001,ICL-HMM,3,2,performer,False,absolute,True,1,1,16,0.0001,0.960644,0.964223,0.960644,0.040819
ICL-HMM_V3_O2,L1_H2_D16_performer_AttnOnlyFalse_PE-absolute_ResTrue_LR0.0001,ICL-HMM,3,2,performer,False,absolute,True,1,2,16,0.0001,0.949464,0.954547,0.949464,0.039990
ICL-HMM_V3_O2,L1_H1_D16_performer_AttnOnlyFalse_PE-absolute_ResFalse_LR0.0001,ICL-HMM,3,2,performer,False,absolute,False,1,1,16,0.0001,0.964682,0.961311,0.964682,0.041628
ICL-HMM_V3_O2,L1_H2_D16_performer_AttnOnlyFalse_PE-absolute_ResFalse_LR0.0001,ICL-HMM,3,2,performer,False,absolute,False,1,2,16,0.0001,0.962812,0.956656,0.962812,0.039181
ICL-HMM_V3_O2,L1_H1_D16_performer_AttnOnlyFalse_PE-rope_ResTrue_LR0.0001,ICL-HMM,3,2,performer,False,rope,True,1,1,16,0.0001,0.956652,0.964875,0.956652,0.042698
ICL-HMM_V3_O2,L1_H2_D16_performer_AttnOnlyFalse_PE-rope_ResTrue_LR0.0001,ICL-HMM,3,2,performer,False,rope,True,1,2,16,0.0001,0.967515,0.962469,0.967515,0.042667
ICL-HMM_V3_O2,L1_H1_D16_performer_AttnOnlyFalse_PE-rope_ResFalse_LR0.0001,ICL-HMM,3,2,performer,False,rope,False,1,1,16,0.0001,0.962097,0.962559,0.962097,0.042815
ICL-HMM_V3_O2,L1_H2_D16_performer_AttnOnlyFalse_PE-rope_ResFalse_LR0.0001,ICL-HMM,3,2,performer,False,rope,False,1,2,16,0.0001,0.966150,0.964272,0.966150,0.042405
ICL-HMM_V3_O2,L1_H1_D16_standard_AttnOnlyTrue_PE-absolute_ResTrue_LR0.0001,ICL-HMM,3,2,standard,True,absolute,True,1,1,16,0.0001,0.963396,0.962964,0.963396,0.042057
ICL-HMM_V3_O2,L1_H2_D16_standard_AttnOnlyTrue_PE-absolute_ResTrue_LR0.0001,ICL-HMM,3,2,standard,True,absolute,True,1,2,16,0.0001,0.968332,0.966368,0.968332,0.043005
ICL-HMM_V3_O2,L1_H1_D16_standard_AttnOnlyTrue_PE-absolute_ResFalse_LR0.0001,ICL-HMM,3,2,standard,True,absolute,False,1,1,16,0.0001,0.960957,0.961314,0.960957,0.045454
ICL-HMM_V3_O2,L1_H2_D16_standard_AttnOnlyTrue_PE-absolute_ResFalse_LR0.0001,ICL-HMM,3,2,standard,True,absolute,False,1,2,16,0.0001,0.964053,0.962533,0.964053,0.044784
ICL-HMM_V3_O2,L1_H1_D16_standard_AttnOnlyTrue_PE-rpe_ResTrue_LR0.0001,ICL-HMM,3,2,standard,True,rpe,True,1,1,16,0.0001,0.961409,0.964876,0.961409,0.047865
ICL-HMM_V3_O2,L1_H2_D16_standard_AttnOnlyTrue_PE-rpe_ResTrue_LR0.0001,ICL-HMM,3,2,standard,True,rpe,True,1,2,16,0.0001,0.967144,0.965309,0.967144,0.047648
ICL-HMM_V3_O2,L1_H1_D16_standard_AttnOnlyTrue_PE-rpe_ResFalse_LR0.0001,ICL-HMM,3,2,standard,True,rpe,False,1,1,16,0.0001,0.967740,0.967317,0.967740,0.045517
ICL-HMM_V3_O2,L1_H2_D16_standard_AttnOnlyTrue_PE-rpe_ResFalse_LR0.0001,ICL-HMM,3,2,standard,True,rpe,False,1,2,16,0.0001,0.966652,0.967039,0.966652,0.046805
ICL-HMM_V3_O2,L1_H1_D16_standard_AttnOnlyTrue_PE-rope_ResTrue_LR0.0001,ICL-HMM,3,2,standard,True,rope,True,1,1,16,0.0001,0.968501,0.967079,0.968501,0.046554
ICL-HMM_V3_O2,L1_H2_D16_standard_AttnOnlyTrue_PE-rope_ResTrue_LR0.0001,ICL-HMM,3,2,standard,True,rope,True,1,2,16,0.0001,0.969799,0.966124,0.969799,0.045733
ICL-HMM_V3_O2,L1_H1_D16_standard_AttnOnlyTrue_PE-rope_ResFalse_LR0.0001,ICL-HMM,3,2,standard,True,rope,False,1,1,16,0.0001,0.975171,0.968152,0.975171,0.047954
ICL-HMM_V3_O2,L1_H2_D16_standard_AttnOnlyTrue_PE-rope_ResFalse_LR0.0001,ICL-HMM,3,2,standard,True,rope,False,1,2,16,0.0001,0.966099,0.967768,0.966099,0.047773
ICL-HMM_V3_O2,L1_H1_D16_standard_AttnOnlyFalse_PE-absolute_ResTrue_LR0.0001,ICL-HMM,3,2,standard,False,absolute,True,1,1,16,0.0001,0.964342,0.960588,0.964342,0.040681
ICL-HMM_V3_O2,L1_H2_D16_standard_AttnOnlyFalse_PE-absolute_ResTrue_LR0.0001,ICL-HMM,3,2,standard,False,absolute,True,1,2,16,0.0001,0.959783,0.960541,0.959783,0.040427
ICL-HMM_V3_O2,L1_H1_D16_standard_AttnOnlyFalse_PE-absolute_ResFalse_LR0.0001,ICL-HMM,3,2,standard,False,absolute,False,1,1,16,0.0001,0.964136,0.955821,0.964136,0.039305
ICL-HMM_V3_O2,L1_H2_D16_standard_AttnOnlyFalse_PE-absolute_ResFalse_LR0.0001,ICL-HMM,3,2,standard,False,absolute,False,1,2,16,0.0001,0.966824,0.959167,0.966824,0.038991
ICL-HMM_V3_O2,L1_H1_D16_standard_AttnOnlyFalse_PE-rpe_ResTrue_LR0.0001,ICL-HMM,3,2,standard,False,rpe,True,1,1,16,0.0001,0.961634,0.963781,0.961634,0.043350
ICL-HMM_V3_O2,L1_H2_D16_standard_AttnOnlyFalse_PE-rpe_ResTrue_LR0.0001,ICL-HMM,3,2,standard,False,rpe,True,1,2,16,0.0001,0.965533,0.960759,0.965533,0.042509
ICL-HMM_V3_O2,L1_H1_D16_standard_AttnOnlyFalse_PE-rpe_ResFalse_LR0.0001,ICL-HMM,3,2,standard,False,rpe,False,1,1,16,0.0001,0.960470,0.966128,0.960470,0.042249
ICL-HMM_V3_O2,L1_H2_D16_standard_AttnOnlyFalse_PE-rpe_ResFalse_LR0.0001,ICL-HMM,3,2,standard,False,rpe,False,1,2,16,0.0001,0.960156,0.959709,0.960156,0.041601
ICL-HMM_V3_O2,L1_H1_D16_standard_AttnOnlyFalse_PE-rope_ResTrue_LR0.0001,ICL-HMM,3,2,standard,False,rope,True,1,1,16,0.0001,0.972981,0.961064,0.972980,0.042288
ICL-HMM_V3_O2,L1_H2_D16_standard_AttnOnlyFalse_PE-rope_ResTrue_LR0.0001,ICL-HMM,3,2,standard,False,rope,True,1,2,16,0.0001,0.946903,0.961368,0.946903,0.043764
ICL-HMM_V3_O2,L1_H1_D16_standard_AttnOnlyFalse_PE-rope_ResFalse_LR0.0001,ICL-HMM,3,2,standard,False,rope,False,1,1,16,0.0001,0.966387,0.963167,0.966387,0.043033
ICL-HMM_V3_O2,L1_H2_D16_standard_AttnOnlyFalse_PE-rope_ResFalse_LR0.0001,ICL-HMM,3,2,standard,False,rope,False,1,2,16,0.0001,0.956899,0.965809,0.956899,0.041631
ICL-HMM_V3_O2,L1_H1_D16_linear_AttnOnlyTrue_PE-absolute_ResTrue_LR0.0001,ICL-HMM,3,2,linear,True,absolute,True,1,1,16,0.0001,0.963500,0.958187,0.963500,0.043668
ICL-HMM_V3_O2,L1_H2_D16_linear_AttnOnlyTrue_PE-absolute_ResTrue_LR0.0001,ICL-HMM,3,2,linear,True,absolute,True,1,2,16,0.0001,0.952118,0.959215,0.952118,0.042655
ICL-HMM_V3_O2,L1_H1_D16_linear_AttnOnlyTrue_PE-absolute_ResFalse_LR0.0001,ICL-HMM,3,2,linear,True,absolute,False,1,1,16,0.0001,0.969930,0.964546,0.969930,0.044225
ICL-HMM_V3_O2,L1_H2_D16_linear_AttnOnlyTrue_PE-absolute_ResFalse_LR0.0001,ICL-HMM,3,2,linear,True,absolute,False,1,2,16,0.0001,0.938924,0.959825,0.938924,0.042669
ICL-HMM_V3_O2,L1_H1_D16_linear_AttnOnlyTrue_PE-rope_ResTrue_LR0.0001,ICL-HMM,3,2,linear,True,rope,True,1,1,16,0.0001,0.974419,0.964074,0.974419,0.044711
ICL-HMM_V3_O2,L1_H2_D16_linear_AttnOnlyTrue_PE-rope_ResTrue_LR0.0001,ICL-HMM,3,2,linear,True,rope,True,1,2,16,0.0001,0.971104,0.963780,0.971104,0.045626
ICL-HMM_V3_O2,L1_H1_D16_linear_AttnOnlyTrue_PE-rope_ResFalse_LR0.0001,ICL-HMM,3,2,linear,True,rope,False,1,1,16,0.0001,0.969223,0.963860,0.969223,0.048307
ICL-HMM_V3_O2,L1_H2_D16_linear_AttnOnlyTrue_PE-rope_ResFalse_LR0.0001,ICL-HMM,3,2,linear,True,rope,False,1,2,16,0.0001,0.962380,0.966688,0.962380,0.044381
ICL-HMM_V3_O2,L1_H1_D16_linear_AttnOnlyFalse_PE-absolute_ResTrue_LR0.0001,ICL-HMM,3,2,linear,False,absolute,True,1,1,16,0.0001,0.977375,0.959334,0.977375,0.040886
ICL-HMM_V3_O2,L1_H2_D16_linear_AttnOnlyFalse_PE-absolute_ResTrue_LR0.0001,ICL-HMM,3,2,linear,False,absolute,True,1,2,16,0.0001,0.963780,0.963418,0.963780,0.041763
ICL-HMM_V3_O2,L1_H1_D16_linear_AttnOnlyFalse_PE-absolute_ResFalse_LR0.0001,ICL-HMM,3,2,linear,False,absolute,False,1,1,16,0.0001,0.956397,0.956410,0.956397,0.040292
ICL-HMM_V3_O2,L1_H2_D16_linear_AttnOnlyFalse_PE-absolute_ResFalse_LR0.0001,ICL-HMM,3,2,linear,False,absolute,False,1,2,16,0.0001,0.957194,0.959277,0.957194,0.039152
ICL-HMM_V3_O2,L1_H1_D16_linear_AttnOnlyFalse_PE-rope_ResTrue_LR0.0001,ICL-HMM,3,2,linear,False,rope,True,1,1,16,0.0001,0.972965,0.961371,0.972965,0.045301
ICL-HMM_V3_O2,L1_H2_D16_linear_AttnOnlyFalse_PE-rope_ResTrue_LR0.0001,ICL-HMM,3,2,linear,False,rope,True,1,2,16,0.0001,0.954456,0.961931,0.954456,0.042160
ICL-HMM_V3_O2,L1_H1_D16_linear_AttnOnlyFalse_PE-rope_ResFalse_LR0.0001,ICL-HMM,3,2,linear,False,rope,False,1,1,16,0.0001,0.967619,0.966434,0.967619,0.042364
ICL-HMM_V3_O2,L1_H2_D16_linear_AttnOnlyFalse_PE-rope_ResFalse_LR0.0001,ICL-HMM,3,2,linear,False,rope,False,1,2,16,0.0001,0.961750,0.959410,0.961750,0.041996
ICL-HMM_V3_O1,L2_H1_D16_performer_AttnOnlyTrue_PE-absolute_ResTrue_LR0.0001,ICL-HMM,3,1,performer,True,absolute,True,2,1,16,0.0001,0.943586,0.948563,0.943586,0.029220
ICL-HMM_V3_O1,L2_H2_D16_performer_AttnOnlyTrue_PE-absolute_ResTrue_LR0.0001,ICL-HMM,3,1,performer,True,absolute,True,2,2,16,0.0001,0.942720,0.955088,0.942720,0.029397
ICL-HMM_V3_O1,L2_H1_D16_performer_AttnOnlyTrue_PE-absolute_ResFalse_LR0.0001,ICL-HMM,3,1,performer,True,absolute,False,2,1,16,0.0001,0.958439,0.953378,0.958439,0.035194
ICL-HMM_V3_O1,L2_H2_D16_performer_AttnOnlyTrue_PE-absolute_ResFalse_LR0.0001,ICL-HMM,3,1,performer,True,absolute,False,2,2,16,0.0001,0.949800,0.949814,0.949800,0.029379
ICL-HMM_V3_O1,L2_H1_D16_performer_AttnOnlyTrue_PE-rope_ResTrue_LR0.0001,ICL-HMM,3,1,performer,True,rope,True,2,1,16,0.0001,0.961533,0.952542,0.961533,0.033168
ICL-HMM_V3_O1,L2_H2_D16_performer_AttnOnlyTrue_PE-rope_ResTrue_LR0.0001,ICL-HMM,3,1,performer,True,rope,True,2,2,16,0.0001,0.952971,0.955414,0.952971,0.031024
ICL-HMM_V3_O1,L2_H1_D16_performer_AttnOnlyTrue_PE-rope_ResFalse_LR0.0001,ICL-HMM,3,1,performer,True,rope,False,2,1,16,0.0001,0.956728,0.957334,0.956728,0.034654
ICL-HMM_V3_O1,L2_H2_D16_performer_AttnOnlyTrue_PE-rope_ResFalse_LR0.0001,ICL-HMM,3,1,performer,True,rope,False,2,2,16,0.0001,0.950262,0.954139,0.950262,0.031372
ICL-HMM_V3_O1,L2_H1_D16_performer_AttnOnlyFalse_PE-absolute_ResTrue_LR0.0001,ICL-HMM,3,1,performer,False,absolute,True,2,1,16,0.0001,0.939673,0.946735,0.939673,0.029280
ICL-HMM_V3_O1,L2_H2_D16_performer_AttnOnlyFalse_PE-absolute_ResTrue_LR0.0001,ICL-HMM,3,1,performer,False,absolute,True,2,2,16,0.0001,0.940266,0.947397,0.940266,0.027856
ICL-HMM_V3_O1,L2_H1_D16_performer_AttnOnlyFalse_PE-absolute_ResFalse_LR0.0001,ICL-HMM,3,1,performer,False,absolute,False,2,1,16,0.0001,0.943466,0.946796,0.943466,0.030498
ICL-HMM_V3_O1,L2_H2_D16_performer_AttnOnlyFalse_PE-absolute_ResFalse_LR0.0001,ICL-HMM,3,1,performer,False,absolute,False,2,2,16,0.0001,0.963009,0.950555,0.963009,0.029778
ICL-HMM_V3_O1,L2_H1_D16_performer_AttnOnlyFalse_PE-rope_ResTrue_LR0.0001,ICL-HMM,3,1,performer,False,rope,True,2,1,16,0.0001,0.960325,0.952502,0.960325,0.031458
ICL-HMM_V3_O1,L2_H2_D16_performer_AttnOnlyFalse_PE-rope_ResTrue_LR0.0001,ICL-HMM,3,1,performer,False,rope,True,2,2,16,0.0001,0.956524,0.951854,0.956524,0.031988
ICL-HMM_V3_O1,L2_H1_D16_performer_AttnOnlyFalse_PE-rope_ResFalse_LR0.0001,ICL-HMM,3,1,performer,False,rope,False,2,1,16,0.0001,0.959630,0.956879,0.959630,0.032087
ICL-HMM_V3_O1,L2_H2_D16_performer_AttnOnlyFalse_PE-rope_ResFalse_LR0.0001,ICL-HMM,3,1,performer,False,rope,False,2,2,16,0.0001,0.938531,0.950964,0.938531,0.032417
ICL-HMM_V3_O1,L2_H1_D16_standard_AttnOnlyTrue_PE-absolute_ResTrue_LR0.0001,ICL-HMM,3,1,standard,True,absolute,True,2,1,16,0.0001,0.954842,0.951431,0.954842,0.029222
ICL-HMM_V3_O1,L2_H2_D16_standard_AttnOnlyTrue_PE-absolute_ResTrue_LR0.0001,ICL-HMM,3,1,standard,True,absolute,True,2,2,16,0.0001,0.948921,0.951490,0.948921,0.029672
ICL-HMM_V3_O1,L2_H1_D16_standard_AttnOnlyTrue_PE-absolute_ResFalse_LR0.0001,ICL-HMM,3,1,standard,True,absolute,False,2,1,16,0.0001,0.946243,0.953261,0.946243,0.033109
ICL-HMM_V3_O1,L2_H2_D16_standard_AttnOnlyTrue_PE-absolute_ResFalse_LR0.0001,ICL-HMM,3,1,standard,True,absolute,False,2,2,16,0.0001,0.955962,0.949169,0.955962,0.028749
ICL-HMM_V3_O1,L2_H1_D16_standard_AttnOnlyTrue_PE-rpe_ResTrue_LR0.0001,ICL-HMM,3,1,standard,True,rpe,True,2,1,16,0.0001,0.947897,0.953692,0.947897,0.033546
ICL-HMM_V3_O1,L2_H2_D16_standard_AttnOnlyTrue_PE-rpe_ResTrue_LR0.0001,ICL-HMM,3,1,standard,True,rpe,True,2,2,16,0.0001,0.957935,0.956890,0.957935,0.033369
ICL-HMM_V3_O1,L2_H1_D16_standard_AttnOnlyTrue_PE-rpe_ResFalse_LR0.0001,ICL-HMM,3,1,standard,True,rpe,False,2,1,16,0.0001,0.962272,0.950253,0.962272,0.032895
ICL-HMM_V3_O1,L2_H2_D16_standard_AttnOnlyTrue_PE-rpe_ResFalse_LR0.0001,ICL-HMM,3,1,standard,True,rpe,False,2,2,16,0.0001,0.939818,0.953684,0.939818,0.033620
ICL-HMM_V3_O1,L2_H1_D16_standard_AttnOnlyTrue_PE-rope_ResTrue_LR0.0001,ICL-HMM,3,1,standard,True,rope,True,2,1,16,0.0001,0.967634,0.956543,0.967634,0.033262
ICL-HMM_V3_O1,L2_H2_D16_standard_AttnOnlyTrue_PE-rope_ResTrue_LR0.0001,ICL-HMM,3,1,standard,True,rope,True,2,2,16,0.0001,0.943336,0.951756,0.943336,0.032740
ICL-HMM_V3_O1,L2_H1_D16_standard_AttnOnlyTrue_PE-rope_ResFalse_LR0.0001,ICL-HMM,3,1,standard,True,rope,False,2,1,16,0.0001,0.964197,0.957250,0.964197,0.035421
ICL-HMM_V3_O1,L2_H2_D16_standard_AttnOnlyTrue_PE-rope_ResFalse_LR0.0001,ICL-HMM,3,1,standard,True,rope,False,2,2,16,0.0001,0.956163,0.957395,0.956163,0.033202
ICL-HMM_V3_O1,L2_H1_D16_standard_AttnOnlyFalse_PE-absolute_ResTrue_LR0.0001,ICL-HMM,3,1,standard,False,absolute,True,2,1,16,0.0001,0.945382,0.949522,0.945382,0.028069
ICL-HMM_V3_O1,L2_H2_D16_standard_AttnOnlyFalse_PE-absolute_ResTrue_LR0.0001,ICL-HMM,3,1,standard,False,absolute,True,2,2,16,0.0001,0.941115,0.947329,0.941115,0.028910
ICL-HMM_V3_O1,L2_H1_D16_standard_AttnOnlyFalse_PE-absolute_ResFalse_LR0.0001,ICL-HMM,3,1,standard,False,absolute,False,2,1,16,0.0001,0.937716,0.953284,0.937716,0.030317
ICL-HMM_V3_O1,L2_H2_D16_standard_AttnOnlyFalse_PE-absolute_ResFalse_LR0.0001,ICL-HMM,3,1,standard,False,absolute,False,2,2,16,0.0001,0.941875,0.947708,0.941875,0.029386
ICL-HMM_V3_O1,L2_H1_D16_standard_AttnOnlyFalse_PE-rpe_ResTrue_LR0.0001,ICL-HMM,3,1,standard,False,rpe,True,2,1,16,0.0001,0.949425,0.951618,0.949425,0.032261
ICL-HMM_V3_O1,L2_H2_D16_standard_AttnOnlyFalse_PE-rpe_ResTrue_LR0.0001,ICL-HMM,3,1,standard,False,rpe,True,2,2,16,0.0001,0.958987,0.951529,0.958987,0.030697
ICL-HMM_V3_O1,L2_H1_D16_standard_AttnOnlyFalse_PE-rpe_ResFalse_LR0.0001,ICL-HMM,3,1,standard,False,rpe,False,2,1,16,0.0001,0.960881,0.954814,0.960881,0.030834
ICL-HMM_V3_O1,L2_H2_D16_standard_AttnOnlyFalse_PE-rpe_ResFalse_LR0.0001,ICL-HMM,3,1,standard,False,rpe,False,2,2,16,0.0001,0.952358,0.952033,0.952358,0.031249
ICL-HMM_V3_O1,L2_H1_D16_standard_AttnOnlyFalse_PE-rope_ResTrue_LR0.0001,ICL-HMM,3,1,standard,False,rope,True,2,1,16,0.0001,0.962341,0.955130,0.962341,0.030456
ICL-HMM_V3_O1,L2_H2_D16_standard_AttnOnlyFalse_PE-rope_ResTrue_LR0.0001,ICL-HMM,3,1,standard,False,rope,True,2,2,16,0.0001,0.950963,0.952266,0.950963,0.030865
ICL-HMM_V3_O1,L2_H1_D16_standard_AttnOnlyFalse_PE-rope_ResFalse_LR0.0001,ICL-HMM,3,1,standard,False,rope,False,2,1,16,0.0001,0.947994,0.954596,0.947994,0.031570
ICL-HMM_V3_O1,L2_H2_D16_standard_AttnOnlyFalse_PE-rope_ResFalse_LR0.0001,ICL-HMM,3,1,standard,False,rope,False,2,2,16,0.0001,0.945902,0.953886,0.945902,0.031877
ICL-HMM_V3_O1,L2_H1_D16_linear_AttnOnlyTrue_PE-absolute_ResTrue_LR0.0001,ICL-HMM,3,1,linear,True,absolute,True,2,1,16,0.0001,0.940667,0.954169,0.940667,0.031269
ICL-HMM_V3_O1,L2_H2_D16_linear_AttnOnlyTrue_PE-absolute_ResTrue_LR0.0001,ICL-HMM,3,1,linear,True,absolute,True,2,2,16,0.0001,0.953635,0.951117,0.953635,0.029435
ICL-HMM_V3_O1,L2_H1_D16_linear_AttnOnlyTrue_PE-absolute_ResFalse_LR0.0001,ICL-HMM,3,1,linear,True,absolute,False,2,1,16,0.0001,0.946551,0.956196,0.946551,0.037267
ICL-HMM_V3_O1,L2_H2_D16_linear_AttnOnlyTrue_PE-absolute_ResFalse_LR0.0001,ICL-HMM,3,1,linear,True,absolute,False,2,2,16,0.0001,0.948237,0.949214,0.948237,0.032825
ICL-HMM_V3_O1,L2_H1_D16_linear_AttnOnlyTrue_PE-rope_ResTrue_LR0.0001,ICL-HMM,3,1,linear,True,rope,True,2,1,16,0.0001,0.959898,0.956315,0.959898,0.033929
ICL-HMM_V3_O1,L2_H2_D16_linear_AttnOnlyTrue_PE-rope_ResTrue_LR0.0001,ICL-HMM,3,1,linear,True,rope,True,2,2,16,0.0001,0.958569,0.953902,0.958569,0.034207
ICL-HMM_V3_O1,L2_H1_D16_linear_AttnOnlyTrue_PE-rope_ResFalse_LR0.0001,ICL-HMM,3,1,linear,True,rope,False,2,1,16,0.0001,0.963268,0.956005,0.963268,0.036800
ICL-HMM_V3_O1,L2_H2_D16_linear_AttnOnlyTrue_PE-rope_ResFalse_LR0.0001,ICL-HMM,3,1,linear,True,rope,False,2,2,16,0.0001,0.964193,0.959153,0.964193,0.036145
ICL-HMM_V3_O1,L2_H1_D16_linear_AttnOnlyFalse_PE-absolute_ResTrue_LR0.0001,ICL-HMM,3,1,linear,False,absolute,True,2,1,16,0.0001,0.946377,0.944460,0.946377,0.027499
ICL-HMM_V3_O1,L2_H2_D16_linear_AttnOnlyFalse_PE-absolute_ResTrue_LR0.0001,ICL-HMM,3,1,linear,False,absolute,True,2,2,16,0.0001,0.957446,0.950555,0.957445,0.027616
ICL-HMM_V3_O1,L2_H1_D16_linear_AttnOnlyFalse_PE-absolute_ResFalse_LR0.0001,ICL-HMM,3,1,linear,False,absolute,False,2,1,16,0.0001,0.948063,0.950238,0.948063,0.032318
ICL-HMM_V3_O1,L2_H2_D16_linear_AttnOnlyFalse_PE-absolute_ResFalse_LR0.0001,ICL-HMM,3,1,linear,False,absolute,False,2,2,16,0.0001,0.955822,0.954113,0.955822,0.029638
ICL-HMM_V3_O1,L2_H1_D16_linear_AttnOnlyFalse_PE-rope_ResTrue_LR0.0001,ICL-HMM,3,1,linear,False,rope,True,2,1,16,0.0001,0.963439,0.953207,0.963439,0.030921
ICL-HMM_V3_O1,L2_H2_D16_linear_AttnOnlyFalse_PE-rope_ResTrue_LR0.0001,ICL-HMM,3,1,linear,False,rope,True,2,2,16,0.0001,0.950423,0.951604,0.950423,0.030413
ICL-HMM_V3_O1,L2_H1_D16_linear_AttnOnlyFalse_PE-rope_ResFalse_LR0.0001,ICL-HMM,3,1,linear,False,rope,False,2,1,16,0.0001,0.961106,0.956179,0.961106,0.034997
ICL-HMM_V3_O1,L2_H2_D16_linear_AttnOnlyFalse_PE-rope_ResFalse_LR0.0001,ICL-HMM,3,1,linear,False,rope,False,2,2,16,0.0001,0.961789,0.957392,0.961789,0.035524
ICL-HMM_V3_O1,L1_H1_D16_performer_AttnOnlyTrue_PE-absolute_ResTrue_LR0.0001,ICL-HMM,3,1,performer,True,absolute,True,1,1,16,0.0001,0.944312,0.952676,0.944312,0.032647
ICL-HMM_V3_O1,L1_H2_D16_performer_AttnOnlyTrue_PE-absolute_ResTrue_LR0.0001,ICL-HMM,3,1,performer,True,absolute,True,1,2,16,0.0001,0.948961,0.950563,0.948961,0.030371
ICL-HMM_V3_O1,L1_H1_D16_performer_AttnOnlyTrue_PE-absolute_ResFalse_LR0.0001,ICL-HMM,3,1,performer,True,absolute,False,1,1,16,0.0001,0.962638,0.952264,0.962638,0.033733
ICL-HMM_V3_O1,L1_H2_D16_performer_AttnOnlyTrue_PE-absolute_ResFalse_LR0.0001,ICL-HMM,3,1,performer,True,absolute,False,1,2,16,0.0001,0.951928,0.949502,0.951928,0.031315
ICL-HMM_V3_O1,L1_H1_D16_performer_AttnOnlyTrue_PE-rope_ResTrue_LR0.0001,ICL-HMM,3,1,performer,True,rope,True,1,1,16,0.0001,0.962831,0.963162,0.962831,0.034715
ICL-HMM_V3_O1,L1_H2_D16_performer_AttnOnlyTrue_PE-rope_ResTrue_LR0.0001,ICL-HMM,3,1,performer,True,rope,True,1,2,16,0.0001,0.951916,0.957945,0.951916,0.033415
ICL-HMM_V3_O1,L1_H1_D16_performer_AttnOnlyTrue_PE-rope_ResFalse_LR0.0001,ICL-HMM,3,1,performer,True,rope,False,1,1,16,0.0001,0.939781,0.954762,0.939781,0.036788
ICL-HMM_V3_O1,L1_H2_D16_performer_AttnOnlyTrue_PE-rope_ResFalse_LR0.0001,ICL-HMM,3,1,performer,True,rope,False,1,2,16,0.0001,0.945792,0.953526,0.945792,0.032211
ICL-HMM_V3_O1,L1_H1_D16_performer_AttnOnlyFalse_PE-absolute_ResTrue_LR0.0001,ICL-HMM,3,1,performer,False,absolute,True,1,1,16,0.0001,0.941765,0.947599,0.941765,0.028200
ICL-HMM_V3_O1,L1_H2_D16_performer_AttnOnlyFalse_PE-absolute_ResTrue_LR0.0001,ICL-HMM,3,1,performer,False,absolute,True,1,2,16,0.0001,0.953222,0.952848,0.953222,0.030570
ICL-HMM_V3_O1,L1_H1_D16_performer_AttnOnlyFalse_PE-absolute_ResFalse_LR0.0001,ICL-HMM,3,1,performer,False,absolute,False,1,1,16,0.0001,0.952222,0.949692,0.952222,0.029330
ICL-HMM_V3_O1,L1_H2_D16_performer_AttnOnlyFalse_PE-absolute_ResFalse_LR0.0001,ICL-HMM,3,1,performer,False,absolute,False,1,2,16,0.0001,0.959279,0.954414,0.959279,0.029378
ICL-HMM_V3_O1,L1_H1_D16_performer_AttnOnlyFalse_PE-rope_ResTrue_LR0.0001,ICL-HMM,3,1,performer,False,rope,True,1,1,16,0.0001,0.956212,0.957363,0.956212,0.032353
ICL-HMM_V3_O1,L1_H2_D16_performer_AttnOnlyFalse_PE-rope_ResTrue_LR0.0001,ICL-HMM,3,1,performer,False,rope,True,1,2,16,0.0001,0.955187,0.953446,0.955187,0.030976
ICL-HMM_V3_O1,L1_H1_D16_performer_AttnOnlyFalse_PE-rope_ResFalse_LR0.0001,ICL-HMM,3,1,performer,False,rope,False,1,1,16,0.0001,0.950109,0.956256,0.950109,0.031115
ICL-HMM_V3_O1,L1_H2_D16_performer_AttnOnlyFalse_PE-rope_ResFalse_LR0.0001,ICL-HMM,3,1,performer,False,rope,False,1,2,16,0.0001,0.938617,0.950731,0.938617,0.030308
ICL-HMM_V3_O1,L1_H1_D16_standard_AttnOnlyTrue_PE-absolute_ResTrue_LR0.0001,ICL-HMM,3,1,standard,True,absolute,True,1,1,16,0.0001,0.962633,0.954435,0.962633,0.033345
ICL-HMM_V3_O1,L1_H2_D16_standard_AttnOnlyTrue_PE-absolute_ResTrue_LR0.0001,ICL-HMM,3,1,standard,True,absolute,True,1,2,16,0.0001,0.950944,0.956080,0.950944,0.033062
ICL-HMM_V3_O1,L1_H1_D16_standard_AttnOnlyTrue_PE-absolute_ResFalse_LR0.0001,ICL-HMM,3,1,standard,True,absolute,False,1,1,16,0.0001,0.956057,0.955073,0.956057,0.034841
ICL-HMM_V3_O1,L1_H2_D16_standard_AttnOnlyTrue_PE-absolute_ResFalse_LR0.0001,ICL-HMM,3,1,standard,True,absolute,False,1,2,16,0.0001,0.953287,0.955295,0.953287,0.033124
ICL-HMM_V3_O1,L1_H1_D16_standard_AttnOnlyTrue_PE-rpe_ResTrue_LR0.0001,ICL-HMM,3,1,standard,True,rpe,True,1,1,16,0.0001,0.955741,0.958566,0.955741,0.036524
ICL-HMM_V3_O1,L1_H2_D16_standard_AttnOnlyTrue_PE-rpe_ResTrue_LR0.0001,ICL-HMM,3,1,standard,True,rpe,True,1,2,16,0.0001,0.942063,0.957469,0.942063,0.036135
ICL-HMM_V3_O1,L1_H1_D16_standard_AttnOnlyTrue_PE-rpe_ResFalse_LR0.0001,ICL-HMM,3,1,standard,True,rpe,False,1,1,16,0.0001,0.966936,0.960102,0.966936,0.037356
ICL-HMM_V3_O1,L1_H2_D16_standard_AttnOnlyTrue_PE-rpe_ResFalse_LR0.0001,ICL-HMM,3,1,standard,True,rpe,False,1,2,16,0.0001,0.960503,0.953322,0.960503,0.035342
ICL-HMM_V3_O1,L1_H1_D16_standard_AttnOnlyTrue_PE-rope_ResTrue_LR0.0001,ICL-HMM,3,1,standard,True,rope,True,1,1,16,0.0001,0.958374,0.960789,0.958374,0.036317
ICL-HMM_V3_O1,L1_H2_D16_standard_AttnOnlyTrue_PE-rope_ResTrue_LR0.0001,ICL-HMM,3,1,standard,True,rope,True,1,2,16,0.0001,0.945746,0.957164,0.945746,0.034821
ICL-HMM_V3_O1,L1_H1_D16_standard_AttnOnlyTrue_PE-rope_ResFalse_LR0.0001,ICL-HMM,3,1,standard,True,rope,False,1,1,16,0.0001,0.965932,0.955938,0.965932,0.035457
ICL-HMM_V3_O1,L1_H2_D16_standard_AttnOnlyTrue_PE-rope_ResFalse_LR0.0001,ICL-HMM,3,1,standard,True,rope,False,1,2,16,0.0001,0.958329,0.957055,0.958329,0.036332
ICL-HMM_V3_O1,L1_H1_D16_standard_AttnOnlyFalse_PE-absolute_ResTrue_LR0.0001,ICL-HMM,3,1,standard,False,absolute,True,1,1,16,0.0001,0.949855,0.948811,0.949855,0.028387
ICL-HMM_V3_O1,L1_H2_D16_standard_AttnOnlyFalse_PE-absolute_ResTrue_LR0.0001,ICL-HMM,3,1,standard,False,absolute,True,1,2,16,0.0001,0.939006,0.951140,0.939006,0.028938
ICL-HMM_V3_O1,L1_H1_D16_standard_AttnOnlyFalse_PE-absolute_ResFalse_LR0.0001,ICL-HMM,3,1,standard,False,absolute,False,1,1,16,0.0001,0.949480,0.947218,0.949480,0.028779
ICL-HMM_V3_O1,L1_H2_D16_standard_AttnOnlyFalse_PE-absolute_ResFalse_LR0.0001,ICL-HMM,3,1,standard,False,absolute,False,1,2,16,0.0001,0.940325,0.949291,0.940325,0.028321
ICL-HMM_V3_O1,L1_H1_D16_standard_AttnOnlyFalse_PE-rpe_ResTrue_LR0.0001,ICL-HMM,3,1,standard,False,rpe,True,1,1,16,0.0001,0.964655,0.954327,0.964655,0.032032
ICL-HMM_V3_O1,L1_H2_D16_standard_AttnOnlyFalse_PE-rpe_ResTrue_LR0.0001,ICL-HMM,3,1,standard,False,rpe,True,1,2,16,0.0001,0.952970,0.952161,0.952970,0.031689
ICL-HMM_V3_O1,L1_H1_D16_standard_AttnOnlyFalse_PE-rpe_ResFalse_LR0.0001,ICL-HMM,3,1,standard,False,rpe,False,1,1,16,0.0001,0.958854,0.953243,0.958854,0.032022
ICL-HMM_V3_O1,L1_H2_D16_standard_AttnOnlyFalse_PE-rpe_ResFalse_LR0.0001,ICL-HMM,3,1,standard,False,rpe,False,1,2,16,0.0001,0.960113,0.953675,0.960113,0.030764
ICL-HMM_V3_O1,L1_H1_D16_standard_AttnOnlyFalse_PE-rope_ResTrue_LR0.0001,ICL-HMM,3,1,standard,False,rope,True,1,1,16,0.0001,0.958794,0.951710,0.958794,0.032991
ICL-HMM_V3_O1,L1_H2_D16_standard_AttnOnlyFalse_PE-rope_ResTrue_LR0.0001,ICL-HMM,3,1,standard,False,rope,True,1,2,16,0.0001,0.957749,0.957766,0.957749,0.032219
ICL-HMM_V3_O1,L1_H1_D16_standard_AttnOnlyFalse_PE-rope_ResFalse_LR0.0001,ICL-HMM,3,1,standard,False,rope,False,1,1,16,0.0001,0.949038,0.953118,0.949038,0.030688
ICL-HMM_V3_O1,L1_H2_D16_standard_AttnOnlyFalse_PE-rope_ResFalse_LR0.0001,ICL-HMM,3,1,standard,False,rope,False,1,2,16,0.0001,0.947541,0.953002,0.947541,0.030209
ICL-HMM_V3_O1,L1_H1_D16_linear_AttnOnlyTrue_PE-absolute_ResTrue_LR0.0001,ICL-HMM,3,1,linear,True,absolute,True,1,1,16,0.0001,0.959615,0.953790,0.959614,0.033920
ICL-HMM_V3_O1,L1_H2_D16_linear_AttnOnlyTrue_PE-absolute_ResTrue_LR0.0001,ICL-HMM,3,1,linear,True,absolute,True,1,2,16,0.0001,0.948618,0.951443,0.948618,0.029588
ICL-HMM_V3_O1,L1_H1_D16_linear_AttnOnlyTrue_PE-absolute_ResFalse_LR0.0001,ICL-HMM,3,1,linear,True,absolute,False,1,1,16,0.0001,0.977034,0.958498,0.977034,0.033548
ICL-HMM_V3_O1,L1_H2_D16_linear_AttnOnlyTrue_PE-absolute_ResFalse_LR0.0001,ICL-HMM,3,1,linear,True,absolute,False,1,2,16,0.0001,0.961015,0.949555,0.961015,0.030402
ICL-HMM_V3_O1,L1_H1_D16_linear_AttnOnlyTrue_PE-rope_ResTrue_LR0.0001,ICL-HMM,3,1,linear,True,rope,True,1,1,16,0.0001,0.956336,0.957791,0.956336,0.036224
ICL-HMM_V3_O1,L1_H2_D16_linear_AttnOnlyTrue_PE-rope_ResTrue_LR0.0001,ICL-HMM,3,1,linear,True,rope,True,1,2,16,0.0001,0.967441,0.955716,0.967441,0.034442
ICL-HMM_V3_O1,L1_H1_D16_linear_AttnOnlyTrue_PE-rope_ResFalse_LR0.0001,ICL-HMM,3,1,linear,True,rope,False,1,1,16,0.0001,0.953603,0.955615,0.953603,0.036678
ICL-HMM_V3_O1,L1_H2_D16_linear_AttnOnlyTrue_PE-rope_ResFalse_LR0.0001,ICL-HMM,3,1,linear,True,rope,False,1,2,16,0.0001,0.944401,0.952821,0.944401,0.034268
ICL-HMM_V3_O1,L1_H1_D16_linear_AttnOnlyFalse_PE-absolute_ResTrue_LR0.0001,ICL-HMM,3,1,linear,False,absolute,True,1,1,16,0.0001,0.940706,0.952466,0.940706,0.028576
ICL-HMM_V3_O1,L1_H2_D16_linear_AttnOnlyFalse_PE-absolute_ResTrue_LR0.0001,ICL-HMM,3,1,linear,False,absolute,True,1,2,16,0.0001,0.955809,0.951591,0.955809,0.029222
ICL-HMM_V3_O1,L1_H1_D16_linear_AttnOnlyFalse_PE-absolute_ResFalse_LR0.0001,ICL-HMM,3,1,linear,False,absolute,False,1,1,16,0.0001,0.949419,0.949321,0.949419,0.027542
ICL-HMM_V3_O1,L1_H2_D16_linear_AttnOnlyFalse_PE-absolute_ResFalse_LR0.0001,ICL-HMM,3,1,linear,False,absolute,False,1,2,16,0.0001,0.943670,0.953684,0.943670,0.029268
ICL-HMM_V3_O1,L1_H1_D16_linear_AttnOnlyFalse_PE-rope_ResTrue_LR0.0001,ICL-HMM,3,1,linear,False,rope,True,1,1,16,0.0001,0.960032,0.951100,0.960032,0.031764
ICL-HMM_V3_O1,L1_H2_D16_linear_AttnOnlyFalse_PE-rope_ResTrue_LR0.0001,ICL-HMM,3,1,linear,False,rope,True,1,2,16,0.0001,0.954679,0.953793,0.954679,0.032013
ICL-HMM_V3_O1,L1_H1_D16_linear_AttnOnlyFalse_PE-rope_ResFalse_LR0.0001,ICL-HMM,3,1,linear,False,rope,False,1,1,16,0.0001,0.947458,0.952809,0.947458,0.032048
ICL-HMM_V3_O1,L1_H2_D16_linear_AttnOnlyFalse_PE-rope_ResFalse_LR0.0001,ICL-HMM,3,1,linear,False,rope,False,1,2,16,0.0001,0.948358,0.952242,0.948358,0.031023
