context_idx,tok=0,tok=1
0,0.7346664,0.26533362
1,0.5963144,0.4036857
2,0.38546726,0.6145328
3,0.24469535,0.75530463
