context_idx,tok=0,tok=1,tok=2
0,0.38884497,0.31342375,0.29773128
1,0.31075191,0.4042257,0.2850224
2,0.30593294,0.29216003,0.40190703
