context_idx,tok=0,tok=1,tok=2
0,0.5577071,0.23805133,0.20424159
1,0.41928124,0.29397222,0.28674653
2,0.39843905,0.30578348,0.29577747
3,0.27753738,0.40873328,0.31372935
4,0.21509606,0.5740433,0.21086068
5,0.32546157,0.37827393,0.2962645
6,0.27896908,0.31463918,0.40639174
7,0.3240103,0.28743544,0.38855422
8,0.21937099,0.21874511,0.5618839
