context_idx,tok=0,tok=1
0,0.68214923,0.3178508
1,0.32331508,0.6766849
