context_idx,tok=0,tok=1,tok=2
0,0.34988266,0.32023263,0.3298847
