context_idx,tok=0,tok=1
0,0.50429547,0.49570453
