context_idx,tok=0,tok=1
0,0.6390588,0.36094114
1,0.57129866,0.42870134
2,0.45228794,0.547712
3,0.3383103,0.6616897
