context_idx,tok=0,tok=1,tok=2
0,0.33184147,0.3240135,0.344145
