context_idx,tok=0,tok=1
0,0.49964288,0.5003571
