context_idx,tok=0,tok=1
0,0.5820182,0.4179818
1,0.4200957,0.5799043
