context_idx,tok=0,tok=1,tok=2
0,0.3720686,0.3226364,0.305295
1,0.31324095,0.40289,0.28386906
2,0.3074593,0.30865833,0.38388237
