context_idx,tok=0,tok=1,tok=2
0,0.3295549,0.3327313,0.33771378
