context_idx,tok=0,tok=1,tok=2
0,0.5399575,0.23565942,0.22438307
1,0.40542057,0.3001869,0.29439253
2,0.39806017,0.31571653,0.2862233
3,0.2605058,0.4293592,0.310135
4,0.23075785,0.5571344,0.21210776
5,0.3198823,0.40836486,0.27175283
6,0.28077084,0.31661832,0.40261087
7,0.32645905,0.30129924,0.3722417
8,0.22183566,0.22415507,0.55400926
