context_idx,tok=0,tok=1,tok=2
0,0.41068584,0.2867438,0.30257037
1,0.2751447,0.41844997,0.30640537
2,0.29941055,0.32957214,0.3710173
