context_idx,tok=0,tok=1
0,0.49984697,0.50015306
