context_idx,tok=0,tok=1
0,0.5654701,0.4345299
1,0.43273377,0.5672662
