context_idx,tok=0,tok=1
0,0.49264058,0.50735945
