context_idx,tok=0,tok=1
0,0.5932535,0.40674648
1,0.39138913,0.60861087
