context_idx,tok=0,tok=1
0,0.5954064,0.40459356
1,0.40414086,0.59585917
