context_idx,tok=0,tok=1
0,0.6918298,0.30817023
1,0.5826532,0.4173468
2,0.42556897,0.57443106
3,0.29992938,0.7000706
