context_idx,tok=0,tok=1
0,0.5012304,0.4987696
