context_idx,tok=0,tok=1,tok=2
0,0.52142733,0.2296076,0.24896507
1,0.2518972,0.48887187,0.2592309
2,0.26296914,0.25282878,0.48420206
