context_idx,tok=0,tok=1,tok=2
0,0.33537394,0.33706763,0.3275584
