context_idx,tok=0,tok=1,tok=2
0,0.3963282,0.2988994,0.30477235
1,0.29086834,0.3969215,0.3122102
2,0.30224213,0.30508688,0.39267096
