context_idx,tok=0,tok=1,tok=2
0,0.32920182,0.33484897,0.3359492
