context_idx,tok=0,tok=1
0,0.63206655,0.36793348
1,0.5493632,0.4506368
2,0.45560488,0.5443951
3,0.36099306,0.6390069
