context_idx,tok=0,tok=1
0,0.50025505,0.49974492
