context_idx,tok=0,tok=1
0,0.754245,0.24575503
1,0.53931296,0.460687
2,0.45416805,0.545832
3,0.5923825,0.4076175
4,0.41066667,0.58933336
5,0.5583948,0.4416052
6,0.45741126,0.5425887
7,0.22625929,0.7737407
