context_idx,tok=0,tok=1
0,0.4987626,0.5012374
