context_idx,tok=0,tok=1
0,0.61271805,0.387282
1,0.545586,0.45441398
2,0.44331238,0.5566876
3,0.39535996,0.60464
