context_idx,tok=0,tok=1,tok=2
0,0.3308234,0.34588307,0.32329354
