context_idx,tok=0,tok=1,tok=2
0,0.3283709,0.34551787,0.32611123
