context_idx,tok=0,tok=1,tok=2
0,0.3224977,0.3331905,0.3443118
