context_idx,tok=0,tok=1
0,0.5100669,0.489933
