context_idx,tok=0,tok=1,tok=2
0,0.48734817,0.25392208,0.25872976
1,0.24357091,0.50949055,0.24693853
2,0.2444115,0.23676252,0.51882595
