context_idx,tok=0,tok=1,tok=2
0,0.53149855,0.2198776,0.24862386
1,0.25053895,0.49193648,0.25752458
2,0.2534616,0.24842547,0.49811295
