context_idx,tok=0,tok=1,tok=2
0,0.34813476,0.31590888,0.3359563
