context_idx,tok=0,tok=1
0,0.70290846,0.29709157
1,0.6345296,0.36547044
2,0.38330477,0.6166952
3,0.27565494,0.724345
