context_idx,tok=0,tok=1,tok=2
0,0.35277846,0.31782752,0.329394
1,0.29943195,0.37666184,0.3239062
2,0.32122788,0.31844825,0.36032388
