context_idx,tok=0,tok=1,tok=2
0,0.35081068,0.3185119,0.33067745
1,0.32080936,0.34766722,0.33152348
2,0.32366043,0.30561522,0.37072432
