Dataset_Setting,Model_Setting,Data_Name,Num_Symbols,N_Order,Model_Type,Attention_Only,PE_Type,Use_Residual,Layers,Heads,Embed_Dim,LR,Final_Sample_CE,Final_Theory_CE,Final_Sample_KL,Final_Theory_KL
HMM_V2_O2,L2_H1_D16_performer_AttnOnlyTrue_PE-absolute_ResTrue_LR0.0005,HMM,2,2,performer,True,absolute,True,2,1,16,0.0005,1.040511,1.029065,1.040511,0.562600
HMM_V2_O2,L2_H2_D16_performer_AttnOnlyTrue_PE-absolute_ResTrue_LR0.0005,HMM,2,2,performer,True,absolute,True,2,2,16,0.0005,0.717520,0.718436,0.717520,0.048364
HMM_V2_O2,L2_H1_D16_performer_AttnOnlyTrue_PE-absolute_ResFalse_LR0.0005,HMM,2,2,performer,True,absolute,False,2,1,16,0.0005,0.658967,0.653010,0.658967,0.117542
HMM_V2_O2,L2_H2_D16_performer_AttnOnlyTrue_PE-absolute_ResFalse_LR0.0005,HMM,2,2,performer,True,absolute,False,2,2,16,0.0005,0.712472,0.718406,0.712472,0.030321
HMM_V2_O2,L2_H1_D16_performer_AttnOnlyTrue_PE-rope_ResTrue_LR0.0005,HMM,2,2,performer,True,rope,True,2,1,16,0.0005,0.858637,0.854213,0.858637,0.311327
HMM_V2_O2,L2_H2_D16_performer_AttnOnlyTrue_PE-rope_ResTrue_LR0.0005,HMM,2,2,performer,True,rope,True,2,2,16,0.0005,0.631427,0.633774,0.631427,0.090795
HMM_V2_O2,L2_H1_D16_performer_AttnOnlyTrue_PE-rope_ResFalse_LR0.0005,HMM,2,2,performer,True,rope,False,2,1,16,0.0005,0.714921,0.705783,0.714921,0.089539
HMM_V2_O2,L2_H2_D16_performer_AttnOnlyTrue_PE-rope_ResFalse_LR0.0005,HMM,2,2,performer,True,rope,False,2,2,16,0.0005,1.013120,1.012971,1.013120,0.449991
HMM_V2_O2,L2_H1_D16_performer_AttnOnlyFalse_PE-absolute_ResTrue_LR0.0005,HMM,2,2,performer,False,absolute,True,2,1,16,0.0005,0.642587,0.641655,0.642587,0.114769
HMM_V2_O2,L2_H2_D16_performer_AttnOnlyFalse_PE-absolute_ResTrue_LR0.0005,HMM,2,2,performer,False,absolute,True,2,2,16,0.0005,0.846300,0.845042,0.846300,0.300958
HMM_V2_O2,L2_H1_D16_performer_AttnOnlyFalse_PE-absolute_ResFalse_LR0.0005,HMM,2,2,performer,False,absolute,False,2,1,16,0.0005,0.667067,0.679069,0.667067,0.097344
HMM_V2_O2,L2_H2_D16_performer_AttnOnlyFalse_PE-absolute_ResFalse_LR0.0005,HMM,2,2,performer,False,absolute,False,2,2,16,0.0005,0.724227,0.720386,0.724227,0.094558
HMM_V2_O2,L2_H1_D16_performer_AttnOnlyFalse_PE-rope_ResTrue_LR0.0005,HMM,2,2,performer,False,rope,True,2,1,16,0.0005,0.781728,0.786052,0.781728,0.113536
HMM_V2_O2,L2_H2_D16_performer_AttnOnlyFalse_PE-rope_ResTrue_LR0.0005,HMM,2,2,performer,False,rope,True,2,2,16,0.0005,0.716371,0.713991,0.716371,0.034674
HMM_V2_O2,L2_H1_D16_performer_AttnOnlyFalse_PE-rope_ResFalse_LR0.0005,HMM,2,2,performer,False,rope,False,2,1,16,0.0005,0.838358,0.837677,0.838358,0.369795
HMM_V2_O2,L2_H2_D16_performer_AttnOnlyFalse_PE-rope_ResFalse_LR0.0005,HMM,2,2,performer,False,rope,False,2,2,16,0.0005,1.671435,1.680553,1.671435,1.245226
HMM_V2_O2,L2_H1_D16_standard_AttnOnlyTrue_PE-absolute_ResTrue_LR0.0005,HMM,2,2,standard,True,absolute,True,2,1,16,0.0005,0.677233,0.678467,0.677233,0.020311
HMM_V2_O2,L2_H2_D16_standard_AttnOnlyTrue_PE-absolute_ResTrue_LR0.0005,HMM,2,2,standard,True,absolute,True,2,2,16,0.0005,0.648906,0.643529,0.648905,0.039334
HMM_V2_O2,L2_H1_D16_standard_AttnOnlyTrue_PE-absolute_ResFalse_LR0.0005,HMM,2,2,standard,True,absolute,False,2,1,16,0.0005,1.005955,0.995370,1.005955,0.391653
HMM_V2_O2,L2_H2_D16_standard_AttnOnlyTrue_PE-absolute_ResFalse_LR0.0005,HMM,2,2,standard,True,absolute,False,2,2,16,0.0005,0.789952,0.784503,0.789952,0.105648
HMM_V2_O2,L2_H1_D16_standard_AttnOnlyTrue_PE-rpe_ResTrue_LR0.0005,HMM,2,2,standard,True,rpe,True,2,1,16,0.0005,0.842402,0.837688,0.842402,0.275459
HMM_V2_O2,L2_H2_D16_standard_AttnOnlyTrue_PE-rpe_ResTrue_LR0.0005,HMM,2,2,standard,True,rpe,True,2,2,16,0.0005,0.693356,0.694606,0.693356,0.266194
HMM_V2_O2,L2_H1_D16_standard_AttnOnlyTrue_PE-rpe_ResFalse_LR0.0005,HMM,2,2,standard,True,rpe,False,2,1,16,0.0005,0.614937,0.617218,0.614937,0.053021
HMM_V2_O2,L2_H2_D16_standard_AttnOnlyTrue_PE-rpe_ResFalse_LR0.0005,HMM,2,2,standard,True,rpe,False,2,2,16,0.0005,0.824554,0.835176,0.824554,0.252211
HMM_V2_O2,L2_H1_D16_standard_AttnOnlyTrue_PE-rope_ResTrue_LR0.0005,HMM,2,2,standard,True,rope,True,2,1,16,0.0005,0.858494,0.861602,0.858494,0.242899
HMM_V2_O2,L2_H2_D16_standard_AttnOnlyTrue_PE-rope_ResTrue_LR0.0005,HMM,2,2,standard,True,rope,True,2,2,16,0.0005,1.117317,1.119408,1.117317,0.581484
HMM_V2_O2,L2_H1_D16_standard_AttnOnlyTrue_PE-rope_ResFalse_LR0.0005,HMM,2,2,standard,True,rope,False,2,1,16,0.0005,1.446638,1.430681,1.446638,0.817296
HMM_V2_O2,L2_H2_D16_standard_AttnOnlyTrue_PE-rope_ResFalse_LR0.0005,HMM,2,2,standard,True,rope,False,2,2,16,0.0005,0.963230,0.963364,0.963230,0.288893
HMM_V2_O2,L2_H1_D16_standard_AttnOnlyFalse_PE-absolute_ResTrue_LR0.0005,HMM,2,2,standard,False,absolute,True,2,1,16,0.0005,0.754161,0.755774,0.754161,0.179661
HMM_V2_O2,L2_H2_D16_standard_AttnOnlyFalse_PE-absolute_ResTrue_LR0.0005,HMM,2,2,standard,False,absolute,True,2,2,16,0.0005,0.648183,0.643804,0.648183,0.059731
HMM_V2_O2,L2_H1_D16_standard_AttnOnlyFalse_PE-absolute_ResFalse_LR0.0005,HMM,2,2,standard,False,absolute,False,2,1,16,0.0005,0.735383,0.730706,0.735383,0.056269
HMM_V2_O2,L2_H2_D16_standard_AttnOnlyFalse_PE-absolute_ResFalse_LR0.0005,HMM,2,2,standard,False,absolute,False,2,2,16,0.0005,2.183393,2.202207,2.183392,1.748505
HMM_V2_O2,L2_H1_D16_standard_AttnOnlyFalse_PE-rpe_ResTrue_LR0.0005,HMM,2,2,standard,False,rpe,True,2,1,16,0.0005,0.637347,0.644954,0.637347,0.187469
HMM_V2_O2,L2_H2_D16_standard_AttnOnlyFalse_PE-rpe_ResTrue_LR0.0005,HMM,2,2,standard,False,rpe,True,2,2,16,0.0005,0.693649,0.691442,0.693649,0.019345
HMM_V2_O2,L2_H1_D16_standard_AttnOnlyFalse_PE-rpe_ResFalse_LR0.0005,HMM,2,2,standard,False,rpe,False,2,1,16,0.0005,1.035227,1.029782,1.035227,0.366666
HMM_V2_O2,L2_H2_D16_standard_AttnOnlyFalse_PE-rpe_ResFalse_LR0.0005,HMM,2,2,standard,False,rpe,False,2,2,16,0.0005,1.046389,1.043033,1.046389,0.555605
HMM_V2_O2,L2_H1_D16_standard_AttnOnlyFalse_PE-rope_ResTrue_LR0.0005,HMM,2,2,standard,False,rope,True,2,1,16,0.0005,1.011955,1.034452,1.011955,0.376552
HMM_V2_O2,L2_H2_D16_standard_AttnOnlyFalse_PE-rope_ResTrue_LR0.0005,HMM,2,2,standard,False,rope,True,2,2,16,0.0005,0.642853,0.640188,0.642853,0.161019
HMM_V2_O2,L2_H1_D16_standard_AttnOnlyFalse_PE-rope_ResFalse_LR0.0005,HMM,2,2,standard,False,rope,False,2,1,16,0.0005,1.833946,1.800783,1.833946,1.152160
HMM_V2_O2,L2_H2_D16_standard_AttnOnlyFalse_PE-rope_ResFalse_LR0.0005,HMM,2,2,standard,False,rope,False,2,2,16,0.0005,0.920917,0.920599,0.920917,0.276860
HMM_V2_O2,L2_H1_D16_linear_AttnOnlyTrue_PE-absolute_ResTrue_LR0.0005,HMM,2,2,linear,True,absolute,True,2,1,16,0.0005,1.595668,1.560155,1.595668,0.905546
HMM_V2_O2,L2_H2_D16_linear_AttnOnlyTrue_PE-absolute_ResTrue_LR0.0005,HMM,2,2,linear,True,absolute,True,2,2,16,0.0005,1.217677,1.208830,1.217677,0.653664
HMM_V2_O2,L2_H1_D16_linear_AttnOnlyTrue_PE-absolute_ResFalse_LR0.0005,HMM,2,2,linear,True,absolute,False,2,1,16,0.0005,1.264782,1.264959,1.264782,0.771690
HMM_V2_O2,L2_H2_D16_linear_AttnOnlyTrue_PE-absolute_ResFalse_LR0.0005,HMM,2,2,linear,True,absolute,False,2,2,16,0.0005,0.718317,0.716197,0.718317,0.060705
HMM_V2_O2,L2_H1_D16_linear_AttnOnlyTrue_PE-rope_ResTrue_LR0.0005,HMM,2,2,linear,True,rope,True,2,1,16,0.0005,1.005668,0.993751,1.005668,0.321181
HMM_V2_O2,L2_H2_D16_linear_AttnOnlyTrue_PE-rope_ResTrue_LR0.0005,HMM,2,2,linear,True,rope,True,2,2,16,0.0005,0.716520,0.714610,0.716520,0.064282
HMM_V2_O2,L2_H1_D16_linear_AttnOnlyTrue_PE-rope_ResFalse_LR0.0005,HMM,2,2,linear,True,rope,False,2,1,16,0.0005,0.515935,0.518299,0.515935,0.147284
HMM_V2_O2,L2_H2_D16_linear_AttnOnlyTrue_PE-rope_ResFalse_LR0.0005,HMM,2,2,linear,True,rope,False,2,2,16,0.0005,0.615118,0.613346,0.615118,0.206378
HMM_V2_O2,L2_H1_D16_linear_AttnOnlyFalse_PE-absolute_ResTrue_LR0.0005,HMM,2,2,linear,False,absolute,True,2,1,16,0.0005,0.757078,0.756931,0.757078,0.098231
HMM_V2_O2,L2_H2_D16_linear_AttnOnlyFalse_PE-absolute_ResTrue_LR0.0005,HMM,2,2,linear,False,absolute,True,2,2,16,0.0005,0.821824,0.819583,0.821824,0.419837
HMM_V2_O2,L2_H1_D16_linear_AttnOnlyFalse_PE-absolute_ResFalse_LR0.0005,HMM,2,2,linear,False,absolute,False,2,1,16,0.0005,1.301437,1.294247,1.301437,0.733785
HMM_V2_O2,L2_H2_D16_linear_AttnOnlyFalse_PE-absolute_ResFalse_LR0.0005,HMM,2,2,linear,False,absolute,False,2,2,16,0.0005,0.644912,0.679057,0.644912,0.094141
HMM_V2_O2,L2_H1_D16_linear_AttnOnlyFalse_PE-rope_ResTrue_LR0.0005,HMM,2,2,linear,False,rope,True,2,1,16,0.0005,0.573725,0.565443,0.573725,0.019940
HMM_V2_O2,L2_H2_D16_linear_AttnOnlyFalse_PE-rope_ResTrue_LR0.0005,HMM,2,2,linear,False,rope,True,2,2,16,0.0005,0.663887,0.664948,0.663887,0.124226
HMM_V2_O2,L2_H1_D16_linear_AttnOnlyFalse_PE-rope_ResFalse_LR0.0005,HMM,2,2,linear,False,rope,False,2,1,16,0.0005,1.140494,1.139468,1.140494,0.514325
HMM_V2_O2,L2_H2_D16_linear_AttnOnlyFalse_PE-rope_ResFalse_LR0.0005,HMM,2,2,linear,False,rope,False,2,2,16,0.0005,1.866506,1.882829,1.866506,1.190559
HMM_V2_O2,L1_H1_D16_performer_AttnOnlyTrue_PE-absolute_ResTrue_LR0.0005,HMM,2,2,performer,True,absolute,True,1,1,16,0.0005,0.753214,0.741903,0.753214,0.108369
HMM_V2_O2,L1_H2_D16_performer_AttnOnlyTrue_PE-absolute_ResTrue_LR0.0005,HMM,2,2,performer,True,absolute,True,1,2,16,0.0005,0.773023,0.774098,0.773023,0.145521
HMM_V2_O2,L1_H1_D16_performer_AttnOnlyTrue_PE-absolute_ResFalse_LR0.0005,HMM,2,2,performer,True,absolute,False,1,1,16,0.0005,0.564678,0.559072,0.564678,0.122719
HMM_V2_O2,L1_H2_D16_performer_AttnOnlyTrue_PE-absolute_ResFalse_LR0.0005,HMM,2,2,performer,True,absolute,False,1,2,16,0.0005,0.669066,0.673078,0.669066,0.084265
HMM_V2_O2,L1_H1_D16_performer_AttnOnlyTrue_PE-rope_ResTrue_LR0.0005,HMM,2,2,performer,True,rope,True,1,1,16,0.0005,0.679767,0.677798,0.679767,0.067694
HMM_V2_O2,L1_H2_D16_performer_AttnOnlyTrue_PE-rope_ResTrue_LR0.0005,HMM,2,2,performer,True,rope,True,1,2,16,0.0005,0.844107,0.845226,0.844107,0.176383
HMM_V2_O2,L1_H1_D16_performer_AttnOnlyTrue_PE-rope_ResFalse_LR0.0005,HMM,2,2,performer,True,rope,False,1,1,16,0.0005,0.717343,0.717960,0.717343,0.046814
HMM_V2_O2,L1_H2_D16_performer_AttnOnlyTrue_PE-rope_ResFalse_LR0.0005,HMM,2,2,performer,True,rope,False,1,2,16,0.0005,0.687296,0.687222,0.687296,0.349838
HMM_V2_O2,L1_H1_D16_performer_AttnOnlyFalse_PE-absolute_ResTrue_LR0.0005,HMM,2,2,performer,False,absolute,True,1,1,16,0.0005,0.828700,0.829671,0.828700,0.778611
HMM_V2_O2,L1_H2_D16_performer_AttnOnlyFalse_PE-absolute_ResTrue_LR0.0005,HMM,2,2,performer,False,absolute,True,1,2,16,0.0005,1.011756,1.014035,1.011756,0.723894
HMM_V2_O2,L1_H1_D16_performer_AttnOnlyFalse_PE-absolute_ResFalse_LR0.0005,HMM,2,2,performer,False,absolute,False,1,1,16,0.0005,2.213100,2.209026,2.213100,1.863334
HMM_V2_O2,L1_H2_D16_performer_AttnOnlyFalse_PE-absolute_ResFalse_LR0.0005,HMM,2,2,performer,False,absolute,False,1,2,16,0.0005,0.758037,0.773118,0.758037,0.102921
HMM_V2_O2,L1_H1_D16_performer_AttnOnlyFalse_PE-rope_ResTrue_LR0.0005,HMM,2,2,performer,False,rope,True,1,1,16,0.0005,0.510479,0.520363,0.510479,0.007372
HMM_V2_O2,L1_H2_D16_performer_AttnOnlyFalse_PE-rope_ResTrue_LR0.0005,HMM,2,2,performer,False,rope,True,1,2,16,0.0005,0.762522,0.762949,0.762522,0.080934
HMM_V2_O2,L1_H1_D16_performer_AttnOnlyFalse_PE-rope_ResFalse_LR0.0005,HMM,2,2,performer,False,rope,False,1,1,16,0.0005,0.798348,0.795863,0.798348,0.131717
HMM_V2_O2,L1_H2_D16_performer_AttnOnlyFalse_PE-rope_ResFalse_LR0.0005,HMM,2,2,performer,False,rope,False,1,2,16,0.0005,0.528466,0.530798,0.528466,0.116489
HMM_V2_O2,L1_H1_D16_standard_AttnOnlyTrue_PE-absolute_ResTrue_LR0.0005,HMM,2,2,standard,True,absolute,True,1,1,16,0.0005,0.617207,0.616906,0.617207,0.039229
HMM_V2_O2,L1_H2_D16_standard_AttnOnlyTrue_PE-absolute_ResTrue_LR0.0005,HMM,2,2,standard,True,absolute,True,1,2,16,0.0005,0.664372,0.649543,0.664372,0.027899
HMM_V2_O2,L1_H1_D16_standard_AttnOnlyTrue_PE-absolute_ResFalse_LR0.0005,HMM,2,2,standard,True,absolute,False,1,1,16,0.0005,1.309943,1.312718,1.309943,0.769366
HMM_V2_O2,L1_H2_D16_standard_AttnOnlyTrue_PE-absolute_ResFalse_LR0.0005,HMM,2,2,standard,True,absolute,False,1,2,16,0.0005,0.777351,0.774445,0.777351,0.181426
HMM_V2_O2,L1_H1_D16_standard_AttnOnlyTrue_PE-rpe_ResTrue_LR0.0005,HMM,2,2,standard,True,rpe,True,1,1,16,0.0005,0.646886,0.645877,0.646886,0.436336
HMM_V2_O2,L1_H2_D16_standard_AttnOnlyTrue_PE-rpe_ResTrue_LR0.0005,HMM,2,2,standard,True,rpe,True,1,2,16,0.0005,0.396076,0.397080,0.396076,0.241834
HMM_V2_O2,L1_H1_D16_standard_AttnOnlyTrue_PE-rpe_ResFalse_LR0.0005,HMM,2,2,standard,True,rpe,False,1,1,16,0.0005,0.709851,0.709694,0.709851,0.290191
HMM_V2_O2,L1_H2_D16_standard_AttnOnlyTrue_PE-rpe_ResFalse_LR0.0005,HMM,2,2,standard,True,rpe,False,1,2,16,0.0005,0.701202,0.702541,0.701202,0.066005
HMM_V2_O2,L1_H1_D16_standard_AttnOnlyTrue_PE-rope_ResTrue_LR0.0005,HMM,2,2,standard,True,rope,True,1,1,16,0.0005,1.194028,1.188889,1.194028,0.621404
HMM_V2_O2,L1_H2_D16_standard_AttnOnlyTrue_PE-rope_ResTrue_LR0.0005,HMM,2,2,standard,True,rope,True,1,2,16,0.0005,0.698097,0.699264,0.698097,0.021358
HMM_V2_O2,L1_H1_D16_standard_AttnOnlyTrue_PE-rope_ResFalse_LR0.0005,HMM,2,2,standard,True,rope,False,1,1,16,0.0005,2.832363,2.826542,2.832363,2.620289
HMM_V2_O2,L1_H2_D16_standard_AttnOnlyTrue_PE-rope_ResFalse_LR0.0005,HMM,2,2,standard,True,rope,False,1,2,16,0.0005,1.101582,1.119519,1.101582,0.466926
HMM_V2_O2,L1_H1_D16_standard_AttnOnlyFalse_PE-absolute_ResTrue_LR0.0005,HMM,2,2,standard,False,absolute,True,1,1,16,0.0005,0.536507,0.531641,0.536507,0.004176
HMM_V2_O2,L1_H2_D16_standard_AttnOnlyFalse_PE-absolute_ResTrue_LR0.0005,HMM,2,2,standard,False,absolute,True,1,2,16,0.0005,0.420957,0.418307,0.420957,0.023213
HMM_V2_O2,L1_H1_D16_standard_AttnOnlyFalse_PE-absolute_ResFalse_LR0.0005,HMM,2,2,standard,False,absolute,False,1,1,16,0.0005,1.261977,1.276078,1.261977,0.740536
HMM_V2_O2,L1_H2_D16_standard_AttnOnlyFalse_PE-absolute_ResFalse_LR0.0005,HMM,2,2,standard,False,absolute,False,1,2,16,0.0005,0.691679,0.692057,0.691679,0.016919
HMM_V2_O2,L1_H1_D16_standard_AttnOnlyFalse_PE-rpe_ResTrue_LR0.0005,HMM,2,2,standard,False,rpe,True,1,1,16,0.0005,0.291345,0.303485,0.291345,0.051814
HMM_V2_O2,L1_H2_D16_standard_AttnOnlyFalse_PE-rpe_ResTrue_LR0.0005,HMM,2,2,standard,False,rpe,True,1,2,16,0.0005,0.810399,0.812029,0.810399,0.159943
HMM_V2_O2,L1_H1_D16_standard_AttnOnlyFalse_PE-rpe_ResFalse_LR0.0005,HMM,2,2,standard,False,rpe,False,1,1,16,0.0005,0.797999,0.807610,0.797999,0.134532
HMM_V2_O2,L1_H2_D16_standard_AttnOnlyFalse_PE-rpe_ResFalse_LR0.0005,HMM,2,2,standard,False,rpe,False,1,2,16,0.0005,0.752081,0.752632,0.752081,0.245843
HMM_V2_O2,L1_H1_D16_standard_AttnOnlyFalse_PE-rope_ResTrue_LR0.0005,HMM,2,2,standard,False,rope,True,1,1,16,0.0005,0.630195,0.632136,0.630195,0.010828
HMM_V2_O2,L1_H2_D16_standard_AttnOnlyFalse_PE-rope_ResTrue_LR0.0005,HMM,2,2,standard,False,rope,True,1,2,16,0.0005,0.673156,0.663543,0.673156,0.012908
HMM_V2_O2,L1_H1_D16_standard_AttnOnlyFalse_PE-rope_ResFalse_LR0.0005,HMM,2,2,standard,False,rope,False,1,1,16,0.0005,1.072467,1.060537,1.072467,0.424374
HMM_V2_O2,L1_H2_D16_standard_AttnOnlyFalse_PE-rope_ResFalse_LR0.0005,HMM,2,2,standard,False,rope,False,1,2,16,0.0005,0.677814,0.677856,0.677814,0.026679
HMM_V2_O2,L1_H1_D16_linear_AttnOnlyTrue_PE-absolute_ResTrue_LR0.0005,HMM,2,2,linear,True,absolute,True,1,1,16,0.0005,0.794133,0.795279,0.794133,0.141943
HMM_V2_O2,L1_H2_D16_linear_AttnOnlyTrue_PE-absolute_ResTrue_LR0.0005,HMM,2,2,linear,True,absolute,True,1,2,16,0.0005,1.146497,1.162819,1.146497,0.484062
HMM_V2_O2,L1_H1_D16_linear_AttnOnlyTrue_PE-absolute_ResFalse_LR0.0005,HMM,2,2,linear,True,absolute,False,1,1,16,0.0005,0.667565,0.668288,0.667565,0.186129
HMM_V2_O2,L1_H2_D16_linear_AttnOnlyTrue_PE-absolute_ResFalse_LR0.0005,HMM,2,2,linear,True,absolute,False,1,2,16,0.0005,0.905604,0.899708,0.905604,0.298644
HMM_V2_O2,L1_H1_D16_linear_AttnOnlyTrue_PE-rope_ResTrue_LR0.0005,HMM,2,2,linear,True,rope,True,1,1,16,0.0005,0.504308,0.502783,0.504308,0.033139
HMM_V2_O2,L1_H2_D16_linear_AttnOnlyTrue_PE-rope_ResTrue_LR0.0005,HMM,2,2,linear,True,rope,True,1,2,16,0.0005,0.823290,0.826660,0.823290,0.157652
HMM_V2_O2,L1_H1_D16_linear_AttnOnlyTrue_PE-rope_ResFalse_LR0.0005,HMM,2,2,linear,True,rope,False,1,1,16,0.0005,0.790077,0.796944,0.790077,0.119318
HMM_V2_O2,L1_H2_D16_linear_AttnOnlyTrue_PE-rope_ResFalse_LR0.0005,HMM,2,2,linear,True,rope,False,1,2,16,0.0005,0.711857,0.716837,0.711857,0.094189
HMM_V2_O2,L1_H1_D16_linear_AttnOnlyFalse_PE-absolute_ResTrue_LR0.0005,HMM,2,2,linear,False,absolute,True,1,1,16,0.0005,0.646822,0.643838,0.646822,0.041525
HMM_V2_O2,L1_H2_D16_linear_AttnOnlyFalse_PE-absolute_ResTrue_LR0.0005,HMM,2,2,linear,False,absolute,True,1,2,16,0.0005,0.702763,0.703483,0.702763,0.057327
HMM_V2_O2,L1_H1_D16_linear_AttnOnlyFalse_PE-absolute_ResFalse_LR0.0005,HMM,2,2,linear,False,absolute,False,1,1,16,0.0005,1.967016,1.959238,1.967016,1.409288
HMM_V2_O2,L1_H2_D16_linear_AttnOnlyFalse_PE-absolute_ResFalse_LR0.0005,HMM,2,2,linear,False,absolute,False,1,2,16,0.0005,0.754967,0.754745,0.754967,0.076793
HMM_V2_O2,L1_H1_D16_linear_AttnOnlyFalse_PE-rope_ResTrue_LR0.0005,HMM,2,2,linear,False,rope,True,1,1,16,0.0005,0.814061,0.801475,0.814061,0.253456
HMM_V2_O2,L1_H2_D16_linear_AttnOnlyFalse_PE-rope_ResTrue_LR0.0005,HMM,2,2,linear,False,rope,True,1,2,16,0.0005,0.795977,0.794190,0.795977,0.210451
HMM_V2_O2,L1_H1_D16_linear_AttnOnlyFalse_PE-rope_ResFalse_LR0.0005,HMM,2,2,linear,False,rope,False,1,1,16,0.0005,0.634081,0.640633,0.634081,0.009305
HMM_V2_O2,L1_H2_D16_linear_AttnOnlyFalse_PE-rope_ResFalse_LR0.0005,HMM,2,2,linear,False,rope,False,1,2,16,0.0005,2.495006,2.460184,2.495006,2.003357
HMM_V2_O1,L2_H1_D16_performer_AttnOnlyTrue_PE-absolute_ResTrue_LR0.0005,HMM,2,1,performer,True,absolute,True,2,1,16,0.0005,0.790410,0.789119,0.790410,0.189626
HMM_V2_O1,L2_H2_D16_performer_AttnOnlyTrue_PE-absolute_ResTrue_LR0.0005,HMM,2,1,performer,True,absolute,True,2,2,16,0.0005,0.628324,0.625702,0.628324,0.012737
HMM_V2_O1,L2_H1_D16_performer_AttnOnlyTrue_PE-absolute_ResFalse_LR0.0005,HMM,2,1,performer,True,absolute,False,2,1,16,0.0005,0.651479,0.651291,0.651479,0.095745
HMM_V2_O1,L2_H2_D16_performer_AttnOnlyTrue_PE-absolute_ResFalse_LR0.0005,HMM,2,1,performer,True,absolute,False,2,2,16,0.0005,0.694108,0.672323,0.694108,0.043691
HMM_V2_O1,L2_H1_D16_performer_AttnOnlyTrue_PE-rope_ResTrue_LR0.0005,HMM,2,1,performer,True,rope,True,2,1,16,0.0005,1.492216,1.481775,1.492216,0.877363
HMM_V2_O1,L2_H2_D16_performer_AttnOnlyTrue_PE-rope_ResTrue_LR0.0005,HMM,2,1,performer,True,rope,True,2,2,16,0.0005,0.539790,0.539488,0.539790,0.197469
HMM_V2_O1,L2_H1_D16_performer_AttnOnlyTrue_PE-rope_ResFalse_LR0.0005,HMM,2,1,performer,True,rope,False,2,1,16,0.0005,0.546129,0.546402,0.546129,0.089716
HMM_V2_O1,L2_H2_D16_performer_AttnOnlyTrue_PE-rope_ResFalse_LR0.0005,HMM,2,1,performer,True,rope,False,2,2,16,0.0005,0.616346,0.617804,0.616346,0.087222
HMM_V2_O1,L2_H1_D16_performer_AttnOnlyFalse_PE-absolute_ResTrue_LR0.0005,HMM,2,1,performer,False,absolute,True,2,1,16,0.0005,0.571064,0.575454,0.571064,0.047364
HMM_V2_O1,L2_H2_D16_performer_AttnOnlyFalse_PE-absolute_ResTrue_LR0.0005,HMM,2,1,performer,False,absolute,True,2,2,16,0.0005,0.879201,0.886264,0.879201,0.246674
HMM_V2_O1,L2_H1_D16_performer_AttnOnlyFalse_PE-absolute_ResFalse_LR0.0005,HMM,2,1,performer,False,absolute,False,2,1,16,0.0005,0.689856,0.684039,0.689856,0.029653
HMM_V2_O1,L2_H2_D16_performer_AttnOnlyFalse_PE-absolute_ResFalse_LR0.0005,HMM,2,1,performer,False,absolute,False,2,2,16,0.0005,1.005782,1.008665,1.005782,0.412331
HMM_V2_O1,L2_H1_D16_performer_AttnOnlyFalse_PE-rope_ResTrue_LR0.0005,HMM,2,1,performer,False,rope,True,2,1,16,0.0005,1.246892,1.257105,1.246892,0.655717
HMM_V2_O1,L2_H2_D16_performer_AttnOnlyFalse_PE-rope_ResTrue_LR0.0005,HMM,2,1,performer,False,rope,True,2,2,16,0.0005,0.664784,0.663409,0.664784,0.011948
HMM_V2_O1,L2_H1_D16_performer_AttnOnlyFalse_PE-rope_ResFalse_LR0.0005,HMM,2,1,performer,False,rope,False,2,1,16,0.0005,0.276424,0.282144,0.276424,0.050425
HMM_V2_O1,L2_H2_D16_performer_AttnOnlyFalse_PE-rope_ResFalse_LR0.0005,HMM,2,1,performer,False,rope,False,2,2,16,0.0005,0.621966,0.629122,0.621966,0.044955
HMM_V2_O1,L2_H1_D16_standard_AttnOnlyTrue_PE-absolute_ResTrue_LR0.0005,HMM,2,1,standard,True,absolute,True,2,1,16,0.0005,0.517092,0.521412,0.517092,0.000935
HMM_V2_O1,L2_H2_D16_standard_AttnOnlyTrue_PE-absolute_ResTrue_LR0.0005,HMM,2,1,standard,True,absolute,True,2,2,16,0.0005,0.635716,0.636147,0.635716,0.037630
HMM_V2_O1,L2_H1_D16_standard_AttnOnlyTrue_PE-absolute_ResFalse_LR0.0005,HMM,2,1,standard,True,absolute,False,2,1,16,0.0005,1.213539,1.219613,1.213539,0.649870
HMM_V2_O1,L2_H2_D16_standard_AttnOnlyTrue_PE-absolute_ResFalse_LR0.0005,HMM,2,1,standard,True,absolute,False,2,2,16,0.0005,0.610263,0.617083,0.610263,0.001522
HMM_V2_O1,L2_H1_D16_standard_AttnOnlyTrue_PE-rpe_ResTrue_LR0.0005,HMM,2,1,standard,True,rpe,True,2,1,16,0.0005,0.697617,0.697110,0.697617,0.025829
HMM_V2_O1,L2_H2_D16_standard_AttnOnlyTrue_PE-rpe_ResTrue_LR0.0005,HMM,2,1,standard,True,rpe,True,2,2,16,0.0005,0.704754,0.705662,0.704754,0.062483
HMM_V2_O1,L2_H1_D16_standard_AttnOnlyTrue_PE-rpe_ResFalse_LR0.0005,HMM,2,1,standard,True,rpe,False,2,1,16,0.0005,1.503450,1.499081,1.503449,1.009188
HMM_V2_O1,L2_H2_D16_standard_AttnOnlyTrue_PE-rpe_ResFalse_LR0.0005,HMM,2,1,standard,True,rpe,False,2,2,16,0.0005,1.109604,1.126569,1.109604,0.477102
HMM_V2_O1,L2_H1_D16_standard_AttnOnlyTrue_PE-rope_ResTrue_LR0.0005,HMM,2,1,standard,True,rope,True,2,1,16,0.0005,0.882510,0.884447,0.882510,0.217643
HMM_V2_O1,L2_H2_D16_standard_AttnOnlyTrue_PE-rope_ResTrue_LR0.0005,HMM,2,1,standard,True,rope,True,2,2,16,0.0005,1.083727,1.079089,1.083727,0.427507
HMM_V2_O1,L2_H1_D16_standard_AttnOnlyTrue_PE-rope_ResFalse_LR0.0005,HMM,2,1,standard,True,rope,False,2,1,16,0.0005,0.794963,0.798660,0.794963,0.112196
HMM_V2_O1,L2_H2_D16_standard_AttnOnlyTrue_PE-rope_ResFalse_LR0.0005,HMM,2,1,standard,True,rope,False,2,2,16,0.0005,0.563955,0.559283,0.563955,0.040740
HMM_V2_O1,L2_H1_D16_standard_AttnOnlyFalse_PE-absolute_ResTrue_LR0.0005,HMM,2,1,standard,False,absolute,True,2,1,16,0.0005,0.750850,0.755349,0.750850,0.092979
HMM_V2_O1,L2_H2_D16_standard_AttnOnlyFalse_PE-absolute_ResTrue_LR0.0005,HMM,2,1,standard,False,absolute,True,2,2,16,0.0005,0.524602,0.526818,0.524601,0.093281
HMM_V2_O1,L2_H1_D16_standard_AttnOnlyFalse_PE-absolute_ResFalse_LR0.0005,HMM,2,1,standard,False,absolute,False,2,1,16,0.0005,0.699566,0.699415,0.699565,0.097691
HMM_V2_O1,L2_H2_D16_standard_AttnOnlyFalse_PE-absolute_ResFalse_LR0.0005,HMM,2,1,standard,False,absolute,False,2,2,16,0.0005,0.870720,0.870570,0.870720,0.419382
HMM_V2_O1,L2_H1_D16_standard_AttnOnlyFalse_PE-rpe_ResTrue_LR0.0005,HMM,2,1,standard,False,rpe,True,2,1,16,0.0005,0.915969,0.917166,0.915969,0.235068
HMM_V2_O1,L2_H2_D16_standard_AttnOnlyFalse_PE-rpe_ResTrue_LR0.0005,HMM,2,1,standard,False,rpe,True,2,2,16,0.0005,0.640580,0.639501,0.640580,0.052649
HMM_V2_O1,L2_H1_D16_standard_AttnOnlyFalse_PE-rpe_ResFalse_LR0.0005,HMM,2,1,standard,False,rpe,False,2,1,16,0.0005,1.104464,1.104481,1.104464,0.603776
HMM_V2_O1,L2_H2_D16_standard_AttnOnlyFalse_PE-rpe_ResFalse_LR0.0005,HMM,2,1,standard,False,rpe,False,2,2,16,0.0005,0.690417,0.689518,0.690417,0.025680
HMM_V2_O1,L2_H1_D16_standard_AttnOnlyFalse_PE-rope_ResTrue_LR0.0005,HMM,2,1,standard,False,rope,True,2,1,16,0.0005,0.752122,0.749972,0.752122,0.299856
HMM_V2_O1,L2_H2_D16_standard_AttnOnlyFalse_PE-rope_ResTrue_LR0.0005,HMM,2,1,standard,False,rope,True,2,2,16,0.0005,0.601888,0.605070,0.601888,0.006520
HMM_V2_O1,L2_H1_D16_standard_AttnOnlyFalse_PE-rope_ResFalse_LR0.0005,HMM,2,1,standard,False,rope,False,2,1,16,0.0005,0.646206,0.645787,0.646206,0.250426
HMM_V2_O1,L2_H2_D16_standard_AttnOnlyFalse_PE-rope_ResFalse_LR0.0005,HMM,2,1,standard,False,rope,False,2,2,16,0.0005,0.679705,0.679457,0.679705,0.031105
HMM_V2_O1,L2_H1_D16_linear_AttnOnlyTrue_PE-absolute_ResTrue_LR0.0005,HMM,2,1,linear,True,absolute,True,2,1,16,0.0005,0.690267,0.690010,0.690267,0.004774
HMM_V2_O1,L2_H2_D16_linear_AttnOnlyTrue_PE-absolute_ResTrue_LR0.0005,HMM,2,1,linear,True,absolute,True,2,2,16,0.0005,0.701543,0.700816,0.701543,0.114557
HMM_V2_O1,L2_H1_D16_linear_AttnOnlyTrue_PE-absolute_ResFalse_LR0.0005,HMM,2,1,linear,True,absolute,False,2,1,16,0.0005,0.656947,0.659228,0.656947,0.057422
HMM_V2_O1,L2_H2_D16_linear_AttnOnlyTrue_PE-absolute_ResFalse_LR0.0005,HMM,2,1,linear,True,absolute,False,2,2,16,0.0005,0.885204,0.868553,0.885204,0.192705
HMM_V2_O1,L2_H1_D16_linear_AttnOnlyTrue_PE-rope_ResTrue_LR0.0005,HMM,2,1,linear,True,rope,True,2,1,16,0.0005,0.692294,0.683430,0.692294,0.055299
HMM_V2_O1,L2_H2_D16_linear_AttnOnlyTrue_PE-rope_ResTrue_LR0.0005,HMM,2,1,linear,True,rope,True,2,2,16,0.0005,0.720685,0.726999,0.720685,0.081288
HMM_V2_O1,L2_H1_D16_linear_AttnOnlyTrue_PE-rope_ResFalse_LR0.0005,HMM,2,1,linear,True,rope,False,2,1,16,0.0005,0.670140,0.671048,0.670139,0.120649
HMM_V2_O1,L2_H2_D16_linear_AttnOnlyTrue_PE-rope_ResFalse_LR0.0005,HMM,2,1,linear,True,rope,False,2,2,16,0.0005,0.721863,0.728009,0.721863,0.034863
HMM_V2_O1,L2_H1_D16_linear_AttnOnlyFalse_PE-absolute_ResTrue_LR0.0005,HMM,2,1,linear,False,absolute,True,2,1,16,0.0005,0.771901,0.775420,0.771901,0.170237
HMM_V2_O1,L2_H2_D16_linear_AttnOnlyFalse_PE-absolute_ResTrue_LR0.0005,HMM,2,1,linear,False,absolute,True,2,2,16,0.0005,0.764331,0.766435,0.764331,0.323204
HMM_V2_O1,L2_H1_D16_linear_AttnOnlyFalse_PE-absolute_ResFalse_LR0.0005,HMM,2,1,linear,False,absolute,False,2,1,16,0.0005,0.751366,0.751061,0.751366,0.217812
HMM_V2_O1,L2_H2_D16_linear_AttnOnlyFalse_PE-absolute_ResFalse_LR0.0005,HMM,2,1,linear,False,absolute,False,2,2,16,0.0005,0.754131,0.754323,0.754131,0.107657
HMM_V2_O1,L2_H1_D16_linear_AttnOnlyFalse_PE-rope_ResTrue_LR0.0005,HMM,2,1,linear,False,rope,True,2,1,16,0.0005,0.517499,0.517944,0.517499,0.081922
HMM_V2_O1,L2_H2_D16_linear_AttnOnlyFalse_PE-rope_ResTrue_LR0.0005,HMM,2,1,linear,False,rope,True,2,2,16,0.0005,1.564817,1.563770,1.564817,1.152365
HMM_V2_O1,L2_H1_D16_linear_AttnOnlyFalse_PE-rope_ResFalse_LR0.0005,HMM,2,1,linear,False,rope,False,2,1,16,0.0005,0.886145,0.888805,0.886145,0.212922
HMM_V2_O1,L2_H2_D16_linear_AttnOnlyFalse_PE-rope_ResFalse_LR0.0005,HMM,2,1,linear,False,rope,False,2,2,16,0.0005,0.227342,0.223942,0.227342,0.133991
HMM_V2_O1,L1_H1_D16_performer_AttnOnlyTrue_PE-absolute_ResTrue_LR0.0005,HMM,2,1,performer,True,absolute,True,1,1,16,0.0005,0.697494,0.694951,0.697494,0.004676
HMM_V2_O1,L1_H2_D16_performer_AttnOnlyTrue_PE-absolute_ResTrue_LR0.0005,HMM,2,1,performer,True,absolute,True,1,2,16,0.0005,0.773021,0.769316,0.773021,0.091033
HMM_V2_O1,L1_H1_D16_performer_AttnOnlyTrue_PE-absolute_ResFalse_LR0.0005,HMM,2,1,performer,True,absolute,False,1,1,16,0.0005,0.583355,0.583328,0.583355,0.314915
HMM_V2_O1,L1_H2_D16_performer_AttnOnlyTrue_PE-absolute_ResFalse_LR0.0005,HMM,2,1,performer,True,absolute,False,1,2,16,0.0005,0.789470,0.801136,0.789470,0.123744
HMM_V2_O1,L1_H1_D16_performer_AttnOnlyTrue_PE-rope_ResTrue_LR0.0005,HMM,2,1,performer,True,rope,True,1,1,16,0.0005,0.698648,0.700343,0.698648,0.151977
HMM_V2_O1,L1_H2_D16_performer_AttnOnlyTrue_PE-rope_ResTrue_LR0.0005,HMM,2,1,performer,True,rope,True,1,2,16,0.0005,0.947893,0.933469,0.947893,0.250586
HMM_V2_O1,L1_H1_D16_performer_AttnOnlyTrue_PE-rope_ResFalse_LR0.0005,HMM,2,1,performer,True,rope,False,1,1,16,0.0005,0.528587,0.523242,0.528587,0.032222
HMM_V2_O1,L1_H2_D16_performer_AttnOnlyTrue_PE-rope_ResFalse_LR0.0005,HMM,2,1,performer,True,rope,False,1,2,16,0.0005,1.765212,1.780314,1.765212,1.216477
HMM_V2_O1,L1_H1_D16_performer_AttnOnlyFalse_PE-absolute_ResTrue_LR0.0005,HMM,2,1,performer,False,absolute,True,1,1,16,0.0005,0.518449,0.502758,0.518449,0.000235
HMM_V2_O1,L1_H2_D16_performer_AttnOnlyFalse_PE-absolute_ResTrue_LR0.0005,HMM,2,1,performer,False,absolute,True,1,2,16,0.0005,0.720169,0.715603,0.720169,0.039306
HMM_V2_O1,L1_H1_D16_performer_AttnOnlyFalse_PE-absolute_ResFalse_LR0.0005,HMM,2,1,performer,False,absolute,False,1,1,16,0.0005,0.993662,1.006541,0.993662,0.319688
HMM_V2_O1,L1_H2_D16_performer_AttnOnlyFalse_PE-absolute_ResFalse_LR0.0005,HMM,2,1,performer,False,absolute,False,1,2,16,0.0005,0.653050,0.656040,0.653050,0.011395
HMM_V2_O1,L1_H1_D16_performer_AttnOnlyFalse_PE-rope_ResTrue_LR0.0005,HMM,2,1,performer,False,rope,True,1,1,16,0.0005,0.818087,0.817078,0.818087,0.608228
HMM_V2_O1,L1_H2_D16_performer_AttnOnlyFalse_PE-rope_ResTrue_LR0.0005,HMM,2,1,performer,False,rope,True,1,2,16,0.0005,0.898872,0.898839,0.898872,0.297557
HMM_V2_O1,L1_H1_D16_performer_AttnOnlyFalse_PE-rope_ResFalse_LR0.0005,HMM,2,1,performer,False,rope,False,1,1,16,0.0005,0.704629,0.705100,0.704629,0.096386
HMM_V2_O1,L1_H2_D16_performer_AttnOnlyFalse_PE-rope_ResFalse_LR0.0005,HMM,2,1,performer,False,rope,False,1,2,16,0.0005,0.881103,0.886267,0.881103,0.197454
HMM_V2_O1,L1_H1_D16_standard_AttnOnlyTrue_PE-absolute_ResTrue_LR0.0005,HMM,2,1,standard,True,absolute,True,1,1,16,0.0005,0.846848,0.853468,0.846848,0.245166
HMM_V2_O1,L1_H2_D16_standard_AttnOnlyTrue_PE-absolute_ResTrue_LR0.0005,HMM,2,1,standard,True,absolute,True,1,2,16,0.0005,0.835534,0.832709,0.835534,0.147954
HMM_V2_O1,L1_H1_D16_standard_AttnOnlyTrue_PE-absolute_ResFalse_LR0.0005,HMM,2,1,standard,True,absolute,False,1,1,16,0.0005,0.712074,0.714274,0.712074,0.148476
HMM_V2_O1,L1_H2_D16_standard_AttnOnlyTrue_PE-absolute_ResFalse_LR0.0005,HMM,2,1,standard,True,absolute,False,1,2,16,0.0005,0.628895,0.631336,0.628895,0.002282
HMM_V2_O1,L1_H1_D16_standard_AttnOnlyTrue_PE-rpe_ResTrue_LR0.0005,HMM,2,1,standard,True,rpe,True,1,1,16,0.0005,0.786836,0.782252,0.786836,0.098583
HMM_V2_O1,L1_H2_D16_standard_AttnOnlyTrue_PE-rpe_ResTrue_LR0.0005,HMM,2,1,standard,True,rpe,True,1,2,16,0.0005,0.549304,0.552831,0.549304,0.043656
HMM_V2_O1,L1_H1_D16_standard_AttnOnlyTrue_PE-rpe_ResFalse_LR0.0005,HMM,2,1,standard,True,rpe,False,1,1,16,0.0005,1.083181,1.078657,1.083181,0.513725
HMM_V2_O1,L1_H2_D16_standard_AttnOnlyTrue_PE-rpe_ResFalse_LR0.0005,HMM,2,1,standard,True,rpe,False,1,2,16,0.0005,0.693007,0.687847,0.693007,0.031609
HMM_V2_O1,L1_H1_D16_standard_AttnOnlyTrue_PE-rope_ResTrue_LR0.0005,HMM,2,1,standard,True,rope,True,1,1,16,0.0005,0.683885,0.685919,0.683885,0.046386
HMM_V2_O1,L1_H2_D16_standard_AttnOnlyTrue_PE-rope_ResTrue_LR0.0005,HMM,2,1,standard,True,rope,True,1,2,16,0.0005,0.686422,0.688288,0.686422,0.004841
HMM_V2_O1,L1_H1_D16_standard_AttnOnlyTrue_PE-rope_ResFalse_LR0.0005,HMM,2,1,standard,True,rope,False,1,1,16,0.0005,1.047570,1.066564,1.047570,0.383297
HMM_V2_O1,L1_H2_D16_standard_AttnOnlyTrue_PE-rope_ResFalse_LR0.0005,HMM,2,1,standard,True,rope,False,1,2,16,0.0005,0.666984,0.669568,0.666984,0.054455
HMM_V2_O1,L1_H1_D16_standard_AttnOnlyFalse_PE-absolute_ResTrue_LR0.0005,HMM,2,1,standard,False,absolute,True,1,1,16,0.0005,1.012060,1.013256,1.012060,0.371862
HMM_V2_O1,L1_H2_D16_standard_AttnOnlyFalse_PE-absolute_ResTrue_LR0.0005,HMM,2,1,standard,False,absolute,True,1,2,16,0.0005,0.578318,0.579173,0.578318,0.476606
HMM_V2_O1,L1_H1_D16_standard_AttnOnlyFalse_PE-absolute_ResFalse_LR0.0005,HMM,2,1,standard,False,absolute,False,1,1,16,0.0005,0.644062,0.643197,0.644062,0.211860
HMM_V2_O1,L1_H2_D16_standard_AttnOnlyFalse_PE-absolute_ResFalse_LR0.0005,HMM,2,1,standard,False,absolute,False,1,2,16,0.0005,1.258309,1.249909,1.258309,0.774185
HMM_V2_O1,L1_H1_D16_standard_AttnOnlyFalse_PE-rpe_ResTrue_LR0.0005,HMM,2,1,standard,False,rpe,True,1,1,16,0.0005,0.640537,0.644485,0.640537,0.016820
HMM_V2_O1,L1_H2_D16_standard_AttnOnlyFalse_PE-rpe_ResTrue_LR0.0005,HMM,2,1,standard,False,rpe,True,1,2,16,0.0005,0.788785,0.794453,0.788785,0.226096
HMM_V2_O1,L1_H1_D16_standard_AttnOnlyFalse_PE-rpe_ResFalse_LR0.0005,HMM,2,1,standard,False,rpe,False,1,1,16,0.0005,1.039875,1.029546,1.039875,0.375751
HMM_V2_O1,L1_H2_D16_standard_AttnOnlyFalse_PE-rpe_ResFalse_LR0.0005,HMM,2,1,standard,False,rpe,False,1,2,16,0.0005,0.673026,0.672930,0.673026,0.082399
HMM_V2_O1,L1_H1_D16_standard_AttnOnlyFalse_PE-rope_ResTrue_LR0.0005,HMM,2,1,standard,False,rope,True,1,1,16,0.0005,0.736609,0.717011,0.736609,0.071606
HMM_V2_O1,L1_H2_D16_standard_AttnOnlyFalse_PE-rope_ResTrue_LR0.0005,HMM,2,1,standard,False,rope,True,1,2,16,0.0005,0.859589,0.859156,0.859589,0.454970
HMM_V2_O1,L1_H1_D16_standard_AttnOnlyFalse_PE-rope_ResFalse_LR0.0005,HMM,2,1,standard,False,rope,False,1,1,16,0.0005,0.663557,0.659540,0.663557,0.062841
HMM_V2_O1,L1_H2_D16_standard_AttnOnlyFalse_PE-rope_ResFalse_LR0.0005,HMM,2,1,standard,False,rope,False,1,2,16,0.0005,1.073094,1.055132,1.073094,0.382832
HMM_V2_O1,L1_H1_D16_linear_AttnOnlyTrue_PE-absolute_ResTrue_LR0.0005,HMM,2,1,linear,True,absolute,True,1,1,16,0.0005,0.726748,0.729804,0.726748,0.082676
HMM_V2_O1,L1_H2_D16_linear_AttnOnlyTrue_PE-absolute_ResTrue_LR0.0005,HMM,2,1,linear,True,absolute,True,1,2,16,0.0005,0.649908,0.647385,0.649908,0.023694
HMM_V2_O1,L1_H1_D16_linear_AttnOnlyTrue_PE-absolute_ResFalse_LR0.0005,HMM,2,1,linear,True,absolute,False,1,1,16,0.0005,0.319017,0.315453,0.319017,0.024981
HMM_V2_O1,L1_H2_D16_linear_AttnOnlyTrue_PE-absolute_ResFalse_LR0.0005,HMM,2,1,linear,True,absolute,False,1,2,16,0.0005,0.705081,0.706141,0.705081,0.163443
HMM_V2_O1,L1_H1_D16_linear_AttnOnlyTrue_PE-rope_ResTrue_LR0.0005,HMM,2,1,linear,True,rope,True,1,1,16,0.0005,0.761208,0.747251,0.761208,0.066588
HMM_V2_O1,L1_H2_D16_linear_AttnOnlyTrue_PE-rope_ResTrue_LR0.0005,HMM,2,1,linear,True,rope,True,1,2,16,0.0005,0.729751,0.727436,0.729751,0.037764
HMM_V2_O1,L1_H1_D16_linear_AttnOnlyTrue_PE-rope_ResFalse_LR0.0005,HMM,2,1,linear,True,rope,False,1,1,16,0.0005,0.691324,0.685990,0.691324,0.019642
HMM_V2_O1,L1_H2_D16_linear_AttnOnlyTrue_PE-rope_ResFalse_LR0.0005,HMM,2,1,linear,True,rope,False,1,2,16,0.0005,0.797718,0.798442,0.797718,0.339691
HMM_V2_O1,L1_H1_D16_linear_AttnOnlyFalse_PE-absolute_ResTrue_LR0.0005,HMM,2,1,linear,False,absolute,True,1,1,16,0.0005,0.903438,0.901356,0.903438,0.392628
HMM_V2_O1,L1_H2_D16_linear_AttnOnlyFalse_PE-absolute_ResTrue_LR0.0005,HMM,2,1,linear,False,absolute,True,1,2,16,0.0005,0.676478,0.675237,0.676478,0.204216
HMM_V2_O1,L1_H1_D16_linear_AttnOnlyFalse_PE-absolute_ResFalse_LR0.0005,HMM,2,1,linear,False,absolute,False,1,1,16,0.0005,0.827473,0.827841,0.827473,0.145662
HMM_V2_O1,L1_H2_D16_linear_AttnOnlyFalse_PE-absolute_ResFalse_LR0.0005,HMM,2,1,linear,False,absolute,False,1,2,16,0.0005,0.941947,0.935169,0.941947,0.368645
HMM_V2_O1,L1_H1_D16_linear_AttnOnlyFalse_PE-rope_ResTrue_LR0.0005,HMM,2,1,linear,False,rope,True,1,1,16,0.0005,0.843974,0.840999,0.843974,0.443508
HMM_V2_O1,L1_H2_D16_linear_AttnOnlyFalse_PE-rope_ResTrue_LR0.0005,HMM,2,1,linear,False,rope,True,1,2,16,0.0005,0.692737,0.703395,0.692737,0.046907
HMM_V2_O1,L1_H1_D16_linear_AttnOnlyFalse_PE-rope_ResFalse_LR0.0005,HMM,2,1,linear,False,rope,False,1,1,16,0.0005,0.899292,0.899151,0.899292,0.225797
HMM_V2_O1,L1_H2_D16_linear_AttnOnlyFalse_PE-rope_ResFalse_LR0.0005,HMM,2,1,linear,False,rope,False,1,2,16,0.0005,0.408170,0.406597,0.408170,0.005705
HMM_V3_O2,L2_H1_D16_performer_AttnOnlyTrue_PE-absolute_ResTrue_LR0.0005,HMM,3,2,performer,True,absolute,True,2,1,16,0.0005,1.095570,1.091622,1.095570,0.117785
HMM_V3_O2,L2_H2_D16_performer_AttnOnlyTrue_PE-absolute_ResTrue_LR0.0005,HMM,3,2,performer,True,absolute,True,2,2,16,0.0005,1.525369,1.524097,1.525369,0.949404
HMM_V3_O2,L2_H1_D16_performer_AttnOnlyTrue_PE-absolute_ResFalse_LR0.0005,HMM,3,2,performer,True,absolute,False,2,1,16,0.0005,1.128185,1.126017,1.128185,0.128301
HMM_V3_O2,L2_H2_D16_performer_AttnOnlyTrue_PE-absolute_ResFalse_LR0.0005,HMM,3,2,performer,True,absolute,False,2,2,16,0.0005,1.125831,1.134720,1.125831,0.172699
HMM_V3_O2,L2_H1_D16_performer_AttnOnlyTrue_PE-rope_ResTrue_LR0.0005,HMM,3,2,performer,True,rope,True,2,1,16,0.0005,1.017783,1.018766,1.017783,0.162542
HMM_V3_O2,L2_H2_D16_performer_AttnOnlyTrue_PE-rope_ResTrue_LR0.0005,HMM,3,2,performer,True,rope,True,2,2,16,0.0005,1.705075,1.727677,1.705074,0.691821
HMM_V3_O2,L2_H1_D16_performer_AttnOnlyTrue_PE-rope_ResFalse_LR0.0005,HMM,3,2,performer,True,rope,False,2,1,16,0.0005,1.284957,1.276751,1.284957,0.296325
HMM_V3_O2,L2_H2_D16_performer_AttnOnlyTrue_PE-rope_ResFalse_LR0.0005,HMM,3,2,performer,True,rope,False,2,2,16,0.0005,2.163900,2.183946,2.163900,1.263196
HMM_V3_O2,L2_H1_D16_performer_AttnOnlyFalse_PE-absolute_ResTrue_LR0.0005,HMM,3,2,performer,False,absolute,True,2,1,16,0.0005,1.372790,1.379978,1.372790,0.366771
HMM_V3_O2,L2_H2_D16_performer_AttnOnlyFalse_PE-absolute_ResTrue_LR0.0005,HMM,3,2,performer,False,absolute,True,2,2,16,0.0005,1.116269,1.113934,1.116269,0.122073
HMM_V3_O2,L2_H1_D16_performer_AttnOnlyFalse_PE-absolute_ResFalse_LR0.0005,HMM,3,2,performer,False,absolute,False,2,1,16,0.0005,1.151496,1.160134,1.151495,0.376435
HMM_V3_O2,L2_H2_D16_performer_AttnOnlyFalse_PE-absolute_ResFalse_LR0.0005,HMM,3,2,performer,False,absolute,False,2,2,16,0.0005,1.105616,1.104968,1.105616,0.069937
HMM_V3_O2,L2_H1_D16_performer_AttnOnlyFalse_PE-rope_ResTrue_LR0.0005,HMM,3,2,performer,False,rope,True,2,1,16,0.0005,1.130768,1.128477,1.130768,0.051611
HMM_V3_O2,L2_H2_D16_performer_AttnOnlyFalse_PE-rope_ResTrue_LR0.0005,HMM,3,2,performer,False,rope,True,2,2,16,0.0005,1.251115,1.224642,1.251115,0.272306
HMM_V3_O2,L2_H1_D16_performer_AttnOnlyFalse_PE-rope_ResFalse_LR0.0005,HMM,3,2,performer,False,rope,False,2,1,16,0.0005,1.425018,1.451340,1.425018,0.409719
HMM_V3_O2,L2_H2_D16_performer_AttnOnlyFalse_PE-rope_ResFalse_LR0.0005,HMM,3,2,performer,False,rope,False,2,2,16,0.0005,0.894512,0.881578,0.894512,0.101234
HMM_V3_O2,L2_H1_D16_standard_AttnOnlyTrue_PE-absolute_ResTrue_LR0.0005,HMM,3,2,standard,True,absolute,True,2,1,16,0.0005,1.173394,1.166508,1.173394,0.114356
HMM_V3_O2,L2_H2_D16_standard_AttnOnlyTrue_PE-absolute_ResTrue_LR0.0005,HMM,3,2,standard,True,absolute,True,2,2,16,0.0005,0.983452,0.989421,0.983452,0.013009
HMM_V3_O2,L2_H1_D16_standard_AttnOnlyTrue_PE-absolute_ResFalse_LR0.0005,HMM,3,2,standard,True,absolute,False,2,1,16,0.0005,0.983719,0.982129,0.983719,0.129135
HMM_V3_O2,L2_H2_D16_standard_AttnOnlyTrue_PE-absolute_ResFalse_LR0.0005,HMM,3,2,standard,True,absolute,False,2,2,16,0.0005,1.024446,1.033916,1.024446,0.085160
HMM_V3_O2,L2_H1_D16_standard_AttnOnlyTrue_PE-rpe_ResTrue_LR0.0005,HMM,3,2,standard,True,rpe,True,2,1,16,0.0005,1.110510,1.118394,1.110510,0.398866
HMM_V3_O2,L2_H2_D16_standard_AttnOnlyTrue_PE-rpe_ResTrue_LR0.0005,HMM,3,2,standard,True,rpe,True,2,2,16,0.0005,1.163609,1.157741,1.163609,0.150523
HMM_V3_O2,L2_H1_D16_standard_AttnOnlyTrue_PE-rpe_ResFalse_LR0.0005,HMM,3,2,standard,True,rpe,False,2,1,16,0.0005,1.203098,1.191789,1.203098,0.265667
HMM_V3_O2,L2_H2_D16_standard_AttnOnlyTrue_PE-rpe_ResFalse_LR0.0005,HMM,3,2,standard,True,rpe,False,2,2,16,0.0005,1.079624,1.080516,1.079624,0.001417
HMM_V3_O2,L2_H1_D16_standard_AttnOnlyTrue_PE-rope_ResTrue_LR0.0005,HMM,3,2,standard,True,rope,True,2,1,16,0.0005,1.098301,1.099115,1.098301,0.147665
HMM_V3_O2,L2_H2_D16_standard_AttnOnlyTrue_PE-rope_ResTrue_LR0.0005,HMM,3,2,standard,True,rope,True,2,2,16,0.0005,1.517115,1.516311,1.517114,0.542230
HMM_V3_O2,L2_H1_D16_standard_AttnOnlyTrue_PE-rope_ResFalse_LR0.0005,HMM,3,2,standard,True,rope,False,2,1,16,0.0005,1.226603,1.223891,1.226603,0.142751
HMM_V3_O2,L2_H2_D16_standard_AttnOnlyTrue_PE-rope_ResFalse_LR0.0005,HMM,3,2,standard,True,rope,False,2,2,16,0.0005,1.238984,1.240881,1.238984,0.598336
HMM_V3_O2,L2_H1_D16_standard_AttnOnlyFalse_PE-absolute_ResTrue_LR0.0005,HMM,3,2,standard,False,absolute,True,2,1,16,0.0005,1.097792,1.098416,1.097792,0.172596
HMM_V3_O2,L2_H2_D16_standard_AttnOnlyFalse_PE-absolute_ResTrue_LR0.0005,HMM,3,2,standard,False,absolute,True,2,2,16,0.0005,1.525102,1.512486,1.525102,0.428580
HMM_V3_O2,L2_H1_D16_standard_AttnOnlyFalse_PE-absolute_ResFalse_LR0.0005,HMM,3,2,standard,False,absolute,False,2,1,16,0.0005,0.986679,0.985313,0.986679,0.212835
HMM_V3_O2,L2_H2_D16_standard_AttnOnlyFalse_PE-absolute_ResFalse_LR0.0005,HMM,3,2,standard,False,absolute,False,2,2,16,0.0005,1.678826,1.684370,1.678826,0.815526
HMM_V3_O2,L2_H1_D16_standard_AttnOnlyFalse_PE-rpe_ResTrue_LR0.0005,HMM,3,2,standard,False,rpe,True,2,1,16,0.0005,1.158889,1.134652,1.158889,0.125375
HMM_V3_O2,L2_H2_D16_standard_AttnOnlyFalse_PE-rpe_ResTrue_LR0.0005,HMM,3,2,standard,False,rpe,True,2,2,16,0.0005,1.972528,1.952853,1.972528,1.121772
HMM_V3_O2,L2_H1_D16_standard_AttnOnlyFalse_PE-rpe_ResFalse_LR0.0005,HMM,3,2,standard,False,rpe,False,2,1,16,0.0005,1.191468,1.189468,1.191468,0.164580
HMM_V3_O2,L2_H2_D16_standard_AttnOnlyFalse_PE-rpe_ResFalse_LR0.0005,HMM,3,2,standard,False,rpe,False,2,2,16,0.0005,1.374209,1.361702,1.374209,0.285388
HMM_V3_O2,L2_H1_D16_standard_AttnOnlyFalse_PE-rope_ResTrue_LR0.0005,HMM,3,2,standard,False,rope,True,2,1,16,0.0005,1.122237,1.123387,1.122237,0.108814
HMM_V3_O2,L2_H2_D16_standard_AttnOnlyFalse_PE-rope_ResTrue_LR0.0005,HMM,3,2,standard,False,rope,True,2,2,16,0.0005,1.113942,1.112812,1.113942,0.594090
HMM_V3_O2,L2_H1_D16_standard_AttnOnlyFalse_PE-rope_ResFalse_LR0.0005,HMM,3,2,standard,False,rope,False,2,1,16,0.0005,1.201647,1.206684,1.201647,0.524532
HMM_V3_O2,L2_H2_D16_standard_AttnOnlyFalse_PE-rope_ResFalse_LR0.0005,HMM,3,2,standard,False,rope,False,2,2,16,0.0005,1.324396,1.323587,1.324396,0.399828
HMM_V3_O2,L2_H1_D16_linear_AttnOnlyTrue_PE-absolute_ResTrue_LR0.0005,HMM,3,2,linear,True,absolute,True,2,1,16,0.0005,1.076186,1.075505,1.076186,0.177059
HMM_V3_O2,L2_H2_D16_linear_AttnOnlyTrue_PE-absolute_ResTrue_LR0.0005,HMM,3,2,linear,True,absolute,True,2,2,16,0.0005,1.534767,1.523846,1.534767,0.516410
HMM_V3_O2,L2_H1_D16_linear_AttnOnlyTrue_PE-absolute_ResFalse_LR0.0005,HMM,3,2,linear,True,absolute,False,2,1,16,0.0005,1.324577,1.307444,1.324577,0.330375
HMM_V3_O2,L2_H2_D16_linear_AttnOnlyTrue_PE-absolute_ResFalse_LR0.0005,HMM,3,2,linear,True,absolute,False,2,2,16,0.0005,1.322264,1.318503,1.322264,0.266030
HMM_V3_O2,L2_H1_D16_linear_AttnOnlyTrue_PE-rope_ResTrue_LR0.0005,HMM,3,2,linear,True,rope,True,2,1,16,0.0005,1.420936,1.422632,1.420936,0.562455
HMM_V3_O2,L2_H2_D16_linear_AttnOnlyTrue_PE-rope_ResTrue_LR0.0005,HMM,3,2,linear,True,rope,True,2,2,16,0.0005,1.527590,1.539788,1.527590,0.711983
HMM_V3_O2,L2_H1_D16_linear_AttnOnlyTrue_PE-rope_ResFalse_LR0.0005,HMM,3,2,linear,True,rope,False,2,1,16,0.0005,1.147974,1.147059,1.147974,0.092388
HMM_V3_O2,L2_H2_D16_linear_AttnOnlyTrue_PE-rope_ResFalse_LR0.0005,HMM,3,2,linear,True,rope,False,2,2,16,0.0005,1.076471,1.079649,1.076471,0.040690
HMM_V3_O2,L2_H1_D16_linear_AttnOnlyFalse_PE-absolute_ResTrue_LR0.0005,HMM,3,2,linear,False,absolute,True,2,1,16,0.0005,0.905887,0.907409,0.905887,0.040836
HMM_V3_O2,L2_H2_D16_linear_AttnOnlyFalse_PE-absolute_ResTrue_LR0.0005,HMM,3,2,linear,False,absolute,True,2,2,16,0.0005,1.120454,1.108518,1.120454,0.188623
HMM_V3_O2,L2_H1_D16_linear_AttnOnlyFalse_PE-absolute_ResFalse_LR0.0005,HMM,3,2,linear,False,absolute,False,2,1,16,0.0005,1.211274,1.206806,1.211274,0.277234
HMM_V3_O2,L2_H2_D16_linear_AttnOnlyFalse_PE-absolute_ResFalse_LR0.0005,HMM,3,2,linear,False,absolute,False,2,2,16,0.0005,0.951203,0.949994,0.951203,0.224793
HMM_V3_O2,L2_H1_D16_linear_AttnOnlyFalse_PE-rope_ResTrue_LR0.0005,HMM,3,2,linear,False,rope,True,2,1,16,0.0005,1.590331,1.582257,1.590331,0.559560
HMM_V3_O2,L2_H2_D16_linear_AttnOnlyFalse_PE-rope_ResTrue_LR0.0005,HMM,3,2,linear,False,rope,True,2,2,16,0.0005,1.467870,1.468223,1.467870,1.058351
HMM_V3_O2,L2_H1_D16_linear_AttnOnlyFalse_PE-rope_ResFalse_LR0.0005,HMM,3,2,linear,False,rope,False,2,1,16,0.0005,1.106516,1.098949,1.106516,0.072165
HMM_V3_O2,L2_H2_D16_linear_AttnOnlyFalse_PE-rope_ResFalse_LR0.0005,HMM,3,2,linear,False,rope,False,2,2,16,0.0005,1.206061,1.204395,1.206061,0.257536
HMM_V3_O2,L1_H1_D16_performer_AttnOnlyTrue_PE-absolute_ResTrue_LR0.0005,HMM,3,2,performer,True,absolute,True,1,1,16,0.0005,1.171706,1.174793,1.171706,0.114520
HMM_V3_O2,L1_H2_D16_performer_AttnOnlyTrue_PE-absolute_ResTrue_LR0.0005,HMM,3,2,performer,True,absolute,True,1,2,16,0.0005,1.346786,1.347879,1.346786,0.561325
HMM_V3_O2,L1_H1_D16_performer_AttnOnlyTrue_PE-absolute_ResFalse_LR0.0005,HMM,3,2,performer,True,absolute,False,1,1,16,0.0005,1.127167,1.130454,1.127167,0.100851
HMM_V3_O2,L1_H2_D16_performer_AttnOnlyTrue_PE-absolute_ResFalse_LR0.0005,HMM,3,2,performer,True,absolute,False,1,2,16,0.0005,1.173834,1.171193,1.173834,0.439268
HMM_V3_O2,L1_H1_D16_performer_AttnOnlyTrue_PE-rope_ResTrue_LR0.0005,HMM,3,2,performer,True,rope,True,1,1,16,0.0005,1.098133,1.105122,1.098133,0.107433
HMM_V3_O2,L1_H2_D16_performer_AttnOnlyTrue_PE-rope_ResTrue_LR0.0005,HMM,3,2,performer,True,rope,True,1,2,16,0.0005,1.004533,0.992622,1.004532,0.122287
HMM_V3_O2,L1_H1_D16_performer_AttnOnlyTrue_PE-rope_ResFalse_LR0.0005,HMM,3,2,performer,True,rope,False,1,1,16,0.0005,1.308126,1.315214,1.308126,0.436017
HMM_V3_O2,L1_H2_D16_performer_AttnOnlyTrue_PE-rope_ResFalse_LR0.0005,HMM,3,2,performer,True,rope,False,1,2,16,0.0005,1.004371,0.999185,1.004371,0.163992
HMM_V3_O2,L1_H1_D16_performer_AttnOnlyFalse_PE-absolute_ResTrue_LR0.0005,HMM,3,2,performer,False,absolute,True,1,1,16,0.0005,1.261939,1.257756,1.261939,0.270149
HMM_V3_O2,L1_H2_D16_performer_AttnOnlyFalse_PE-absolute_ResTrue_LR0.0005,HMM,3,2,performer,False,absolute,True,1,2,16,0.0005,1.281931,1.273343,1.281931,0.181278
HMM_V3_O2,L1_H1_D16_performer_AttnOnlyFalse_PE-absolute_ResFalse_LR0.0005,HMM,3,2,performer,False,absolute,False,1,1,16,0.0005,1.284028,1.284887,1.284028,0.517069
HMM_V3_O2,L1_H2_D16_performer_AttnOnlyFalse_PE-absolute_ResFalse_LR0.0005,HMM,3,2,performer,False,absolute,False,1,2,16,0.0005,1.077372,1.078311,1.077372,0.079827
HMM_V3_O2,L1_H1_D16_performer_AttnOnlyFalse_PE-rope_ResTrue_LR0.0005,HMM,3,2,performer,False,rope,True,1,1,16,0.0005,1.143779,1.147035,1.143779,0.145854
HMM_V3_O2,L1_H2_D16_performer_AttnOnlyFalse_PE-rope_ResTrue_LR0.0005,HMM,3,2,performer,False,rope,True,1,2,16,0.0005,1.458764,1.454515,1.458764,0.822427
HMM_V3_O2,L1_H1_D16_performer_AttnOnlyFalse_PE-rope_ResFalse_LR0.0005,HMM,3,2,performer,False,rope,False,1,1,16,0.0005,1.054554,1.062411,1.054554,0.060630
HMM_V3_O2,L1_H2_D16_performer_AttnOnlyFalse_PE-rope_ResFalse_LR0.0005,HMM,3,2,performer,False,rope,False,1,2,16,0.0005,1.320045,1.323434,1.320045,0.418526
HMM_V3_O2,L1_H1_D16_standard_AttnOnlyTrue_PE-absolute_ResTrue_LR0.0005,HMM,3,2,standard,True,absolute,True,1,1,16,0.0005,1.940368,1.940555,1.940368,1.005727
HMM_V3_O2,L1_H2_D16_standard_AttnOnlyTrue_PE-absolute_ResTrue_LR0.0005,HMM,3,2,standard,True,absolute,True,1,2,16,0.0005,1.876419,1.899876,1.876419,0.963122
HMM_V3_O2,L1_H1_D16_standard_AttnOnlyTrue_PE-absolute_ResFalse_LR0.0005,HMM,3,2,standard,True,absolute,False,1,1,16,0.0005,1.121411,1.119434,1.121411,0.197033
HMM_V3_O2,L1_H2_D16_standard_AttnOnlyTrue_PE-absolute_ResFalse_LR0.0005,HMM,3,2,standard,True,absolute,False,1,2,16,0.0005,1.011515,1.013077,1.011515,0.061088
HMM_V3_O2,L1_H1_D16_standard_AttnOnlyTrue_PE-rpe_ResTrue_LR0.0005,HMM,3,2,standard,True,rpe,True,1,1,16,0.0005,1.743701,1.747898,1.743701,1.101013
HMM_V3_O2,L1_H2_D16_standard_AttnOnlyTrue_PE-rpe_ResTrue_LR0.0005,HMM,3,2,standard,True,rpe,True,1,2,16,0.0005,1.122784,1.122351,1.122784,0.196703
HMM_V3_O2,L1_H1_D16_standard_AttnOnlyTrue_PE-rpe_ResFalse_LR0.0005,HMM,3,2,standard,True,rpe,False,1,1,16,0.0005,1.087518,1.105218,1.087518,0.568276
HMM_V3_O2,L1_H2_D16_standard_AttnOnlyTrue_PE-rpe_ResFalse_LR0.0005,HMM,3,2,standard,True,rpe,False,1,2,16,0.0005,2.589141,2.588748,2.589141,1.889771
HMM_V3_O2,L1_H1_D16_standard_AttnOnlyTrue_PE-rope_ResTrue_LR0.0005,HMM,3,2,standard,True,rope,True,1,1,16,0.0005,1.011375,0.986493,1.011375,0.061921
HMM_V3_O2,L1_H2_D16_standard_AttnOnlyTrue_PE-rope_ResTrue_LR0.0005,HMM,3,2,standard,True,rope,True,1,2,16,0.0005,1.658663,1.657967,1.658663,0.751538
HMM_V3_O2,L1_H1_D16_standard_AttnOnlyTrue_PE-rope_ResFalse_LR0.0005,HMM,3,2,standard,True,rope,False,1,1,16,0.0005,0.971594,0.977019,0.971594,0.100622
HMM_V3_O2,L1_H2_D16_standard_AttnOnlyTrue_PE-rope_ResFalse_LR0.0005,HMM,3,2,standard,True,rope,False,1,2,16,0.0005,1.362318,1.370189,1.362318,0.319428
HMM_V3_O2,L1_H1_D16_standard_AttnOnlyFalse_PE-absolute_ResTrue_LR0.0005,HMM,3,2,standard,False,absolute,True,1,1,16,0.0005,1.241534,1.245525,1.241534,0.174910
HMM_V3_O2,L1_H2_D16_standard_AttnOnlyFalse_PE-absolute_ResTrue_LR0.0005,HMM,3,2,standard,False,absolute,True,1,2,16,0.0005,0.987501,0.977187,0.987501,0.038383
HMM_V3_O2,L1_H1_D16_standard_AttnOnlyFalse_PE-absolute_ResFalse_LR0.0005,HMM,3,2,standard,False,absolute,False,1,1,16,0.0005,1.402465,1.420351,1.402465,0.366978
HMM_V3_O2,L1_H2_D16_standard_AttnOnlyFalse_PE-absolute_ResFalse_LR0.0005,HMM,3,2,standard,False,absolute,False,1,2,16,0.0005,1.213480,1.217204,1.213480,0.173332
HMM_V3_O2,L1_H1_D16_standard_AttnOnlyFalse_PE-rpe_ResTrue_LR0.0005,HMM,3,2,standard,False,rpe,True,1,1,16,0.0005,1.190748,1.191449,1.190748,0.269405
HMM_V3_O2,L1_H2_D16_standard_AttnOnlyFalse_PE-rpe_ResTrue_LR0.0005,HMM,3,2,standard,False,rpe,True,1,2,16,0.0005,0.926398,0.916969,0.926398,0.098680
HMM_V3_O2,L1_H1_D16_standard_AttnOnlyFalse_PE-rpe_ResFalse_LR0.0005,HMM,3,2,standard,False,rpe,False,1,1,16,0.0005,1.292712,1.296086,1.292711,0.341028
HMM_V3_O2,L1_H2_D16_standard_AttnOnlyFalse_PE-rpe_ResFalse_LR0.0005,HMM,3,2,standard,False,rpe,False,1,2,16,0.0005,2.120268,2.143400,2.120268,1.444206
HMM_V3_O2,L1_H1_D16_standard_AttnOnlyFalse_PE-rope_ResTrue_LR0.0005,HMM,3,2,standard,False,rope,True,1,1,16,0.0005,1.080009,1.080591,1.080009,0.075759
HMM_V3_O2,L1_H2_D16_standard_AttnOnlyFalse_PE-rope_ResTrue_LR0.0005,HMM,3,2,standard,False,rope,True,1,2,16,0.0005,1.106970,1.107195,1.106969,0.054157
HMM_V3_O2,L1_H1_D16_standard_AttnOnlyFalse_PE-rope_ResFalse_LR0.0005,HMM,3,2,standard,False,rope,False,1,1,16,0.0005,1.564972,1.544334,1.564972,0.619497
HMM_V3_O2,L1_H2_D16_standard_AttnOnlyFalse_PE-rope_ResFalse_LR0.0005,HMM,3,2,standard,False,rope,False,1,2,16,0.0005,1.158684,1.166630,1.158684,0.092537
HMM_V3_O2,L1_H1_D16_linear_AttnOnlyTrue_PE-absolute_ResTrue_LR0.0005,HMM,3,2,linear,True,absolute,True,1,1,16,0.0005,0.886133,0.858537,0.886133,0.062086
HMM_V3_O2,L1_H2_D16_linear_AttnOnlyTrue_PE-absolute_ResTrue_LR0.0005,HMM,3,2,linear,True,absolute,True,1,2,16,0.0005,1.072871,1.072831,1.072871,0.078307
HMM_V3_O2,L1_H1_D16_linear_AttnOnlyTrue_PE-absolute_ResFalse_LR0.0005,HMM,3,2,linear,True,absolute,False,1,1,16,0.0005,1.025048,1.026242,1.025048,0.193533
HMM_V3_O2,L1_H2_D16_linear_AttnOnlyTrue_PE-absolute_ResFalse_LR0.0005,HMM,3,2,linear,True,absolute,False,1,2,16,0.0005,1.458309,1.483853,1.458309,0.452884
HMM_V3_O2,L1_H1_D16_linear_AttnOnlyTrue_PE-rope_ResTrue_LR0.0005,HMM,3,2,linear,True,rope,True,1,1,16,0.0005,1.216792,1.206584,1.216792,0.181138
HMM_V3_O2,L1_H2_D16_linear_AttnOnlyTrue_PE-rope_ResTrue_LR0.0005,HMM,3,2,linear,True,rope,True,1,2,16,0.0005,1.071458,1.073187,1.071458,0.005158
HMM_V3_O2,L1_H1_D16_linear_AttnOnlyTrue_PE-rope_ResFalse_LR0.0005,HMM,3,2,linear,True,rope,False,1,1,16,0.0005,1.348220,1.341939,1.348220,0.365768
HMM_V3_O2,L1_H2_D16_linear_AttnOnlyTrue_PE-rope_ResFalse_LR0.0005,HMM,3,2,linear,True,rope,False,1,2,16,0.0005,1.269204,1.270104,1.269204,0.181087
HMM_V3_O2,L1_H1_D16_linear_AttnOnlyFalse_PE-absolute_ResTrue_LR0.0005,HMM,3,2,linear,False,absolute,True,1,1,16,0.0005,1.712542,1.691408,1.712542,0.605475
HMM_V3_O2,L1_H2_D16_linear_AttnOnlyFalse_PE-absolute_ResTrue_LR0.0005,HMM,3,2,linear,False,absolute,True,1,2,16,0.0005,1.290627,1.304275,1.290627,0.244799
HMM_V3_O2,L1_H1_D16_linear_AttnOnlyFalse_PE-absolute_ResFalse_LR0.0005,HMM,3,2,linear,False,absolute,False,1,1,16,0.0005,1.495906,1.503493,1.495906,0.551994
HMM_V3_O2,L1_H2_D16_linear_AttnOnlyFalse_PE-absolute_ResFalse_LR0.0005,HMM,3,2,linear,False,absolute,False,1,2,16,0.0005,1.310235,1.308569,1.310235,0.423113
HMM_V3_O2,L1_H1_D16_linear_AttnOnlyFalse_PE-rope_ResTrue_LR0.0005,HMM,3,2,linear,False,rope,True,1,1,16,0.0005,1.101016,1.100033,1.101016,0.318423
HMM_V3_O2,L1_H2_D16_linear_AttnOnlyFalse_PE-rope_ResTrue_LR0.0005,HMM,3,2,linear,False,rope,True,1,2,16,0.0005,1.303336,1.299705,1.303336,0.403041
HMM_V3_O2,L1_H1_D16_linear_AttnOnlyFalse_PE-rope_ResFalse_LR0.0005,HMM,3,2,linear,False,rope,False,1,1,16,0.0005,1.354761,1.370000,1.354761,0.402783
HMM_V3_O2,L1_H2_D16_linear_AttnOnlyFalse_PE-rope_ResFalse_LR0.0005,HMM,3,2,linear,False,rope,False,1,2,16,0.0005,1.009798,0.998618,1.009798,0.024449
HMM_V3_O1,L2_H1_D16_performer_AttnOnlyTrue_PE-absolute_ResTrue_LR0.0005,HMM,3,1,performer,True,absolute,True,2,1,16,0.0005,1.110223,1.116218,1.110223,0.093444
HMM_V3_O1,L2_H2_D16_performer_AttnOnlyTrue_PE-absolute_ResTrue_LR0.0005,HMM,3,1,performer,True,absolute,True,2,2,16,0.0005,1.200199,1.191390,1.200199,0.127718
HMM_V3_O1,L2_H1_D16_performer_AttnOnlyTrue_PE-absolute_ResFalse_LR0.0005,HMM,3,1,performer,True,absolute,False,2,1,16,0.0005,1.391205,1.399201,1.391205,0.601290
HMM_V3_O1,L2_H2_D16_performer_AttnOnlyTrue_PE-absolute_ResFalse_LR0.0005,HMM,3,1,performer,True,absolute,False,2,2,16,0.0005,0.962570,0.965276,0.962570,0.109465
HMM_V3_O1,L2_H1_D16_performer_AttnOnlyTrue_PE-rope_ResTrue_LR0.0005,HMM,3,1,performer,True,rope,True,2,1,16,0.0005,0.919349,0.921777,0.919349,0.031052
HMM_V3_O1,L2_H2_D16_performer_AttnOnlyTrue_PE-rope_ResTrue_LR0.0005,HMM,3,1,performer,True,rope,True,2,2,16,0.0005,1.278766,1.276388,1.278766,0.264922
HMM_V3_O1,L2_H1_D16_performer_AttnOnlyTrue_PE-rope_ResFalse_LR0.0005,HMM,3,1,performer,True,rope,False,2,1,16,0.0005,1.173260,1.175102,1.173260,0.200124
HMM_V3_O1,L2_H2_D16_performer_AttnOnlyTrue_PE-rope_ResFalse_LR0.0005,HMM,3,1,performer,True,rope,False,2,2,16,0.0005,1.498831,1.506277,1.498831,0.841400
HMM_V3_O1,L2_H1_D16_performer_AttnOnlyFalse_PE-absolute_ResTrue_LR0.0005,HMM,3,1,performer,False,absolute,True,2,1,16,0.0005,1.090059,1.088841,1.090059,0.296987
HMM_V3_O1,L2_H2_D16_performer_AttnOnlyFalse_PE-absolute_ResTrue_LR0.0005,HMM,3,1,performer,False,absolute,True,2,2,16,0.0005,1.520640,1.520733,1.520640,0.555453
HMM_V3_O1,L2_H1_D16_performer_AttnOnlyFalse_PE-absolute_ResFalse_LR0.0005,HMM,3,1,performer,False,absolute,False,2,1,16,0.0005,0.894072,0.897405,0.894072,0.335221
HMM_V3_O1,L2_H2_D16_performer_AttnOnlyFalse_PE-absolute_ResFalse_LR0.0005,HMM,3,1,performer,False,absolute,False,2,2,16,0.0005,1.355782,1.358795,1.355782,0.566479
HMM_V3_O1,L2_H1_D16_performer_AttnOnlyFalse_PE-rope_ResTrue_LR0.0005,HMM,3,1,performer,False,rope,True,2,1,16,0.0005,0.988588,0.978861,0.988588,0.053240
HMM_V3_O1,L2_H2_D16_performer_AttnOnlyFalse_PE-rope_ResTrue_LR0.0005,HMM,3,1,performer,False,rope,True,2,2,16,0.0005,1.242123,1.235267,1.242123,0.151195
HMM_V3_O1,L2_H1_D16_performer_AttnOnlyFalse_PE-rope_ResFalse_LR0.0005,HMM,3,1,performer,False,rope,False,2,1,16,0.0005,0.935298,0.938808,0.935298,0.042520
HMM_V3_O1,L2_H2_D16_performer_AttnOnlyFalse_PE-rope_ResFalse_LR0.0005,HMM,3,1,performer,False,rope,False,2,2,16,0.0005,1.130277,1.132401,1.130277,0.110249
HMM_V3_O1,L2_H1_D16_standard_AttnOnlyTrue_PE-absolute_ResTrue_LR0.0005,HMM,3,1,standard,True,absolute,True,2,1,16,0.0005,1.139846,1.140234,1.139846,0.097176
HMM_V3_O1,L2_H2_D16_standard_AttnOnlyTrue_PE-absolute_ResTrue_LR0.0005,HMM,3,1,standard,True,absolute,True,2,2,16,0.0005,1.111083,1.105678,1.111083,0.110017
HMM_V3_O1,L2_H1_D16_standard_AttnOnlyTrue_PE-absolute_ResFalse_LR0.0005,HMM,3,1,standard,True,absolute,False,2,1,16,0.0005,2.031561,2.023062,2.031561,0.930608
HMM_V3_O1,L2_H2_D16_standard_AttnOnlyTrue_PE-absolute_ResFalse_LR0.0005,HMM,3,1,standard,True,absolute,False,2,2,16,0.0005,1.775790,1.767689,1.775790,1.024186
HMM_V3_O1,L2_H1_D16_standard_AttnOnlyTrue_PE-rpe_ResTrue_LR0.0005,HMM,3,1,standard,True,rpe,True,2,1,16,0.0005,1.414209,1.419682,1.414209,0.627550
HMM_V3_O1,L2_H2_D16_standard_AttnOnlyTrue_PE-rpe_ResTrue_LR0.0005,HMM,3,1,standard,True,rpe,True,2,2,16,0.0005,1.210738,1.204030,1.210738,0.142833
HMM_V3_O1,L2_H1_D16_standard_AttnOnlyTrue_PE-rpe_ResFalse_LR0.0005,HMM,3,1,standard,True,rpe,False,2,1,16,0.0005,1.088658,1.107796,1.088658,0.113243
HMM_V3_O1,L2_H2_D16_standard_AttnOnlyTrue_PE-rpe_ResFalse_LR0.0005,HMM,3,1,standard,True,rpe,False,2,2,16,0.0005,1.169024,1.192007,1.169023,0.357602
HMM_V3_O1,L2_H1_D16_standard_AttnOnlyTrue_PE-rope_ResTrue_LR0.0005,HMM,3,1,standard,True,rope,True,2,1,16,0.0005,1.321855,1.324632,1.321855,0.459735
HMM_V3_O1,L2_H2_D16_standard_AttnOnlyTrue_PE-rope_ResTrue_LR0.0005,HMM,3,1,standard,True,rope,True,2,2,16,0.0005,1.128533,1.116996,1.128533,0.084542
HMM_V3_O1,L2_H1_D16_standard_AttnOnlyTrue_PE-rope_ResFalse_LR0.0005,HMM,3,1,standard,True,rope,False,2,1,16,0.0005,1.420381,1.427679,1.420381,0.346607
HMM_V3_O1,L2_H2_D16_standard_AttnOnlyTrue_PE-rope_ResFalse_LR0.0005,HMM,3,1,standard,True,rope,False,2,2,16,0.0005,1.277586,1.274715,1.277586,0.334076
HMM_V3_O1,L2_H1_D16_standard_AttnOnlyFalse_PE-absolute_ResTrue_LR0.0005,HMM,3,1,standard,False,absolute,True,2,1,16,0.0005,1.007166,1.022872,1.007166,0.074114
HMM_V3_O1,L2_H2_D16_standard_AttnOnlyFalse_PE-absolute_ResTrue_LR0.0005,HMM,3,1,standard,False,absolute,True,2,2,16,0.0005,1.532877,1.489800,1.532877,0.407347
HMM_V3_O1,L2_H1_D16_standard_AttnOnlyFalse_PE-absolute_ResFalse_LR0.0005,HMM,3,1,standard,False,absolute,False,2,1,16,0.0005,1.255182,1.258005,1.255182,0.278864
HMM_V3_O1,L2_H2_D16_standard_AttnOnlyFalse_PE-absolute_ResFalse_LR0.0005,HMM,3,1,standard,False,absolute,False,2,2,16,0.0005,1.077802,1.078251,1.077802,0.408533
HMM_V3_O1,L2_H1_D16_standard_AttnOnlyFalse_PE-rpe_ResTrue_LR0.0005,HMM,3,1,standard,False,rpe,True,2,1,16,0.0005,1.024414,1.038695,1.024414,0.061803
HMM_V3_O1,L2_H2_D16_standard_AttnOnlyFalse_PE-rpe_ResTrue_LR0.0005,HMM,3,1,standard,False,rpe,True,2,2,16,0.0005,1.274676,1.287319,1.274676,0.362824
HMM_V3_O1,L2_H1_D16_standard_AttnOnlyFalse_PE-rpe_ResFalse_LR0.0005,HMM,3,1,standard,False,rpe,False,2,1,16,0.0005,1.452165,1.441017,1.452165,0.484644
HMM_V3_O1,L2_H2_D16_standard_AttnOnlyFalse_PE-rpe_ResFalse_LR0.0005,HMM,3,1,standard,False,rpe,False,2,2,16,0.0005,1.752821,1.759046,1.752821,0.727244
HMM_V3_O1,L2_H1_D16_standard_AttnOnlyFalse_PE-rope_ResTrue_LR0.0005,HMM,3,1,standard,False,rope,True,2,1,16,0.0005,1.399248,1.389589,1.399248,0.429417
HMM_V3_O1,L2_H2_D16_standard_AttnOnlyFalse_PE-rope_ResTrue_LR0.0005,HMM,3,1,standard,False,rope,True,2,2,16,0.0005,1.089955,1.088566,1.089955,0.184485
HMM_V3_O1,L2_H1_D16_standard_AttnOnlyFalse_PE-rope_ResFalse_LR0.0005,HMM,3,1,standard,False,rope,False,2,1,16,0.0005,1.184632,1.190527,1.184632,0.188778
HMM_V3_O1,L2_H2_D16_standard_AttnOnlyFalse_PE-rope_ResFalse_LR0.0005,HMM,3,1,standard,False,rope,False,2,2,16,0.0005,2.217998,2.192603,2.217998,1.207194
HMM_V3_O1,L2_H1_D16_linear_AttnOnlyTrue_PE-absolute_ResTrue_LR0.0005,HMM,3,1,linear,True,absolute,True,2,1,16,0.0005,1.197965,1.201390,1.197965,0.207719
HMM_V3_O1,L2_H2_D16_linear_AttnOnlyTrue_PE-absolute_ResTrue_LR0.0005,HMM,3,1,linear,True,absolute,True,2,2,16,0.0005,1.288058,1.280737,1.288058,0.426381
HMM_V3_O1,L2_H1_D16_linear_AttnOnlyTrue_PE-absolute_ResFalse_LR0.0005,HMM,3,1,linear,True,absolute,False,2,1,16,0.0005,1.007232,1.008314,1.007232,0.118435
HMM_V3_O1,L2_H2_D16_linear_AttnOnlyTrue_PE-absolute_ResFalse_LR0.0005,HMM,3,1,linear,True,absolute,False,2,2,16,0.0005,1.711189,1.709319,1.711189,0.650757
HMM_V3_O1,L2_H1_D16_linear_AttnOnlyTrue_PE-rope_ResTrue_LR0.0005,HMM,3,1,linear,True,rope,True,2,1,16,0.0005,1.197237,1.184162,1.197237,0.189060
HMM_V3_O1,L2_H2_D16_linear_AttnOnlyTrue_PE-rope_ResTrue_LR0.0005,HMM,3,1,linear,True,rope,True,2,2,16,0.0005,1.157434,1.143202,1.157434,0.173718
HMM_V3_O1,L2_H1_D16_linear_AttnOnlyTrue_PE-rope_ResFalse_LR0.0005,HMM,3,1,linear,True,rope,False,2,1,16,0.0005,1.325356,1.331876,1.325356,0.355951
HMM_V3_O1,L2_H2_D16_linear_AttnOnlyTrue_PE-rope_ResFalse_LR0.0005,HMM,3,1,linear,True,rope,False,2,2,16,0.0005,0.946872,0.947864,0.946872,0.239936
HMM_V3_O1,L2_H1_D16_linear_AttnOnlyFalse_PE-absolute_ResTrue_LR0.0005,HMM,3,1,linear,False,absolute,True,2,1,16,0.0005,1.276533,1.277496,1.276533,0.223785
HMM_V3_O1,L2_H2_D16_linear_AttnOnlyFalse_PE-absolute_ResTrue_LR0.0005,HMM,3,1,linear,False,absolute,True,2,2,16,0.0005,1.111760,1.114326,1.111760,0.141315
HMM_V3_O1,L2_H1_D16_linear_AttnOnlyFalse_PE-absolute_ResFalse_LR0.0005,HMM,3,1,linear,False,absolute,False,2,1,16,0.0005,3.582436,3.586006,3.582436,2.588655
HMM_V3_O1,L2_H2_D16_linear_AttnOnlyFalse_PE-absolute_ResFalse_LR0.0005,HMM,3,1,linear,False,absolute,False,2,2,16,0.0005,2.356825,2.370663,2.356825,1.379249
HMM_V3_O1,L2_H1_D16_linear_AttnOnlyFalse_PE-rope_ResTrue_LR0.0005,HMM,3,1,linear,False,rope,True,2,1,16,0.0005,1.124265,1.125877,1.124265,0.096154
HMM_V3_O1,L2_H2_D16_linear_AttnOnlyFalse_PE-rope_ResTrue_LR0.0005,HMM,3,1,linear,False,rope,True,2,2,16,0.0005,1.386008,1.391412,1.386008,0.314169
HMM_V3_O1,L2_H1_D16_linear_AttnOnlyFalse_PE-rope_ResFalse_LR0.0005,HMM,3,1,linear,False,rope,False,2,1,16,0.0005,1.305086,1.320468,1.305086,0.258851
HMM_V3_O1,L2_H2_D16_linear_AttnOnlyFalse_PE-rope_ResFalse_LR0.0005,HMM,3,1,linear,False,rope,False,2,2,16,0.0005,1.086401,1.079766,1.086401,0.211167
HMM_V3_O1,L1_H1_D16_performer_AttnOnlyTrue_PE-absolute_ResTrue_LR0.0005,HMM,3,1,performer,True,absolute,True,1,1,16,0.0005,1.306017,1.291864,1.306017,0.454073
HMM_V3_O1,L1_H2_D16_performer_AttnOnlyTrue_PE-absolute_ResTrue_LR0.0005,HMM,3,1,performer,True,absolute,True,1,2,16,0.0005,1.122264,1.127790,1.122264,0.075642
HMM_V3_O1,L1_H1_D16_performer_AttnOnlyTrue_PE-absolute_ResFalse_LR0.0005,HMM,3,1,performer,True,absolute,False,1,1,16,0.0005,1.198828,1.202339,1.198828,0.187145
HMM_V3_O1,L1_H2_D16_performer_AttnOnlyTrue_PE-absolute_ResFalse_LR0.0005,HMM,3,1,performer,True,absolute,False,1,2,16,0.0005,1.266786,1.269835,1.266786,0.264137
HMM_V3_O1,L1_H1_D16_performer_AttnOnlyTrue_PE-rope_ResTrue_LR0.0005,HMM,3,1,performer,True,rope,True,1,1,16,0.0005,1.170024,1.175033,1.170024,0.346554
HMM_V3_O1,L1_H2_D16_performer_AttnOnlyTrue_PE-rope_ResTrue_LR0.0005,HMM,3,1,performer,True,rope,True,1,2,16,0.0005,1.428662,1.437448,1.428662,0.571507
HMM_V3_O1,L1_H1_D16_performer_AttnOnlyTrue_PE-rope_ResFalse_LR0.0005,HMM,3,1,performer,True,rope,False,1,1,16,0.0005,2.695537,2.669270,2.695537,1.936690
HMM_V3_O1,L1_H2_D16_performer_AttnOnlyTrue_PE-rope_ResFalse_LR0.0005,HMM,3,1,performer,True,rope,False,1,2,16,0.0005,1.555621,1.558445,1.555621,0.694818
HMM_V3_O1,L1_H1_D16_performer_AttnOnlyFalse_PE-absolute_ResTrue_LR0.0005,HMM,3,1,performer,False,absolute,True,1,1,16,0.0005,1.015588,1.015889,1.015588,0.062265
HMM_V3_O1,L1_H2_D16_performer_AttnOnlyFalse_PE-absolute_ResTrue_LR0.0005,HMM,3,1,performer,False,absolute,True,1,2,16,0.0005,1.194810,1.203788,1.194810,0.266999
HMM_V3_O1,L1_H1_D16_performer_AttnOnlyFalse_PE-absolute_ResFalse_LR0.0005,HMM,3,1,performer,False,absolute,False,1,1,16,0.0005,1.085250,1.082504,1.085250,0.036526
HMM_V3_O1,L1_H2_D16_performer_AttnOnlyFalse_PE-absolute_ResFalse_LR0.0005,HMM,3,1,performer,False,absolute,False,1,2,16,0.0005,1.131852,1.127418,1.131852,0.327674
HMM_V3_O1,L1_H1_D16_performer_AttnOnlyFalse_PE-rope_ResTrue_LR0.0005,HMM,3,1,performer,False,rope,True,1,1,16,0.0005,1.184243,1.190095,1.184243,0.125101
HMM_V3_O1,L1_H2_D16_performer_AttnOnlyFalse_PE-rope_ResTrue_LR0.0005,HMM,3,1,performer,False,rope,True,1,2,16,0.0005,1.188487,1.189256,1.188487,0.111945
HMM_V3_O1,L1_H1_D16_performer_AttnOnlyFalse_PE-rope_ResFalse_LR0.0005,HMM,3,1,performer,False,rope,False,1,1,16,0.0005,1.147181,1.146472,1.147181,0.160111
HMM_V3_O1,L1_H2_D16_performer_AttnOnlyFalse_PE-rope_ResFalse_LR0.0005,HMM,3,1,performer,False,rope,False,1,2,16,0.0005,0.691420,0.691341,0.691420,0.102064
HMM_V3_O1,L1_H1_D16_standard_AttnOnlyTrue_PE-absolute_ResTrue_LR0.0005,HMM,3,1,standard,True,absolute,True,1,1,16,0.0005,1.075711,1.082855,1.075711,0.050769
HMM_V3_O1,L1_H2_D16_standard_AttnOnlyTrue_PE-absolute_ResTrue_LR0.0005,HMM,3,1,standard,True,absolute,True,1,2,16,0.0005,1.350828,1.346144,1.350828,0.414573
HMM_V3_O1,L1_H1_D16_standard_AttnOnlyTrue_PE-absolute_ResFalse_LR0.0005,HMM,3,1,standard,True,absolute,False,1,1,16,0.0005,1.614740,1.611437,1.614740,0.620848
HMM_V3_O1,L1_H2_D16_standard_AttnOnlyTrue_PE-absolute_ResFalse_LR0.0005,HMM,3,1,standard,True,absolute,False,1,2,16,0.0005,1.142627,1.150012,1.142627,0.066290
HMM_V3_O1,L1_H1_D16_standard_AttnOnlyTrue_PE-rpe_ResTrue_LR0.0005,HMM,3,1,standard,True,rpe,True,1,1,16,0.0005,1.047548,1.048964,1.047548,0.188073
HMM_V3_O1,L1_H2_D16_standard_AttnOnlyTrue_PE-rpe_ResTrue_LR0.0005,HMM,3,1,standard,True,rpe,True,1,2,16,0.0005,1.365989,1.373264,1.365989,0.612113
HMM_V3_O1,L1_H1_D16_standard_AttnOnlyTrue_PE-rpe_ResFalse_LR0.0005,HMM,3,1,standard,True,rpe,False,1,1,16,0.0005,0.970703,0.973086,0.970703,0.128760
HMM_V3_O1,L1_H2_D16_standard_AttnOnlyTrue_PE-rpe_ResFalse_LR0.0005,HMM,3,1,standard,True,rpe,False,1,2,16,0.0005,1.194599,1.197567,1.194599,0.282269
HMM_V3_O1,L1_H1_D16_standard_AttnOnlyTrue_PE-rope_ResTrue_LR0.0005,HMM,3,1,standard,True,rope,True,1,1,16,0.0005,1.493790,1.530163,1.493790,0.542420
HMM_V3_O1,L1_H2_D16_standard_AttnOnlyTrue_PE-rope_ResTrue_LR0.0005,HMM,3,1,standard,True,rope,True,1,2,16,0.0005,1.507600,1.504936,1.507600,0.489118
HMM_V3_O1,L1_H1_D16_standard_AttnOnlyTrue_PE-rope_ResFalse_LR0.0005,HMM,3,1,standard,True,rope,False,1,1,16,0.0005,1.266992,1.273958,1.266992,0.194841
HMM_V3_O1,L1_H2_D16_standard_AttnOnlyTrue_PE-rope_ResFalse_LR0.0005,HMM,3,1,standard,True,rope,False,1,2,16,0.0005,1.182597,1.179586,1.182597,0.147658
HMM_V3_O1,L1_H1_D16_standard_AttnOnlyFalse_PE-absolute_ResTrue_LR0.0005,HMM,3,1,standard,False,absolute,True,1,1,16,0.0005,1.934804,1.945226,1.934804,1.027541
HMM_V3_O1,L1_H2_D16_standard_AttnOnlyFalse_PE-absolute_ResTrue_LR0.0005,HMM,3,1,standard,False,absolute,True,1,2,16,0.0005,2.111117,2.135350,2.111117,1.043908
HMM_V3_O1,L1_H1_D16_standard_AttnOnlyFalse_PE-absolute_ResFalse_LR0.0005,HMM,3,1,standard,False,absolute,False,1,1,16,0.0005,1.044101,1.027759,1.044101,0.023929
HMM_V3_O1,L1_H2_D16_standard_AttnOnlyFalse_PE-absolute_ResFalse_LR0.0005,HMM,3,1,standard,False,absolute,False,1,2,16,0.0005,1.502715,1.501166,1.502715,0.543525
HMM_V3_O1,L1_H1_D16_standard_AttnOnlyFalse_PE-rpe_ResTrue_LR0.0005,HMM,3,1,standard,False,rpe,True,1,1,16,0.0005,1.148956,1.149191,1.148956,0.304035
HMM_V3_O1,L1_H2_D16_standard_AttnOnlyFalse_PE-rpe_ResTrue_LR0.0005,HMM,3,1,standard,False,rpe,True,1,2,16,0.0005,0.925612,0.921014,0.925612,0.109851
HMM_V3_O1,L1_H1_D16_standard_AttnOnlyFalse_PE-rpe_ResFalse_LR0.0005,HMM,3,1,standard,False,rpe,False,1,1,16,0.0005,1.346049,1.346262,1.346049,0.430053
HMM_V3_O1,L1_H2_D16_standard_AttnOnlyFalse_PE-rpe_ResFalse_LR0.0005,HMM,3,1,standard,False,rpe,False,1,2,16,0.0005,1.509849,1.500608,1.509849,0.562163
HMM_V3_O1,L1_H1_D16_standard_AttnOnlyFalse_PE-rope_ResTrue_LR0.0005,HMM,3,1,standard,False,rope,True,1,1,16,0.0005,1.349584,1.340893,1.349584,0.432770
HMM_V3_O1,L1_H2_D16_standard_AttnOnlyFalse_PE-rope_ResTrue_LR0.0005,HMM,3,1,standard,False,rope,True,1,2,16,0.0005,1.114148,1.117035,1.114148,0.356880
HMM_V3_O1,L1_H1_D16_standard_AttnOnlyFalse_PE-rope_ResFalse_LR0.0005,HMM,3,1,standard,False,rope,False,1,1,16,0.0005,1.195130,1.212740,1.195129,0.153707
HMM_V3_O1,L1_H2_D16_standard_AttnOnlyFalse_PE-rope_ResFalse_LR0.0005,HMM,3,1,standard,False,rope,False,1,2,16,0.0005,1.464196,1.466516,1.464196,0.460900
HMM_V3_O1,L1_H1_D16_linear_AttnOnlyTrue_PE-absolute_ResTrue_LR0.0005,HMM,3,1,linear,True,absolute,True,1,1,16,0.0005,0.967163,0.969423,0.967163,0.278640
HMM_V3_O1,L1_H2_D16_linear_AttnOnlyTrue_PE-absolute_ResTrue_LR0.0005,HMM,3,1,linear,True,absolute,True,1,2,16,0.0005,1.375545,1.378654,1.375545,0.465594
HMM_V3_O1,L1_H1_D16_linear_AttnOnlyTrue_PE-absolute_ResFalse_LR0.0005,HMM,3,1,linear,True,absolute,False,1,1,16,0.0005,1.032923,1.036821,1.032923,0.046049
HMM_V3_O1,L1_H2_D16_linear_AttnOnlyTrue_PE-absolute_ResFalse_LR0.0005,HMM,3,1,linear,True,absolute,False,1,2,16,0.0005,1.469852,1.485852,1.469852,0.448955
HMM_V3_O1,L1_H1_D16_linear_AttnOnlyTrue_PE-rope_ResTrue_LR0.0005,HMM,3,1,linear,True,rope,True,1,1,16,0.0005,1.014985,1.019837,1.014985,0.031807
HMM_V3_O1,L1_H2_D16_linear_AttnOnlyTrue_PE-rope_ResTrue_LR0.0005,HMM,3,1,linear,True,rope,True,1,2,16,0.0005,1.742160,1.768793,1.742160,0.781130
HMM_V3_O1,L1_H1_D16_linear_AttnOnlyTrue_PE-rope_ResFalse_LR0.0005,HMM,3,1,linear,True,rope,False,1,1,16,0.0005,1.316661,1.316416,1.316661,0.666977
HMM_V3_O1,L1_H2_D16_linear_AttnOnlyTrue_PE-rope_ResFalse_LR0.0005,HMM,3,1,linear,True,rope,False,1,2,16,0.0005,1.905959,1.925125,1.905959,1.025505
HMM_V3_O1,L1_H1_D16_linear_AttnOnlyFalse_PE-absolute_ResTrue_LR0.0005,HMM,3,1,linear,False,absolute,True,1,1,16,0.0005,1.058932,1.054481,1.058932,0.165682
HMM_V3_O1,L1_H2_D16_linear_AttnOnlyFalse_PE-absolute_ResTrue_LR0.0005,HMM,3,1,linear,False,absolute,True,1,2,16,0.0005,0.904367,0.901915,0.904367,0.693504
HMM_V3_O1,L1_H1_D16_linear_AttnOnlyFalse_PE-absolute_ResFalse_LR0.0005,HMM,3,1,linear,False,absolute,False,1,1,16,0.0005,2.834889,2.885858,2.834889,2.069790
HMM_V3_O1,L1_H2_D16_linear_AttnOnlyFalse_PE-absolute_ResFalse_LR0.0005,HMM,3,1,linear,False,absolute,False,1,2,16,0.0005,1.053533,1.050757,1.053533,0.087405
HMM_V3_O1,L1_H1_D16_linear_AttnOnlyFalse_PE-rope_ResTrue_LR0.0005,HMM,3,1,linear,False,rope,True,1,1,16,0.0005,1.256118,1.259224,1.256118,0.244896
HMM_V3_O1,L1_H2_D16_linear_AttnOnlyFalse_PE-rope_ResTrue_LR0.0005,HMM,3,1,linear,False,rope,True,1,2,16,0.0005,0.861051,0.871359,0.861051,0.171480
HMM_V3_O1,L1_H1_D16_linear_AttnOnlyFalse_PE-rope_ResFalse_LR0.0005,HMM,3,1,linear,False,rope,False,1,1,16,0.0005,2.860303,2.846116,2.860303,2.040298
HMM_V3_O1,L1_H2_D16_linear_AttnOnlyFalse_PE-rope_ResFalse_LR0.0005,HMM,3,1,linear,False,rope,False,1,2,16,0.0005,1.027271,1.020575,1.027271,0.098255
ICL-HMM_V2_O2,L2_H1_D16_performer_AttnOnlyTrue_PE-absolute_ResTrue_LR0.0005,ICL-HMM,2,2,performer,True,absolute,True,2,1,16,0.0005,0.596845,0.589388,0.596845,0.027601
ICL-HMM_V2_O2,L2_H2_D16_performer_AttnOnlyTrue_PE-absolute_ResTrue_LR0.0005,ICL-HMM,2,2,performer,True,absolute,True,2,2,16,0.0005,0.601485,0.588458,0.601485,0.025948
ICL-HMM_V2_O2,L2_H1_D16_performer_AttnOnlyTrue_PE-absolute_ResFalse_LR0.0005,ICL-HMM,2,2,performer,True,absolute,False,2,1,16,0.0005,0.589468,0.589595,0.589468,0.027972
ICL-HMM_V2_O2,L2_H2_D16_performer_AttnOnlyTrue_PE-absolute_ResFalse_LR0.0005,ICL-HMM,2,2,performer,True,absolute,False,2,2,16,0.0005,0.591158,0.590931,0.591158,0.024522
ICL-HMM_V2_O2,L2_H1_D16_performer_AttnOnlyTrue_PE-rope_ResTrue_LR0.0005,ICL-HMM,2,2,performer,True,rope,True,2,1,16,0.0005,0.600046,0.590450,0.600046,0.027762
ICL-HMM_V2_O2,L2_H2_D16_performer_AttnOnlyTrue_PE-rope_ResTrue_LR0.0005,ICL-HMM,2,2,performer,True,rope,True,2,2,16,0.0005,0.584740,0.591356,0.584740,0.026749
ICL-HMM_V2_O2,L2_H1_D16_performer_AttnOnlyTrue_PE-rope_ResFalse_LR0.0005,ICL-HMM,2,2,performer,True,rope,False,2,1,16,0.0005,0.593587,0.590169,0.593587,0.029294
ICL-HMM_V2_O2,L2_H2_D16_performer_AttnOnlyTrue_PE-rope_ResFalse_LR0.0005,ICL-HMM,2,2,performer,True,rope,False,2,2,16,0.0005,0.592585,0.594856,0.592585,0.028581
ICL-HMM_V2_O2,L2_H1_D16_performer_AttnOnlyFalse_PE-absolute_ResTrue_LR0.0005,ICL-HMM,2,2,performer,False,absolute,True,2,1,16,0.0005,0.595338,0.589618,0.595338,0.026325
ICL-HMM_V2_O2,L2_H2_D16_performer_AttnOnlyFalse_PE-absolute_ResTrue_LR0.0005,ICL-HMM,2,2,performer,False,absolute,True,2,2,16,0.0005,0.590812,0.593242,0.590812,0.026798
ICL-HMM_V2_O2,L2_H1_D16_performer_AttnOnlyFalse_PE-absolute_ResFalse_LR0.0005,ICL-HMM,2,2,performer,False,absolute,False,2,1,16,0.0005,0.588661,0.590310,0.588661,0.026639
ICL-HMM_V2_O2,L2_H2_D16_performer_AttnOnlyFalse_PE-absolute_ResFalse_LR0.0005,ICL-HMM,2,2,performer,False,absolute,False,2,2,16,0.0005,0.597344,0.591107,0.597344,0.026831
ICL-HMM_V2_O2,L2_H1_D16_performer_AttnOnlyFalse_PE-rope_ResTrue_LR0.0005,ICL-HMM,2,2,performer,False,rope,True,2,1,16,0.0005,0.589938,0.592191,0.589938,0.027063
ICL-HMM_V2_O2,L2_H2_D16_performer_AttnOnlyFalse_PE-rope_ResTrue_LR0.0005,ICL-HMM,2,2,performer,False,rope,True,2,2,16,0.0005,0.591704,0.592485,0.591704,0.026185
ICL-HMM_V2_O2,L2_H1_D16_performer_AttnOnlyFalse_PE-rope_ResFalse_LR0.0005,ICL-HMM,2,2,performer,False,rope,False,2,1,16,0.0005,0.594990,0.594453,0.594990,0.028821
ICL-HMM_V2_O2,L2_H2_D16_performer_AttnOnlyFalse_PE-rope_ResFalse_LR0.0005,ICL-HMM,2,2,performer,False,rope,False,2,2,16,0.0005,0.603420,0.598868,0.603420,0.034498
ICL-HMM_V2_O2,L2_H1_D16_standard_AttnOnlyTrue_PE-absolute_ResTrue_LR0.0005,ICL-HMM,2,2,standard,True,absolute,True,2,1,16,0.0005,0.591365,0.593372,0.591365,0.026855
ICL-HMM_V2_O2,L2_H2_D16_standard_AttnOnlyTrue_PE-absolute_ResTrue_LR0.0005,ICL-HMM,2,2,standard,True,absolute,True,2,2,16,0.0005,0.600474,0.596630,0.600474,0.025851
ICL-HMM_V2_O2,L2_H1_D16_standard_AttnOnlyTrue_PE-absolute_ResFalse_LR0.0005,ICL-HMM,2,2,standard,True,absolute,False,2,1,16,0.0005,0.590421,0.592110,0.590421,0.027916
ICL-HMM_V2_O2,L2_H2_D16_standard_AttnOnlyTrue_PE-absolute_ResFalse_LR0.0005,ICL-HMM,2,2,standard,True,absolute,False,2,2,16,0.0005,0.589867,0.592651,0.589867,0.026856
ICL-HMM_V2_O2,L2_H1_D16_standard_AttnOnlyTrue_PE-rpe_ResTrue_LR0.0005,ICL-HMM,2,2,standard,True,rpe,True,2,1,16,0.0005,0.591852,0.594386,0.591852,0.028159
ICL-HMM_V2_O2,L2_H2_D16_standard_AttnOnlyTrue_PE-rpe_ResTrue_LR0.0005,ICL-HMM,2,2,standard,True,rpe,True,2,2,16,0.0005,0.604073,0.596559,0.604073,0.026792
ICL-HMM_V2_O2,L2_H1_D16_standard_AttnOnlyTrue_PE-rpe_ResFalse_LR0.0005,ICL-HMM,2,2,standard,True,rpe,False,2,1,16,0.0005,0.591898,0.590547,0.591898,0.028220
ICL-HMM_V2_O2,L2_H2_D16_standard_AttnOnlyTrue_PE-rpe_ResFalse_LR0.0005,ICL-HMM,2,2,standard,True,rpe,False,2,2,16,0.0005,0.599192,0.600386,0.599192,0.029593
ICL-HMM_V2_O2,L2_H1_D16_standard_AttnOnlyTrue_PE-rope_ResTrue_LR0.0005,ICL-HMM,2,2,standard,True,rope,True,2,1,16,0.0005,0.591930,0.591559,0.591930,0.026826
ICL-HMM_V2_O2,L2_H2_D16_standard_AttnOnlyTrue_PE-rope_ResTrue_LR0.0005,ICL-HMM,2,2,standard,True,rope,True,2,2,16,0.0005,0.590114,0.593127,0.590114,0.027264
ICL-HMM_V2_O2,L2_H1_D16_standard_AttnOnlyTrue_PE-rope_ResFalse_LR0.0005,ICL-HMM,2,2,standard,True,rope,False,2,1,16,0.0005,0.592204,0.591263,0.592204,0.027353
ICL-HMM_V2_O2,L2_H2_D16_standard_AttnOnlyTrue_PE-rope_ResFalse_LR0.0005,ICL-HMM,2,2,standard,True,rope,False,2,2,16,0.0005,0.590781,0.592449,0.590781,0.029328
ICL-HMM_V2_O2,L2_H1_D16_standard_AttnOnlyFalse_PE-absolute_ResTrue_LR0.0005,ICL-HMM,2,2,standard,False,absolute,True,2,1,16,0.0005,0.601843,0.590196,0.601843,0.027514
ICL-HMM_V2_O2,L2_H2_D16_standard_AttnOnlyFalse_PE-absolute_ResTrue_LR0.0005,ICL-HMM,2,2,standard,False,absolute,True,2,2,16,0.0005,0.589051,0.587803,0.589051,0.026396
ICL-HMM_V2_O2,L2_H1_D16_standard_AttnOnlyFalse_PE-absolute_ResFalse_LR0.0005,ICL-HMM,2,2,standard,False,absolute,False,2,1,16,0.0005,0.601570,0.591622,0.601570,0.027594
ICL-HMM_V2_O2,L2_H2_D16_standard_AttnOnlyFalse_PE-absolute_ResFalse_LR0.0005,ICL-HMM,2,2,standard,False,absolute,False,2,2,16,0.0005,0.584625,0.591913,0.584625,0.027614
ICL-HMM_V2_O2,L2_H1_D16_standard_AttnOnlyFalse_PE-rpe_ResTrue_LR0.0005,ICL-HMM,2,2,standard,False,rpe,True,2,1,16,0.0005,0.599609,0.595804,0.599609,0.027340
ICL-HMM_V2_O2,L2_H2_D16_standard_AttnOnlyFalse_PE-rpe_ResTrue_LR0.0005,ICL-HMM,2,2,standard,False,rpe,True,2,2,16,0.0005,0.585030,0.592193,0.585030,0.028270
ICL-HMM_V2_O2,L2_H1_D16_standard_AttnOnlyFalse_PE-rpe_ResFalse_LR0.0005,ICL-HMM,2,2,standard,False,rpe,False,2,1,16,0.0005,0.600814,0.595684,0.600814,0.026581
ICL-HMM_V2_O2,L2_H2_D16_standard_AttnOnlyFalse_PE-rpe_ResFalse_LR0.0005,ICL-HMM,2,2,standard,False,rpe,False,2,2,16,0.0005,0.597755,0.594414,0.597755,0.030052
ICL-HMM_V2_O2,L2_H1_D16_standard_AttnOnlyFalse_PE-rope_ResTrue_LR0.0005,ICL-HMM,2,2,standard,False,rope,True,2,1,16,0.0005,0.595612,0.594773,0.595612,0.027326
ICL-HMM_V2_O2,L2_H2_D16_standard_AttnOnlyFalse_PE-rope_ResTrue_LR0.0005,ICL-HMM,2,2,standard,False,rope,True,2,2,16,0.0005,0.597536,0.591903,0.597536,0.027398
ICL-HMM_V2_O2,L2_H1_D16_standard_AttnOnlyFalse_PE-rope_ResFalse_LR0.0005,ICL-HMM,2,2,standard,False,rope,False,2,1,16,0.0005,0.595989,0.596656,0.595989,0.030545
ICL-HMM_V2_O2,L2_H2_D16_standard_AttnOnlyFalse_PE-rope_ResFalse_LR0.0005,ICL-HMM,2,2,standard,False,rope,False,2,2,16,0.0005,0.608188,0.599899,0.608188,0.032944
ICL-HMM_V2_O2,L2_H1_D16_linear_AttnOnlyTrue_PE-absolute_ResTrue_LR0.0005,ICL-HMM,2,2,linear,True,absolute,True,2,1,16,0.0005,0.604723,0.589781,0.604723,0.025331
ICL-HMM_V2_O2,L2_H2_D16_linear_AttnOnlyTrue_PE-absolute_ResTrue_LR0.0005,ICL-HMM,2,2,linear,True,absolute,True,2,2,16,0.0005,0.592870,0.591250,0.592870,0.026402
ICL-HMM_V2_O2,L2_H1_D16_linear_AttnOnlyTrue_PE-absolute_ResFalse_LR0.0005,ICL-HMM,2,2,linear,True,absolute,False,2,1,16,0.0005,0.592792,0.588248,0.592791,0.026688
ICL-HMM_V2_O2,L2_H2_D16_linear_AttnOnlyTrue_PE-absolute_ResFalse_LR0.0005,ICL-HMM,2,2,linear,True,absolute,False,2,2,16,0.0005,0.595023,0.595574,0.595023,0.025931
ICL-HMM_V2_O2,L2_H1_D16_linear_AttnOnlyTrue_PE-rope_ResTrue_LR0.0005,ICL-HMM,2,2,linear,True,rope,True,2,1,16,0.0005,0.587910,0.592099,0.587910,0.029204
ICL-HMM_V2_O2,L2_H2_D16_linear_AttnOnlyTrue_PE-rope_ResTrue_LR0.0005,ICL-HMM,2,2,linear,True,rope,True,2,2,16,0.0005,0.592191,0.595274,0.592191,0.028108
ICL-HMM_V2_O2,L2_H1_D16_linear_AttnOnlyTrue_PE-rope_ResFalse_LR0.0005,ICL-HMM,2,2,linear,True,rope,False,2,1,16,0.0005,0.595234,0.592989,0.595234,0.031648
ICL-HMM_V2_O2,L2_H2_D16_linear_AttnOnlyTrue_PE-rope_ResFalse_LR0.0005,ICL-HMM,2,2,linear,True,rope,False,2,2,16,0.0005,0.594040,0.594815,0.594040,0.030196
ICL-HMM_V2_O2,L2_H1_D16_linear_AttnOnlyFalse_PE-absolute_ResTrue_LR0.0005,ICL-HMM,2,2,linear,False,absolute,True,2,1,16,0.0005,0.581245,0.591140,0.581245,0.027371
ICL-HMM_V2_O2,L2_H2_D16_linear_AttnOnlyFalse_PE-absolute_ResTrue_LR0.0005,ICL-HMM,2,2,linear,False,absolute,True,2,2,16,0.0005,0.592684,0.594840,0.592684,0.027682
ICL-HMM_V2_O2,L2_H1_D16_linear_AttnOnlyFalse_PE-absolute_ResFalse_LR0.0005,ICL-HMM,2,2,linear,False,absolute,False,2,1,16,0.0005,0.586489,0.595977,0.586489,0.028382
ICL-HMM_V2_O2,L2_H2_D16_linear_AttnOnlyFalse_PE-absolute_ResFalse_LR0.0005,ICL-HMM,2,2,linear,False,absolute,False,2,2,16,0.0005,0.609280,0.596163,0.609280,0.026906
ICL-HMM_V2_O2,L2_H1_D16_linear_AttnOnlyFalse_PE-rope_ResTrue_LR0.0005,ICL-HMM,2,2,linear,False,rope,True,2,1,16,0.0005,0.593438,0.596046,0.593438,0.029398
ICL-HMM_V2_O2,L2_H2_D16_linear_AttnOnlyFalse_PE-rope_ResTrue_LR0.0005,ICL-HMM,2,2,linear,False,rope,True,2,2,16,0.0005,0.594086,0.591357,0.594086,0.028761
ICL-HMM_V2_O2,L2_H1_D16_linear_AttnOnlyFalse_PE-rope_ResFalse_LR0.0005,ICL-HMM,2,2,linear,False,rope,False,2,1,16,0.0005,0.589717,0.593175,0.589717,0.030966
ICL-HMM_V2_O2,L2_H2_D16_linear_AttnOnlyFalse_PE-rope_ResFalse_LR0.0005,ICL-HMM,2,2,linear,False,rope,False,2,2,16,0.0005,0.594636,0.594681,0.594636,0.029900
ICL-HMM_V2_O2,L1_H1_D16_performer_AttnOnlyTrue_PE-absolute_ResTrue_LR0.0005,ICL-HMM,2,2,performer,True,absolute,True,1,1,16,0.0005,0.598390,0.595043,0.598390,0.028095
ICL-HMM_V2_O2,L1_H2_D16_performer_AttnOnlyTrue_PE-absolute_ResTrue_LR0.0005,ICL-HMM,2,2,performer,True,absolute,True,1,2,16,0.0005,0.600095,0.593052,0.600095,0.027080
ICL-HMM_V2_O2,L1_H1_D16_performer_AttnOnlyTrue_PE-absolute_ResFalse_LR0.0005,ICL-HMM,2,2,performer,True,absolute,False,1,1,16,0.0005,0.588993,0.594441,0.588993,0.028049
ICL-HMM_V2_O2,L1_H2_D16_performer_AttnOnlyTrue_PE-absolute_ResFalse_LR0.0005,ICL-HMM,2,2,performer,True,absolute,False,1,2,16,0.0005,0.599573,0.592364,0.599573,0.026521
ICL-HMM_V2_O2,L1_H1_D16_performer_AttnOnlyTrue_PE-rope_ResTrue_LR0.0005,ICL-HMM,2,2,performer,True,rope,True,1,1,16,0.0005,0.610009,0.600559,0.610009,0.030391
ICL-HMM_V2_O2,L1_H2_D16_performer_AttnOnlyTrue_PE-rope_ResTrue_LR0.0005,ICL-HMM,2,2,performer,True,rope,True,1,2,16,0.0005,0.587776,0.595585,0.587776,0.028342
ICL-HMM_V2_O2,L1_H1_D16_performer_AttnOnlyTrue_PE-rope_ResFalse_LR0.0005,ICL-HMM,2,2,performer,True,rope,False,1,1,16,0.0005,0.596531,0.593915,0.596531,0.030320
ICL-HMM_V2_O2,L1_H2_D16_performer_AttnOnlyTrue_PE-rope_ResFalse_LR0.0005,ICL-HMM,2,2,performer,True,rope,False,1,2,16,0.0005,0.593922,0.592430,0.593922,0.029910
ICL-HMM_V2_O2,L1_H1_D16_performer_AttnOnlyFalse_PE-absolute_ResTrue_LR0.0005,ICL-HMM,2,2,performer,False,absolute,True,1,1,16,0.0005,0.589870,0.592246,0.589870,0.026197
ICL-HMM_V2_O2,L1_H2_D16_performer_AttnOnlyFalse_PE-absolute_ResTrue_LR0.0005,ICL-HMM,2,2,performer,False,absolute,True,1,2,16,0.0005,0.595599,0.589473,0.595599,0.026928
ICL-HMM_V2_O2,L1_H1_D16_performer_AttnOnlyFalse_PE-absolute_ResFalse_LR0.0005,ICL-HMM,2,2,performer,False,absolute,False,1,1,16,0.0005,0.592522,0.590111,0.592521,0.026368
ICL-HMM_V2_O2,L1_H2_D16_performer_AttnOnlyFalse_PE-absolute_ResFalse_LR0.0005,ICL-HMM,2,2,performer,False,absolute,False,1,2,16,0.0005,0.595586,0.592033,0.595586,0.026990
ICL-HMM_V2_O2,L1_H1_D16_performer_AttnOnlyFalse_PE-rope_ResTrue_LR0.0005,ICL-HMM,2,2,performer,False,rope,True,1,1,16,0.0005,0.592176,0.592734,0.592176,0.027546
ICL-HMM_V2_O2,L1_H2_D16_performer_AttnOnlyFalse_PE-rope_ResTrue_LR0.0005,ICL-HMM,2,2,performer,False,rope,True,1,2,16,0.0005,0.589848,0.593146,0.589848,0.027259
ICL-HMM_V2_O2,L1_H1_D16_performer_AttnOnlyFalse_PE-rope_ResFalse_LR0.0005,ICL-HMM,2,2,performer,False,rope,False,1,1,16,0.0005,0.581263,0.593551,0.581263,0.028777
ICL-HMM_V2_O2,L1_H2_D16_performer_AttnOnlyFalse_PE-rope_ResFalse_LR0.0005,ICL-HMM,2,2,performer,False,rope,False,1,2,16,0.0005,0.595723,0.597143,0.595723,0.027912
ICL-HMM_V2_O2,L1_H1_D16_standard_AttnOnlyTrue_PE-absolute_ResTrue_LR0.0005,ICL-HMM,2,2,standard,True,absolute,True,1,1,16,0.0005,0.599779,0.593370,0.599779,0.026639
ICL-HMM_V2_O2,L1_H2_D16_standard_AttnOnlyTrue_PE-absolute_ResTrue_LR0.0005,ICL-HMM,2,2,standard,True,absolute,True,1,2,16,0.0005,0.595286,0.591702,0.595286,0.027735
ICL-HMM_V2_O2,L1_H1_D16_standard_AttnOnlyTrue_PE-absolute_ResFalse_LR0.0005,ICL-HMM,2,2,standard,True,absolute,False,1,1,16,0.0005,0.593517,0.593499,0.593517,0.027662
ICL-HMM_V2_O2,L1_H2_D16_standard_AttnOnlyTrue_PE-absolute_ResFalse_LR0.0005,ICL-HMM,2,2,standard,True,absolute,False,1,2,16,0.0005,0.601783,0.594834,0.601783,0.026315
ICL-HMM_V2_O2,L1_H1_D16_standard_AttnOnlyTrue_PE-rpe_ResTrue_LR0.0005,ICL-HMM,2,2,standard,True,rpe,True,1,1,16,0.0005,0.599632,0.597312,0.599632,0.029659
ICL-HMM_V2_O2,L1_H2_D16_standard_AttnOnlyTrue_PE-rpe_ResTrue_LR0.0005,ICL-HMM,2,2,standard,True,rpe,True,1,2,16,0.0005,0.591820,0.591229,0.591820,0.029371
ICL-HMM_V2_O2,L1_H1_D16_standard_AttnOnlyTrue_PE-rpe_ResFalse_LR0.0005,ICL-HMM,2,2,standard,True,rpe,False,1,1,16,0.0005,0.592738,0.595403,0.592738,0.031805
ICL-HMM_V2_O2,L1_H2_D16_standard_AttnOnlyTrue_PE-rpe_ResFalse_LR0.0005,ICL-HMM,2,2,standard,True,rpe,False,1,2,16,0.0005,0.585979,0.593749,0.585979,0.027324
ICL-HMM_V2_O2,L1_H1_D16_standard_AttnOnlyTrue_PE-rope_ResTrue_LR0.0005,ICL-HMM,2,2,standard,True,rope,True,1,1,16,0.0005,0.594595,0.595325,0.594595,0.032284
ICL-HMM_V2_O2,L1_H2_D16_standard_AttnOnlyTrue_PE-rope_ResTrue_LR0.0005,ICL-HMM,2,2,standard,True,rope,True,1,2,16,0.0005,0.593371,0.596034,0.593371,0.028096
ICL-HMM_V2_O2,L1_H1_D16_standard_AttnOnlyTrue_PE-rope_ResFalse_LR0.0005,ICL-HMM,2,2,standard,True,rope,False,1,1,16,0.0005,0.594328,0.597291,0.594328,0.032791
ICL-HMM_V2_O2,L1_H2_D16_standard_AttnOnlyTrue_PE-rope_ResFalse_LR0.0005,ICL-HMM,2,2,standard,True,rope,False,1,2,16,0.0005,0.600955,0.594524,0.600955,0.030040
ICL-HMM_V2_O2,L1_H1_D16_standard_AttnOnlyFalse_PE-absolute_ResTrue_LR0.0005,ICL-HMM,2,2,standard,False,absolute,True,1,1,16,0.0005,0.595158,0.593577,0.595158,0.027998
ICL-HMM_V2_O2,L1_H2_D16_standard_AttnOnlyFalse_PE-absolute_ResTrue_LR0.0005,ICL-HMM,2,2,standard,False,absolute,True,1,2,16,0.0005,0.583895,0.590589,0.583895,0.025511
ICL-HMM_V2_O2,L1_H1_D16_standard_AttnOnlyFalse_PE-absolute_ResFalse_LR0.0005,ICL-HMM,2,2,standard,False,absolute,False,1,1,16,0.0005,0.594178,0.593522,0.594178,0.027552
ICL-HMM_V2_O2,L1_H2_D16_standard_AttnOnlyFalse_PE-absolute_ResFalse_LR0.0005,ICL-HMM,2,2,standard,False,absolute,False,1,2,16,0.0005,0.604244,0.594819,0.604244,0.026920
ICL-HMM_V2_O2,L1_H1_D16_standard_AttnOnlyFalse_PE-rpe_ResTrue_LR0.0005,ICL-HMM,2,2,standard,False,rpe,True,1,1,16,0.0005,0.593781,0.594553,0.593781,0.028203
ICL-HMM_V2_O2,L1_H2_D16_standard_AttnOnlyFalse_PE-rpe_ResTrue_LR0.0005,ICL-HMM,2,2,standard,False,rpe,True,1,2,16,0.0005,0.592010,0.591944,0.592010,0.028691
ICL-HMM_V2_O2,L1_H1_D16_standard_AttnOnlyFalse_PE-rpe_ResFalse_LR0.0005,ICL-HMM,2,2,standard,False,rpe,False,1,1,16,0.0005,0.596132,0.593541,0.596132,0.030353
ICL-HMM_V2_O2,L1_H2_D16_standard_AttnOnlyFalse_PE-rpe_ResFalse_LR0.0005,ICL-HMM,2,2,standard,False,rpe,False,1,2,16,0.0005,0.596459,0.594090,0.596459,0.028451
ICL-HMM_V2_O2,L1_H1_D16_standard_AttnOnlyFalse_PE-rope_ResTrue_LR0.0005,ICL-HMM,2,2,standard,False,rope,True,1,1,16,0.0005,0.596304,0.594745,0.596304,0.028891
ICL-HMM_V2_O2,L1_H2_D16_standard_AttnOnlyFalse_PE-rope_ResTrue_LR0.0005,ICL-HMM,2,2,standard,False,rope,True,1,2,16,0.0005,0.598968,0.597567,0.598968,0.029020
ICL-HMM_V2_O2,L1_H1_D16_standard_AttnOnlyFalse_PE-rope_ResFalse_LR0.0005,ICL-HMM,2,2,standard,False,rope,False,1,1,16,0.0005,0.601158,0.596076,0.601157,0.030517
ICL-HMM_V2_O2,L1_H2_D16_standard_AttnOnlyFalse_PE-rope_ResFalse_LR0.0005,ICL-HMM,2,2,standard,False,rope,False,1,2,16,0.0005,0.598584,0.594828,0.598584,0.028652
ICL-HMM_V2_O2,L1_H1_D16_linear_AttnOnlyTrue_PE-absolute_ResTrue_LR0.0005,ICL-HMM,2,2,linear,True,absolute,True,1,1,16,0.0005,0.592513,0.590989,0.592513,0.028910
ICL-HMM_V2_O2,L1_H2_D16_linear_AttnOnlyTrue_PE-absolute_ResTrue_LR0.0005,ICL-HMM,2,2,linear,True,absolute,True,1,2,16,0.0005,0.596687,0.595335,0.596687,0.028237
ICL-HMM_V2_O2,L1_H1_D16_linear_AttnOnlyTrue_PE-absolute_ResFalse_LR0.0005,ICL-HMM,2,2,linear,True,absolute,False,1,1,16,0.0005,0.582414,0.595382,0.582414,0.030283
ICL-HMM_V2_O2,L1_H2_D16_linear_AttnOnlyTrue_PE-absolute_ResFalse_LR0.0005,ICL-HMM,2,2,linear,True,absolute,False,1,2,16,0.0005,0.595649,0.590075,0.595649,0.028294
ICL-HMM_V2_O2,L1_H1_D16_linear_AttnOnlyTrue_PE-rope_ResTrue_LR0.0005,ICL-HMM,2,2,linear,True,rope,True,1,1,16,0.0005,0.582274,0.591130,0.582274,0.029322
ICL-HMM_V2_O2,L1_H2_D16_linear_AttnOnlyTrue_PE-rope_ResTrue_LR0.0005,ICL-HMM,2,2,linear,True,rope,True,1,2,16,0.0005,0.590991,0.592350,0.590991,0.030732
ICL-HMM_V2_O2,L1_H1_D16_linear_AttnOnlyTrue_PE-rope_ResFalse_LR0.0005,ICL-HMM,2,2,linear,True,rope,False,1,1,16,0.0005,0.590030,0.591662,0.590030,0.031364
ICL-HMM_V2_O2,L1_H2_D16_linear_AttnOnlyTrue_PE-rope_ResFalse_LR0.0005,ICL-HMM,2,2,linear,True,rope,False,1,2,16,0.0005,0.590442,0.591231,0.590442,0.029132
ICL-HMM_V2_O2,L1_H1_D16_linear_AttnOnlyFalse_PE-absolute_ResTrue_LR0.0005,ICL-HMM,2,2,linear,False,absolute,True,1,1,16,0.0005,0.588893,0.595626,0.588893,0.027217
ICL-HMM_V2_O2,L1_H2_D16_linear_AttnOnlyFalse_PE-absolute_ResTrue_LR0.0005,ICL-HMM,2,2,linear,False,absolute,True,1,2,16,0.0005,0.591787,0.593626,0.591787,0.027240
ICL-HMM_V2_O2,L1_H1_D16_linear_AttnOnlyFalse_PE-absolute_ResFalse_LR0.0005,ICL-HMM,2,2,linear,False,absolute,False,1,1,16,0.0005,0.595842,0.589536,0.595842,0.027857
ICL-HMM_V2_O2,L1_H2_D16_linear_AttnOnlyFalse_PE-absolute_ResFalse_LR0.0005,ICL-HMM,2,2,linear,False,absolute,False,1,2,16,0.0005,0.582277,0.594002,0.582277,0.027012
ICL-HMM_V2_O2,L1_H1_D16_linear_AttnOnlyFalse_PE-rope_ResTrue_LR0.0005,ICL-HMM,2,2,linear,False,rope,True,1,1,16,0.0005,0.593000,0.595418,0.593000,0.029354
ICL-HMM_V2_O2,L1_H2_D16_linear_AttnOnlyFalse_PE-rope_ResTrue_LR0.0005,ICL-HMM,2,2,linear,False,rope,True,1,2,16,0.0005,0.592278,0.589904,0.592277,0.029452
ICL-HMM_V2_O2,L1_H1_D16_linear_AttnOnlyFalse_PE-rope_ResFalse_LR0.0005,ICL-HMM,2,2,linear,False,rope,False,1,1,16,0.0005,0.596219,0.594692,0.596219,0.027150
ICL-HMM_V2_O2,L1_H2_D16_linear_AttnOnlyFalse_PE-rope_ResFalse_LR0.0005,ICL-HMM,2,2,linear,False,rope,False,1,2,16,0.0005,0.589929,0.595042,0.589929,0.028702
ICL-HMM_V2_O1,L2_H1_D16_performer_AttnOnlyTrue_PE-absolute_ResTrue_LR0.0005,ICL-HMM,2,1,performer,True,absolute,True,2,1,16,0.0005,0.586339,0.583656,0.586339,0.018050
ICL-HMM_V2_O1,L2_H2_D16_performer_AttnOnlyTrue_PE-absolute_ResTrue_LR0.0005,ICL-HMM,2,1,performer,True,absolute,True,2,2,16,0.0005,0.595299,0.588975,0.595299,0.018654
ICL-HMM_V2_O1,L2_H1_D16_performer_AttnOnlyTrue_PE-absolute_ResFalse_LR0.0005,ICL-HMM,2,1,performer,True,absolute,False,2,1,16,0.0005,0.581313,0.583820,0.581313,0.018912
ICL-HMM_V2_O1,L2_H2_D16_performer_AttnOnlyTrue_PE-absolute_ResFalse_LR0.0005,ICL-HMM,2,1,performer,True,absolute,False,2,2,16,0.0005,0.582269,0.586509,0.582269,0.018158
ICL-HMM_V2_O1,L2_H1_D16_performer_AttnOnlyTrue_PE-rope_ResTrue_LR0.0005,ICL-HMM,2,1,performer,True,rope,True,2,1,16,0.0005,0.599164,0.588963,0.599164,0.019505
ICL-HMM_V2_O1,L2_H2_D16_performer_AttnOnlyTrue_PE-rope_ResTrue_LR0.0005,ICL-HMM,2,1,performer,True,rope,True,2,2,16,0.0005,0.588700,0.584390,0.588700,0.019223
ICL-HMM_V2_O1,L2_H1_D16_performer_AttnOnlyTrue_PE-rope_ResFalse_LR0.0005,ICL-HMM,2,1,performer,True,rope,False,2,1,16,0.0005,0.587323,0.585755,0.587323,0.019264
ICL-HMM_V2_O1,L2_H2_D16_performer_AttnOnlyTrue_PE-rope_ResFalse_LR0.0005,ICL-HMM,2,1,performer,True,rope,False,2,2,16,0.0005,0.588118,0.584780,0.588118,0.020103
ICL-HMM_V2_O1,L2_H1_D16_performer_AttnOnlyFalse_PE-absolute_ResTrue_LR0.0005,ICL-HMM,2,1,performer,False,absolute,True,2,1,16,0.0005,0.586191,0.581732,0.586191,0.018512
ICL-HMM_V2_O1,L2_H2_D16_performer_AttnOnlyFalse_PE-absolute_ResTrue_LR0.0005,ICL-HMM,2,1,performer,False,absolute,True,2,2,16,0.0005,0.577820,0.584356,0.577820,0.018060
ICL-HMM_V2_O1,L2_H1_D16_performer_AttnOnlyFalse_PE-absolute_ResFalse_LR0.0005,ICL-HMM,2,1,performer,False,absolute,False,2,1,16,0.0005,0.587944,0.587391,0.587944,0.020297
ICL-HMM_V2_O1,L2_H2_D16_performer_AttnOnlyFalse_PE-absolute_ResFalse_LR0.0005,ICL-HMM,2,1,performer,False,absolute,False,2,2,16,0.0005,0.588491,0.585966,0.588491,0.017627
ICL-HMM_V2_O1,L2_H1_D16_performer_AttnOnlyFalse_PE-rope_ResTrue_LR0.0005,ICL-HMM,2,1,performer,False,rope,True,2,1,16,0.0005,0.578495,0.585276,0.578495,0.020180
ICL-HMM_V2_O1,L2_H2_D16_performer_AttnOnlyFalse_PE-rope_ResTrue_LR0.0005,ICL-HMM,2,1,performer,False,rope,True,2,2,16,0.0005,0.587384,0.584739,0.587384,0.019396
ICL-HMM_V2_O1,L2_H1_D16_performer_AttnOnlyFalse_PE-rope_ResFalse_LR0.0005,ICL-HMM,2,1,performer,False,rope,False,2,1,16,0.0005,0.599790,0.588059,0.599790,0.019978
ICL-HMM_V2_O1,L2_H2_D16_performer_AttnOnlyFalse_PE-rope_ResFalse_LR0.0005,ICL-HMM,2,1,performer,False,rope,False,2,2,16,0.0005,0.588223,0.588848,0.588223,0.021269
ICL-HMM_V2_O1,L2_H1_D16_standard_AttnOnlyTrue_PE-absolute_ResTrue_LR0.0005,ICL-HMM,2,1,standard,True,absolute,True,2,1,16,0.0005,0.584730,0.587869,0.584730,0.018281
ICL-HMM_V2_O1,L2_H2_D16_standard_AttnOnlyTrue_PE-absolute_ResTrue_LR0.0005,ICL-HMM,2,1,standard,True,absolute,True,2,2,16,0.0005,0.583169,0.585719,0.583169,0.017955
ICL-HMM_V2_O1,L2_H1_D16_standard_AttnOnlyTrue_PE-absolute_ResFalse_LR0.0005,ICL-HMM,2,1,standard,True,absolute,False,2,1,16,0.0005,0.581826,0.585904,0.581826,0.018933
ICL-HMM_V2_O1,L2_H2_D16_standard_AttnOnlyTrue_PE-absolute_ResFalse_LR0.0005,ICL-HMM,2,1,standard,True,absolute,False,2,2,16,0.0005,0.582842,0.585061,0.582842,0.019218
ICL-HMM_V2_O1,L2_H1_D16_standard_AttnOnlyTrue_PE-rpe_ResTrue_LR0.0005,ICL-HMM,2,1,standard,True,rpe,True,2,1,16,0.0005,0.593661,0.587730,0.593661,0.020569
ICL-HMM_V2_O1,L2_H2_D16_standard_AttnOnlyTrue_PE-rpe_ResTrue_LR0.0005,ICL-HMM,2,1,standard,True,rpe,True,2,2,16,0.0005,0.578168,0.587977,0.578168,0.020857
ICL-HMM_V2_O1,L2_H1_D16_standard_AttnOnlyTrue_PE-rpe_ResFalse_LR0.0005,ICL-HMM,2,1,standard,True,rpe,False,2,1,16,0.0005,0.598919,0.585324,0.598919,0.019912
ICL-HMM_V2_O1,L2_H2_D16_standard_AttnOnlyTrue_PE-rpe_ResFalse_LR0.0005,ICL-HMM,2,1,standard,True,rpe,False,2,2,16,0.0005,0.587132,0.587907,0.587132,0.019885
ICL-HMM_V2_O1,L2_H1_D16_standard_AttnOnlyTrue_PE-rope_ResTrue_LR0.0005,ICL-HMM,2,1,standard,True,rope,True,2,1,16,0.0005,0.590383,0.585541,0.590383,0.019930
ICL-HMM_V2_O1,L2_H2_D16_standard_AttnOnlyTrue_PE-rope_ResTrue_LR0.0005,ICL-HMM,2,1,standard,True,rope,True,2,2,16,0.0005,0.591769,0.585726,0.591769,0.018060
ICL-HMM_V2_O1,L2_H1_D16_standard_AttnOnlyTrue_PE-rope_ResFalse_LR0.0005,ICL-HMM,2,1,standard,True,rope,False,2,1,16,0.0005,0.569986,0.585132,0.569986,0.019472
ICL-HMM_V2_O1,L2_H2_D16_standard_AttnOnlyTrue_PE-rope_ResFalse_LR0.0005,ICL-HMM,2,1,standard,True,rope,False,2,2,16,0.0005,0.586370,0.585577,0.586370,0.018950
ICL-HMM_V2_O1,L2_H1_D16_standard_AttnOnlyFalse_PE-absolute_ResTrue_LR0.0005,ICL-HMM,2,1,standard,False,absolute,True,2,1,16,0.0005,0.578442,0.582658,0.578442,0.016830
ICL-HMM_V2_O1,L2_H2_D16_standard_AttnOnlyFalse_PE-absolute_ResTrue_LR0.0005,ICL-HMM,2,1,standard,False,absolute,True,2,2,16,0.0005,0.582489,0.584817,0.582489,0.018239
ICL-HMM_V2_O1,L2_H1_D16_standard_AttnOnlyFalse_PE-absolute_ResFalse_LR0.0005,ICL-HMM,2,1,standard,False,absolute,False,2,1,16,0.0005,0.578504,0.582537,0.578504,0.018623
ICL-HMM_V2_O1,L2_H2_D16_standard_AttnOnlyFalse_PE-absolute_ResFalse_LR0.0005,ICL-HMM,2,1,standard,False,absolute,False,2,2,16,0.0005,0.593069,0.588577,0.593069,0.019406
ICL-HMM_V2_O1,L2_H1_D16_standard_AttnOnlyFalse_PE-rpe_ResTrue_LR0.0005,ICL-HMM,2,1,standard,False,rpe,True,2,1,16,0.0005,0.581034,0.587743,0.581034,0.020286
ICL-HMM_V2_O1,L2_H2_D16_standard_AttnOnlyFalse_PE-rpe_ResTrue_LR0.0005,ICL-HMM,2,1,standard,False,rpe,True,2,2,16,0.0005,0.583848,0.584880,0.583848,0.018730
ICL-HMM_V2_O1,L2_H1_D16_standard_AttnOnlyFalse_PE-rpe_ResFalse_LR0.0005,ICL-HMM,2,1,standard,False,rpe,False,2,1,16,0.0005,0.590548,0.581464,0.590548,0.019693
ICL-HMM_V2_O1,L2_H2_D16_standard_AttnOnlyFalse_PE-rpe_ResFalse_LR0.0005,ICL-HMM,2,1,standard,False,rpe,False,2,2,16,0.0005,0.604303,0.589520,0.604303,0.022702
ICL-HMM_V2_O1,L2_H1_D16_standard_AttnOnlyFalse_PE-rope_ResTrue_LR0.0005,ICL-HMM,2,1,standard,False,rope,True,2,1,16,0.0005,0.582023,0.588540,0.582023,0.019146
ICL-HMM_V2_O1,L2_H2_D16_standard_AttnOnlyFalse_PE-rope_ResTrue_LR0.0005,ICL-HMM,2,1,standard,False,rope,True,2,2,16,0.0005,0.596989,0.587434,0.596989,0.019884
ICL-HMM_V2_O1,L2_H1_D16_standard_AttnOnlyFalse_PE-rope_ResFalse_LR0.0005,ICL-HMM,2,1,standard,False,rope,False,2,1,16,0.0005,0.599660,0.589491,0.599660,0.021657
ICL-HMM_V2_O1,L2_H2_D16_standard_AttnOnlyFalse_PE-rope_ResFalse_LR0.0005,ICL-HMM,2,1,standard,False,rope,False,2,2,16,0.0005,0.580454,0.588737,0.580454,0.022363
ICL-HMM_V2_O1,L2_H1_D16_linear_AttnOnlyTrue_PE-absolute_ResTrue_LR0.0005,ICL-HMM,2,1,linear,True,absolute,True,2,1,16,0.0005,0.583079,0.585259,0.583079,0.018446
ICL-HMM_V2_O1,L2_H2_D16_linear_AttnOnlyTrue_PE-absolute_ResTrue_LR0.0005,ICL-HMM,2,1,linear,True,absolute,True,2,2,16,0.0005,0.576839,0.582758,0.576839,0.017405
ICL-HMM_V2_O1,L2_H1_D16_linear_AttnOnlyTrue_PE-absolute_ResFalse_LR0.0005,ICL-HMM,2,1,linear,True,absolute,False,2,1,16,0.0005,0.596480,0.587509,0.596480,0.019366
ICL-HMM_V2_O1,L2_H2_D16_linear_AttnOnlyTrue_PE-absolute_ResFalse_LR0.0005,ICL-HMM,2,1,linear,True,absolute,False,2,2,16,0.0005,0.593624,0.583585,0.593624,0.018023
ICL-HMM_V2_O1,L2_H1_D16_linear_AttnOnlyTrue_PE-rope_ResTrue_LR0.0005,ICL-HMM,2,1,linear,True,rope,True,2,1,16,0.0005,0.591270,0.586207,0.591270,0.019605
ICL-HMM_V2_O1,L2_H2_D16_linear_AttnOnlyTrue_PE-rope_ResTrue_LR0.0005,ICL-HMM,2,1,linear,True,rope,True,2,2,16,0.0005,0.588873,0.584259,0.588873,0.020646
ICL-HMM_V2_O1,L2_H1_D16_linear_AttnOnlyTrue_PE-rope_ResFalse_LR0.0005,ICL-HMM,2,1,linear,True,rope,False,2,1,16,0.0005,0.584568,0.588096,0.584568,0.019467
ICL-HMM_V2_O1,L2_H2_D16_linear_AttnOnlyTrue_PE-rope_ResFalse_LR0.0005,ICL-HMM,2,1,linear,True,rope,False,2,2,16,0.0005,0.590024,0.587446,0.590024,0.019501
ICL-HMM_V2_O1,L2_H1_D16_linear_AttnOnlyFalse_PE-absolute_ResTrue_LR0.0005,ICL-HMM,2,1,linear,False,absolute,True,2,1,16,0.0005,0.597409,0.589332,0.597409,0.018830
ICL-HMM_V2_O1,L2_H2_D16_linear_AttnOnlyFalse_PE-absolute_ResTrue_LR0.0005,ICL-HMM,2,1,linear,False,absolute,True,2,2,16,0.0005,0.578610,0.584433,0.578610,0.018198
ICL-HMM_V2_O1,L2_H1_D16_linear_AttnOnlyFalse_PE-absolute_ResFalse_LR0.0005,ICL-HMM,2,1,linear,False,absolute,False,2,1,16,0.0005,0.583696,0.584534,0.583696,0.018230
ICL-HMM_V2_O1,L2_H2_D16_linear_AttnOnlyFalse_PE-absolute_ResFalse_LR0.0005,ICL-HMM,2,1,linear,False,absolute,False,2,2,16,0.0005,0.586896,0.585018,0.586896,0.019213
ICL-HMM_V2_O1,L2_H1_D16_linear_AttnOnlyFalse_PE-rope_ResTrue_LR0.0005,ICL-HMM,2,1,linear,False,rope,True,2,1,16,0.0005,0.586993,0.583491,0.586993,0.019021
ICL-HMM_V2_O1,L2_H2_D16_linear_AttnOnlyFalse_PE-rope_ResTrue_LR0.0005,ICL-HMM,2,1,linear,False,rope,True,2,2,16,0.0005,0.593517,0.586852,0.593517,0.018958
ICL-HMM_V2_O1,L2_H1_D16_linear_AttnOnlyFalse_PE-rope_ResFalse_LR0.0005,ICL-HMM,2,1,linear,False,rope,False,2,1,16,0.0005,0.600141,0.595396,0.600141,0.026328
ICL-HMM_V2_O1,L2_H2_D16_linear_AttnOnlyFalse_PE-rope_ResFalse_LR0.0005,ICL-HMM,2,1,linear,False,rope,False,2,2,16,0.0005,0.588828,0.591029,0.588828,0.020674
ICL-HMM_V2_O1,L1_H1_D16_performer_AttnOnlyTrue_PE-absolute_ResTrue_LR0.0005,ICL-HMM,2,1,performer,True,absolute,True,1,1,16,0.0005,0.596277,0.588805,0.596277,0.018527
ICL-HMM_V2_O1,L1_H2_D16_performer_AttnOnlyTrue_PE-absolute_ResTrue_LR0.0005,ICL-HMM,2,1,performer,True,absolute,True,1,2,16,0.0005,0.582894,0.581952,0.582894,0.018175
ICL-HMM_V2_O1,L1_H1_D16_performer_AttnOnlyTrue_PE-absolute_ResFalse_LR0.0005,ICL-HMM,2,1,performer,True,absolute,False,1,1,16,0.0005,0.600765,0.590477,0.600765,0.019584
ICL-HMM_V2_O1,L1_H2_D16_performer_AttnOnlyTrue_PE-absolute_ResFalse_LR0.0005,ICL-HMM,2,1,performer,True,absolute,False,1,2,16,0.0005,0.584042,0.583148,0.584042,0.018471
ICL-HMM_V2_O1,L1_H1_D16_performer_AttnOnlyTrue_PE-rope_ResTrue_LR0.0005,ICL-HMM,2,1,performer,True,rope,True,1,1,16,0.0005,0.587576,0.591131,0.587576,0.021985
ICL-HMM_V2_O1,L1_H2_D16_performer_AttnOnlyTrue_PE-rope_ResTrue_LR0.0005,ICL-HMM,2,1,performer,True,rope,True,1,2,16,0.0005,0.573086,0.585950,0.573086,0.019461
ICL-HMM_V2_O1,L1_H1_D16_performer_AttnOnlyTrue_PE-rope_ResFalse_LR0.0005,ICL-HMM,2,1,performer,True,rope,False,1,1,16,0.0005,0.594506,0.587964,0.594506,0.021905
ICL-HMM_V2_O1,L1_H2_D16_performer_AttnOnlyTrue_PE-rope_ResFalse_LR0.0005,ICL-HMM,2,1,performer,True,rope,False,1,2,16,0.0005,0.586496,0.585485,0.586496,0.020384
ICL-HMM_V2_O1,L1_H1_D16_performer_AttnOnlyFalse_PE-absolute_ResTrue_LR0.0005,ICL-HMM,2,1,performer,False,absolute,True,1,1,16,0.0005,0.595992,0.584835,0.595992,0.018042
ICL-HMM_V2_O1,L1_H2_D16_performer_AttnOnlyFalse_PE-absolute_ResTrue_LR0.0005,ICL-HMM,2,1,performer,False,absolute,True,1,2,16,0.0005,0.584178,0.587744,0.584178,0.018553
ICL-HMM_V2_O1,L1_H1_D16_performer_AttnOnlyFalse_PE-absolute_ResFalse_LR0.0005,ICL-HMM,2,1,performer,False,absolute,False,1,1,16,0.0005,0.591466,0.590638,0.591466,0.019545
ICL-HMM_V2_O1,L1_H2_D16_performer_AttnOnlyFalse_PE-absolute_ResFalse_LR0.0005,ICL-HMM,2,1,performer,False,absolute,False,1,2,16,0.0005,0.593944,0.587510,0.593944,0.018679
ICL-HMM_V2_O1,L1_H1_D16_performer_AttnOnlyFalse_PE-rope_ResTrue_LR0.0005,ICL-HMM,2,1,performer,False,rope,True,1,1,16,0.0005,0.592360,0.589072,0.592360,0.021943
ICL-HMM_V2_O1,L1_H2_D16_performer_AttnOnlyFalse_PE-rope_ResTrue_LR0.0005,ICL-HMM,2,1,performer,False,rope,True,1,2,16,0.0005,0.582300,0.591402,0.582300,0.019108
ICL-HMM_V2_O1,L1_H1_D16_performer_AttnOnlyFalse_PE-rope_ResFalse_LR0.0005,ICL-HMM,2,1,performer,False,rope,False,1,1,16,0.0005,0.578281,0.586959,0.578281,0.021694
ICL-HMM_V2_O1,L1_H2_D16_performer_AttnOnlyFalse_PE-rope_ResFalse_LR0.0005,ICL-HMM,2,1,performer,False,rope,False,1,2,16,0.0005,0.582200,0.586070,0.582200,0.020059
ICL-HMM_V2_O1,L1_H1_D16_standard_AttnOnlyTrue_PE-absolute_ResTrue_LR0.0005,ICL-HMM,2,1,standard,True,absolute,True,1,1,16,0.0005,0.583983,0.583576,0.583983,0.019198
ICL-HMM_V2_O1,L1_H2_D16_standard_AttnOnlyTrue_PE-absolute_ResTrue_LR0.0005,ICL-HMM,2,1,standard,True,absolute,True,1,2,16,0.0005,0.573158,0.584475,0.573158,0.017480
ICL-HMM_V2_O1,L1_H1_D16_standard_AttnOnlyTrue_PE-absolute_ResFalse_LR0.0005,ICL-HMM,2,1,standard,True,absolute,False,1,1,16,0.0005,0.580929,0.586599,0.580929,0.019506
ICL-HMM_V2_O1,L1_H2_D16_standard_AttnOnlyTrue_PE-absolute_ResFalse_LR0.0005,ICL-HMM,2,1,standard,True,absolute,False,1,2,16,0.0005,0.583701,0.586381,0.583701,0.017920
ICL-HMM_V2_O1,L1_H1_D16_standard_AttnOnlyTrue_PE-rpe_ResTrue_LR0.0005,ICL-HMM,2,1,standard,True,rpe,True,1,1,16,0.0005,0.588805,0.588930,0.588805,0.021404
ICL-HMM_V2_O1,L1_H2_D16_standard_AttnOnlyTrue_PE-rpe_ResTrue_LR0.0005,ICL-HMM,2,1,standard,True,rpe,True,1,2,16,0.0005,0.586153,0.587427,0.586153,0.019534
ICL-HMM_V2_O1,L1_H1_D16_standard_AttnOnlyTrue_PE-rpe_ResFalse_LR0.0005,ICL-HMM,2,1,standard,True,rpe,False,1,1,16,0.0005,0.583125,0.585967,0.583124,0.021760
ICL-HMM_V2_O1,L1_H2_D16_standard_AttnOnlyTrue_PE-rpe_ResFalse_LR0.0005,ICL-HMM,2,1,standard,True,rpe,False,1,2,16,0.0005,0.572496,0.582375,0.572496,0.020152
ICL-HMM_V2_O1,L1_H1_D16_standard_AttnOnlyTrue_PE-rope_ResTrue_LR0.0005,ICL-HMM,2,1,standard,True,rope,True,1,1,16,0.0005,0.586351,0.589402,0.586351,0.022214
ICL-HMM_V2_O1,L1_H2_D16_standard_AttnOnlyTrue_PE-rope_ResTrue_LR0.0005,ICL-HMM,2,1,standard,True,rope,True,1,2,16,0.0005,0.583758,0.587098,0.583758,0.021079
ICL-HMM_V2_O1,L1_H1_D16_standard_AttnOnlyTrue_PE-rope_ResFalse_LR0.0005,ICL-HMM,2,1,standard,True,rope,False,1,1,16,0.0005,0.577382,0.586477,0.577382,0.021780
ICL-HMM_V2_O1,L1_H2_D16_standard_AttnOnlyTrue_PE-rope_ResFalse_LR0.0005,ICL-HMM,2,1,standard,True,rope,False,1,2,16,0.0005,0.588163,0.587376,0.588163,0.020453
ICL-HMM_V2_O1,L1_H1_D16_standard_AttnOnlyFalse_PE-absolute_ResTrue_LR0.0005,ICL-HMM,2,1,standard,False,absolute,True,1,1,16,0.0005,0.586589,0.584410,0.586589,0.019119
ICL-HMM_V2_O1,L1_H2_D16_standard_AttnOnlyFalse_PE-absolute_ResTrue_LR0.0005,ICL-HMM,2,1,standard,False,absolute,True,1,2,16,0.0005,0.577824,0.582868,0.577824,0.017690
ICL-HMM_V2_O1,L1_H1_D16_standard_AttnOnlyFalse_PE-absolute_ResFalse_LR0.0005,ICL-HMM,2,1,standard,False,absolute,False,1,1,16,0.0005,0.586408,0.584928,0.586408,0.019426
ICL-HMM_V2_O1,L1_H2_D16_standard_AttnOnlyFalse_PE-absolute_ResFalse_LR0.0005,ICL-HMM,2,1,standard,False,absolute,False,1,2,16,0.0005,0.586370,0.585076,0.586370,0.019565
ICL-HMM_V2_O1,L1_H1_D16_standard_AttnOnlyFalse_PE-rpe_ResTrue_LR0.0005,ICL-HMM,2,1,standard,False,rpe,True,1,1,16,0.0005,0.590168,0.586916,0.590168,0.020177
ICL-HMM_V2_O1,L1_H2_D16_standard_AttnOnlyFalse_PE-rpe_ResTrue_LR0.0005,ICL-HMM,2,1,standard,False,rpe,True,1,2,16,0.0005,0.594179,0.587635,0.594179,0.021185
ICL-HMM_V2_O1,L1_H1_D16_standard_AttnOnlyFalse_PE-rpe_ResFalse_LR0.0005,ICL-HMM,2,1,standard,False,rpe,False,1,1,16,0.0005,0.570961,0.583586,0.570961,0.019242
ICL-HMM_V2_O1,L1_H2_D16_standard_AttnOnlyFalse_PE-rpe_ResFalse_LR0.0005,ICL-HMM,2,1,standard,False,rpe,False,1,2,16,0.0005,0.582048,0.586267,0.582048,0.019416
ICL-HMM_V2_O1,L1_H1_D16_standard_AttnOnlyFalse_PE-rope_ResTrue_LR0.0005,ICL-HMM,2,1,standard,False,rope,True,1,1,16,0.0005,0.586533,0.589734,0.586533,0.020202
ICL-HMM_V2_O1,L1_H2_D16_standard_AttnOnlyFalse_PE-rope_ResTrue_LR0.0005,ICL-HMM,2,1,standard,False,rope,True,1,2,16,0.0005,0.588606,0.584890,0.588606,0.019921
ICL-HMM_V2_O1,L1_H1_D16_standard_AttnOnlyFalse_PE-rope_ResFalse_LR0.0005,ICL-HMM,2,1,standard,False,rope,False,1,1,16,0.0005,0.584897,0.583346,0.584897,0.019493
ICL-HMM_V2_O1,L1_H2_D16_standard_AttnOnlyFalse_PE-rope_ResFalse_LR0.0005,ICL-HMM,2,1,standard,False,rope,False,1,2,16,0.0005,0.586523,0.585222,0.586523,0.020424
ICL-HMM_V2_O1,L1_H1_D16_linear_AttnOnlyTrue_PE-absolute_ResTrue_LR0.0005,ICL-HMM,2,1,linear,True,absolute,True,1,1,16,0.0005,0.591315,0.586219,0.591315,0.020090
ICL-HMM_V2_O1,L1_H2_D16_linear_AttnOnlyTrue_PE-absolute_ResTrue_LR0.0005,ICL-HMM,2,1,linear,True,absolute,True,1,2,16,0.0005,0.584993,0.586016,0.584993,0.017865
ICL-HMM_V2_O1,L1_H1_D16_linear_AttnOnlyTrue_PE-absolute_ResFalse_LR0.0005,ICL-HMM,2,1,linear,True,absolute,False,1,1,16,0.0005,0.575080,0.584792,0.575080,0.019559
ICL-HMM_V2_O1,L1_H2_D16_linear_AttnOnlyTrue_PE-absolute_ResFalse_LR0.0005,ICL-HMM,2,1,linear,True,absolute,False,1,2,16,0.0005,0.588145,0.589149,0.588145,0.020024
ICL-HMM_V2_O1,L1_H1_D16_linear_AttnOnlyTrue_PE-rope_ResTrue_LR0.0005,ICL-HMM,2,1,linear,True,rope,True,1,1,16,0.0005,0.581971,0.588550,0.581971,0.022258
ICL-HMM_V2_O1,L1_H2_D16_linear_AttnOnlyTrue_PE-rope_ResTrue_LR0.0005,ICL-HMM,2,1,linear,True,rope,True,1,2,16,0.0005,0.590990,0.588335,0.590990,0.020957
ICL-HMM_V2_O1,L1_H1_D16_linear_AttnOnlyTrue_PE-rope_ResFalse_LR0.0005,ICL-HMM,2,1,linear,True,rope,False,1,1,16,0.0005,0.584096,0.591307,0.584096,0.020523
ICL-HMM_V2_O1,L1_H2_D16_linear_AttnOnlyTrue_PE-rope_ResFalse_LR0.0005,ICL-HMM,2,1,linear,True,rope,False,1,2,16,0.0005,0.590529,0.587460,0.590529,0.021076
ICL-HMM_V2_O1,L1_H1_D16_linear_AttnOnlyFalse_PE-absolute_ResTrue_LR0.0005,ICL-HMM,2,1,linear,False,absolute,True,1,1,16,0.0005,0.582107,0.586912,0.582107,0.018627
ICL-HMM_V2_O1,L1_H2_D16_linear_AttnOnlyFalse_PE-absolute_ResTrue_LR0.0005,ICL-HMM,2,1,linear,False,absolute,True,1,2,16,0.0005,0.587870,0.583130,0.587870,0.017927
ICL-HMM_V2_O1,L1_H1_D16_linear_AttnOnlyFalse_PE-absolute_ResFalse_LR0.0005,ICL-HMM,2,1,linear,False,absolute,False,1,1,16,0.0005,0.586345,0.590816,0.586345,0.018347
ICL-HMM_V2_O1,L1_H2_D16_linear_AttnOnlyFalse_PE-absolute_ResFalse_LR0.0005,ICL-HMM,2,1,linear,False,absolute,False,1,2,16,0.0005,0.592145,0.585207,0.592145,0.018300
ICL-HMM_V2_O1,L1_H1_D16_linear_AttnOnlyFalse_PE-rope_ResTrue_LR0.0005,ICL-HMM,2,1,linear,False,rope,True,1,1,16,0.0005,0.588792,0.587451,0.588792,0.021515
ICL-HMM_V2_O1,L1_H2_D16_linear_AttnOnlyFalse_PE-rope_ResTrue_LR0.0005,ICL-HMM,2,1,linear,False,rope,True,1,2,16,0.0005,0.592566,0.586068,0.592566,0.021120
ICL-HMM_V2_O1,L1_H1_D16_linear_AttnOnlyFalse_PE-rope_ResFalse_LR0.0005,ICL-HMM,2,1,linear,False,rope,False,1,1,16,0.0005,0.581783,0.584695,0.581783,0.020064
ICL-HMM_V2_O1,L1_H2_D16_linear_AttnOnlyFalse_PE-rope_ResFalse_LR0.0005,ICL-HMM,2,1,linear,False,rope,False,1,2,16,0.0005,0.593608,0.587987,0.593608,0.020033
ICL-HMM_V3_O2,L2_H1_D16_performer_AttnOnlyTrue_PE-absolute_ResTrue_LR0.0005,ICL-HMM,3,2,performer,True,absolute,True,2,1,16,0.0005,0.950072,0.958163,0.950072,0.037560
ICL-HMM_V3_O2,L2_H2_D16_performer_AttnOnlyTrue_PE-absolute_ResTrue_LR0.0005,ICL-HMM,3,2,performer,True,absolute,True,2,2,16,0.0005,0.947975,0.958289,0.947975,0.038659
ICL-HMM_V3_O2,L2_H1_D16_performer_AttnOnlyTrue_PE-absolute_ResFalse_LR0.0005,ICL-HMM,3,2,performer,True,absolute,False,2,1,16,0.0005,0.959513,0.962632,0.959512,0.042433
ICL-HMM_V3_O2,L2_H2_D16_performer_AttnOnlyTrue_PE-absolute_ResFalse_LR0.0005,ICL-HMM,3,2,performer,True,absolute,False,2,2,16,0.0005,0.968894,0.962157,0.968894,0.038068
ICL-HMM_V3_O2,L2_H1_D16_performer_AttnOnlyTrue_PE-rope_ResTrue_LR0.0005,ICL-HMM,3,2,performer,True,rope,True,2,1,16,0.0005,0.960195,0.960844,0.960195,0.041926
ICL-HMM_V3_O2,L2_H2_D16_performer_AttnOnlyTrue_PE-rope_ResTrue_LR0.0005,ICL-HMM,3,2,performer,True,rope,True,2,2,16,0.0005,0.951456,0.959494,0.951456,0.040770
ICL-HMM_V3_O2,L2_H1_D16_performer_AttnOnlyTrue_PE-rope_ResFalse_LR0.0005,ICL-HMM,3,2,performer,True,rope,False,2,1,16,0.0005,0.963181,0.965178,0.963181,0.045447
ICL-HMM_V3_O2,L2_H2_D16_performer_AttnOnlyTrue_PE-rope_ResFalse_LR0.0005,ICL-HMM,3,2,performer,True,rope,False,2,2,16,0.0005,0.965114,0.958556,0.965114,0.039368
ICL-HMM_V3_O2,L2_H1_D16_performer_AttnOnlyFalse_PE-absolute_ResTrue_LR0.0005,ICL-HMM,3,2,performer,False,absolute,True,2,1,16,0.0005,0.959449,0.953529,0.959449,0.039086
ICL-HMM_V3_O2,L2_H2_D16_performer_AttnOnlyFalse_PE-absolute_ResTrue_LR0.0005,ICL-HMM,3,2,performer,False,absolute,True,2,2,16,0.0005,0.965771,0.963528,0.965771,0.037964
ICL-HMM_V3_O2,L2_H1_D16_performer_AttnOnlyFalse_PE-absolute_ResFalse_LR0.0005,ICL-HMM,3,2,performer,False,absolute,False,2,1,16,0.0005,0.958631,0.956201,0.958631,0.040038
ICL-HMM_V3_O2,L2_H2_D16_performer_AttnOnlyFalse_PE-absolute_ResFalse_LR0.0005,ICL-HMM,3,2,performer,False,absolute,False,2,2,16,0.0005,0.954802,0.961104,0.954802,0.038208
ICL-HMM_V3_O2,L2_H1_D16_performer_AttnOnlyFalse_PE-rope_ResTrue_LR0.0005,ICL-HMM,3,2,performer,False,rope,True,2,1,16,0.0005,0.958871,0.962676,0.958871,0.040462
ICL-HMM_V3_O2,L2_H2_D16_performer_AttnOnlyFalse_PE-rope_ResTrue_LR0.0005,ICL-HMM,3,2,performer,False,rope,True,2,2,16,0.0005,0.968689,0.964299,0.968689,0.040674
ICL-HMM_V3_O2,L2_H1_D16_performer_AttnOnlyFalse_PE-rope_ResFalse_LR0.0005,ICL-HMM,3,2,performer,False,rope,False,2,1,16,0.0005,0.958716,0.962891,0.958716,0.042462
ICL-HMM_V3_O2,L2_H2_D16_performer_AttnOnlyFalse_PE-rope_ResFalse_LR0.0005,ICL-HMM,3,2,performer,False,rope,False,2,2,16,0.0005,0.951568,0.957440,0.951568,0.038711
ICL-HMM_V3_O2,L2_H1_D16_standard_AttnOnlyTrue_PE-absolute_ResTrue_LR0.0005,ICL-HMM,3,2,standard,True,absolute,True,2,1,16,0.0005,0.955624,0.959430,0.955624,0.039684
ICL-HMM_V3_O2,L2_H2_D16_standard_AttnOnlyTrue_PE-absolute_ResTrue_LR0.0005,ICL-HMM,3,2,standard,True,absolute,True,2,2,16,0.0005,0.953441,0.957840,0.953441,0.037694
ICL-HMM_V3_O2,L2_H1_D16_standard_AttnOnlyTrue_PE-absolute_ResFalse_LR0.0005,ICL-HMM,3,2,standard,True,absolute,False,2,1,16,0.0005,0.961315,0.960843,0.961315,0.045005
ICL-HMM_V3_O2,L2_H2_D16_standard_AttnOnlyTrue_PE-absolute_ResFalse_LR0.0005,ICL-HMM,3,2,standard,True,absolute,False,2,2,16,0.0005,0.970368,0.958539,0.970368,0.040971
ICL-HMM_V3_O2,L2_H1_D16_standard_AttnOnlyTrue_PE-rpe_ResTrue_LR0.0005,ICL-HMM,3,2,standard,True,rpe,True,2,1,16,0.0005,0.967543,0.959956,0.967543,0.042755
ICL-HMM_V3_O2,L2_H2_D16_standard_AttnOnlyTrue_PE-rpe_ResTrue_LR0.0005,ICL-HMM,3,2,standard,True,rpe,True,2,2,16,0.0005,0.964339,0.961374,0.964339,0.039598
ICL-HMM_V3_O2,L2_H1_D16_standard_AttnOnlyTrue_PE-rpe_ResFalse_LR0.0005,ICL-HMM,3,2,standard,True,rpe,False,2,1,16,0.0005,0.960182,0.965694,0.960182,0.045572
ICL-HMM_V3_O2,L2_H2_D16_standard_AttnOnlyTrue_PE-rpe_ResFalse_LR0.0005,ICL-HMM,3,2,standard,True,rpe,False,2,2,16,0.0005,0.957099,0.958137,0.957099,0.042259
ICL-HMM_V3_O2,L2_H1_D16_standard_AttnOnlyTrue_PE-rope_ResTrue_LR0.0005,ICL-HMM,3,2,standard,True,rope,True,2,1,16,0.0005,0.960550,0.960201,0.960550,0.041586
ICL-HMM_V3_O2,L2_H2_D16_standard_AttnOnlyTrue_PE-rope_ResTrue_LR0.0005,ICL-HMM,3,2,standard,True,rope,True,2,2,16,0.0005,0.962480,0.960935,0.962480,0.040442
ICL-HMM_V3_O2,L2_H1_D16_standard_AttnOnlyTrue_PE-rope_ResFalse_LR0.0005,ICL-HMM,3,2,standard,True,rope,False,2,1,16,0.0005,0.981961,0.966020,0.981961,0.044197
ICL-HMM_V3_O2,L2_H2_D16_standard_AttnOnlyTrue_PE-rope_ResFalse_LR0.0005,ICL-HMM,3,2,standard,True,rope,False,2,2,16,0.0005,0.950048,0.959284,0.950048,0.040698
ICL-HMM_V3_O2,L2_H1_D16_standard_AttnOnlyFalse_PE-absolute_ResTrue_LR0.0005,ICL-HMM,3,2,standard,False,absolute,True,2,1,16,0.0005,0.951113,0.954490,0.951113,0.038017
ICL-HMM_V3_O2,L2_H2_D16_standard_AttnOnlyFalse_PE-absolute_ResTrue_LR0.0005,ICL-HMM,3,2,standard,False,absolute,True,2,2,16,0.0005,0.964916,0.962458,0.964916,0.038799
ICL-HMM_V3_O2,L2_H1_D16_standard_AttnOnlyFalse_PE-absolute_ResFalse_LR0.0005,ICL-HMM,3,2,standard,False,absolute,False,2,1,16,0.0005,0.949780,0.959170,0.949780,0.039759
ICL-HMM_V3_O2,L2_H2_D16_standard_AttnOnlyFalse_PE-absolute_ResFalse_LR0.0005,ICL-HMM,3,2,standard,False,absolute,False,2,2,16,0.0005,0.955257,0.960437,0.955257,0.041389
ICL-HMM_V3_O2,L2_H1_D16_standard_AttnOnlyFalse_PE-rpe_ResTrue_LR0.0005,ICL-HMM,3,2,standard,False,rpe,True,2,1,16,0.0005,0.961454,0.960896,0.961454,0.038615
ICL-HMM_V3_O2,L2_H2_D16_standard_AttnOnlyFalse_PE-rpe_ResTrue_LR0.0005,ICL-HMM,3,2,standard,False,rpe,True,2,2,16,0.0005,0.955712,0.958660,0.955712,0.040649
ICL-HMM_V3_O2,L2_H1_D16_standard_AttnOnlyFalse_PE-rpe_ResFalse_LR0.0005,ICL-HMM,3,2,standard,False,rpe,False,2,1,16,0.0005,0.984787,0.965367,0.984787,0.042373
ICL-HMM_V3_O2,L2_H2_D16_standard_AttnOnlyFalse_PE-rpe_ResFalse_LR0.0005,ICL-HMM,3,2,standard,False,rpe,False,2,2,16,0.0005,0.971576,0.960240,0.971576,0.045021
ICL-HMM_V3_O2,L2_H1_D16_standard_AttnOnlyFalse_PE-rope_ResTrue_LR0.0005,ICL-HMM,3,2,standard,False,rope,True,2,1,16,0.0005,0.947918,0.956092,0.947918,0.038214
ICL-HMM_V3_O2,L2_H2_D16_standard_AttnOnlyFalse_PE-rope_ResTrue_LR0.0005,ICL-HMM,3,2,standard,False,rope,True,2,2,16,0.0005,0.955686,0.952445,0.955686,0.039021
ICL-HMM_V3_O2,L2_H1_D16_standard_AttnOnlyFalse_PE-rope_ResFalse_LR0.0005,ICL-HMM,3,2,standard,False,rope,False,2,1,16,0.0005,0.950794,0.962823,0.950794,0.042647
ICL-HMM_V3_O2,L2_H2_D16_standard_AttnOnlyFalse_PE-rope_ResFalse_LR0.0005,ICL-HMM,3,2,standard,False,rope,False,2,2,16,0.0005,0.972595,0.968638,0.972595,0.042510
ICL-HMM_V3_O2,L2_H1_D16_linear_AttnOnlyTrue_PE-absolute_ResTrue_LR0.0005,ICL-HMM,3,2,linear,True,absolute,True,2,1,16,0.0005,0.963650,0.957215,0.963650,0.039190
ICL-HMM_V3_O2,L2_H2_D16_linear_AttnOnlyTrue_PE-absolute_ResTrue_LR0.0005,ICL-HMM,3,2,linear,True,absolute,True,2,2,16,0.0005,0.956977,0.959404,0.956977,0.037094
ICL-HMM_V3_O2,L2_H1_D16_linear_AttnOnlyTrue_PE-absolute_ResFalse_LR0.0005,ICL-HMM,3,2,linear,True,absolute,False,2,1,16,0.0005,0.952588,0.959615,0.952588,0.040723
ICL-HMM_V3_O2,L2_H2_D16_linear_AttnOnlyTrue_PE-absolute_ResFalse_LR0.0005,ICL-HMM,3,2,linear,True,absolute,False,2,2,16,0.0005,0.961342,0.956633,0.961342,0.038267
ICL-HMM_V3_O2,L2_H1_D16_linear_AttnOnlyTrue_PE-rope_ResTrue_LR0.0005,ICL-HMM,3,2,linear,True,rope,True,2,1,16,0.0005,0.953358,0.961010,0.953358,0.042518
ICL-HMM_V3_O2,L2_H2_D16_linear_AttnOnlyTrue_PE-rope_ResTrue_LR0.0005,ICL-HMM,3,2,linear,True,rope,True,2,2,16,0.0005,0.962833,0.959328,0.962833,0.040029
ICL-HMM_V3_O2,L2_H1_D16_linear_AttnOnlyTrue_PE-rope_ResFalse_LR0.0005,ICL-HMM,3,2,linear,True,rope,False,2,1,16,0.0005,0.965465,0.964366,0.965465,0.043185
ICL-HMM_V3_O2,L2_H2_D16_linear_AttnOnlyTrue_PE-rope_ResFalse_LR0.0005,ICL-HMM,3,2,linear,True,rope,False,2,2,16,0.0005,0.963112,0.966379,0.963112,0.043455
ICL-HMM_V3_O2,L2_H1_D16_linear_AttnOnlyFalse_PE-absolute_ResTrue_LR0.0005,ICL-HMM,3,2,linear,False,absolute,True,2,1,16,0.0005,0.947555,0.955042,0.947555,0.037985
ICL-HMM_V3_O2,L2_H2_D16_linear_AttnOnlyFalse_PE-absolute_ResTrue_LR0.0005,ICL-HMM,3,2,linear,False,absolute,True,2,2,16,0.0005,0.964087,0.957247,0.964087,0.038198
ICL-HMM_V3_O2,L2_H1_D16_linear_AttnOnlyFalse_PE-absolute_ResFalse_LR0.0005,ICL-HMM,3,2,linear,False,absolute,False,2,1,16,0.0005,0.962815,0.957573,0.962815,0.040268
ICL-HMM_V3_O2,L2_H2_D16_linear_AttnOnlyFalse_PE-absolute_ResFalse_LR0.0005,ICL-HMM,3,2,linear,False,absolute,False,2,2,16,0.0005,0.953513,0.963337,0.953513,0.038104
ICL-HMM_V3_O2,L2_H1_D16_linear_AttnOnlyFalse_PE-rope_ResTrue_LR0.0005,ICL-HMM,3,2,linear,False,rope,True,2,1,16,0.0005,0.969805,0.961170,0.969805,0.041119
ICL-HMM_V3_O2,L2_H2_D16_linear_AttnOnlyFalse_PE-rope_ResTrue_LR0.0005,ICL-HMM,3,2,linear,False,rope,True,2,2,16,0.0005,0.953971,0.958380,0.953971,0.041025
ICL-HMM_V3_O2,L2_H1_D16_linear_AttnOnlyFalse_PE-rope_ResFalse_LR0.0005,ICL-HMM,3,2,linear,False,rope,False,2,1,16,0.0005,0.960635,0.958344,0.960635,0.043359
ICL-HMM_V3_O2,L2_H2_D16_linear_AttnOnlyFalse_PE-rope_ResFalse_LR0.0005,ICL-HMM,3,2,linear,False,rope,False,2,2,16,0.0005,0.956588,0.960289,0.956588,0.039921
ICL-HMM_V3_O2,L1_H1_D16_performer_AttnOnlyTrue_PE-absolute_ResTrue_LR0.0005,ICL-HMM,3,2,performer,True,absolute,True,1,1,16,0.0005,0.958641,0.958896,0.958641,0.044622
ICL-HMM_V3_O2,L1_H2_D16_performer_AttnOnlyTrue_PE-absolute_ResTrue_LR0.0005,ICL-HMM,3,2,performer,True,absolute,True,1,2,16,0.0005,0.963806,0.957950,0.963806,0.040705
ICL-HMM_V3_O2,L1_H1_D16_performer_AttnOnlyTrue_PE-absolute_ResFalse_LR0.0005,ICL-HMM,3,2,performer,True,absolute,False,1,1,16,0.0005,0.954508,0.962040,0.954507,0.042924
ICL-HMM_V3_O2,L1_H2_D16_performer_AttnOnlyTrue_PE-absolute_ResFalse_LR0.0005,ICL-HMM,3,2,performer,True,absolute,False,1,2,16,0.0005,0.973009,0.962013,0.973009,0.039676
ICL-HMM_V3_O2,L1_H1_D16_performer_AttnOnlyTrue_PE-rope_ResTrue_LR0.0005,ICL-HMM,3,2,performer,True,rope,True,1,1,16,0.0005,0.975189,0.967474,0.975189,0.045600
ICL-HMM_V3_O2,L1_H2_D16_performer_AttnOnlyTrue_PE-rope_ResTrue_LR0.0005,ICL-HMM,3,2,performer,True,rope,True,1,2,16,0.0005,0.955422,0.957846,0.955422,0.041974
ICL-HMM_V3_O2,L1_H1_D16_performer_AttnOnlyTrue_PE-rope_ResFalse_LR0.0005,ICL-HMM,3,2,performer,True,rope,False,1,1,16,0.0005,0.971540,0.969476,0.971540,0.046165
ICL-HMM_V3_O2,L1_H2_D16_performer_AttnOnlyTrue_PE-rope_ResFalse_LR0.0005,ICL-HMM,3,2,performer,True,rope,False,1,2,16,0.0005,0.953925,0.962916,0.953925,0.043156
ICL-HMM_V3_O2,L1_H1_D16_performer_AttnOnlyFalse_PE-absolute_ResTrue_LR0.0005,ICL-HMM,3,2,performer,False,absolute,True,1,1,16,0.0005,0.954307,0.955034,0.954307,0.039349
ICL-HMM_V3_O2,L1_H2_D16_performer_AttnOnlyFalse_PE-absolute_ResTrue_LR0.0005,ICL-HMM,3,2,performer,False,absolute,True,1,2,16,0.0005,0.962283,0.956071,0.962283,0.039011
ICL-HMM_V3_O2,L1_H1_D16_performer_AttnOnlyFalse_PE-absolute_ResFalse_LR0.0005,ICL-HMM,3,2,performer,False,absolute,False,1,1,16,0.0005,0.956935,0.955121,0.956935,0.038637
ICL-HMM_V3_O2,L1_H2_D16_performer_AttnOnlyFalse_PE-absolute_ResFalse_LR0.0005,ICL-HMM,3,2,performer,False,absolute,False,1,2,16,0.0005,0.949709,0.957505,0.949709,0.038750
ICL-HMM_V3_O2,L1_H1_D16_performer_AttnOnlyFalse_PE-rope_ResTrue_LR0.0005,ICL-HMM,3,2,performer,False,rope,True,1,1,16,0.0005,0.949030,0.958344,0.949030,0.041905
ICL-HMM_V3_O2,L1_H2_D16_performer_AttnOnlyFalse_PE-rope_ResTrue_LR0.0005,ICL-HMM,3,2,performer,False,rope,True,1,2,16,0.0005,0.976681,0.961700,0.976681,0.039630
ICL-HMM_V3_O2,L1_H1_D16_performer_AttnOnlyFalse_PE-rope_ResFalse_LR0.0005,ICL-HMM,3,2,performer,False,rope,False,1,1,16,0.0005,0.952915,0.961873,0.952915,0.040091
ICL-HMM_V3_O2,L1_H2_D16_performer_AttnOnlyFalse_PE-rope_ResFalse_LR0.0005,ICL-HMM,3,2,performer,False,rope,False,1,2,16,0.0005,0.980320,0.960814,0.980320,0.040739
ICL-HMM_V3_O2,L1_H1_D16_standard_AttnOnlyTrue_PE-absolute_ResTrue_LR0.0005,ICL-HMM,3,2,standard,True,absolute,True,1,1,16,0.0005,0.966453,0.962319,0.966453,0.043684
ICL-HMM_V3_O2,L1_H2_D16_standard_AttnOnlyTrue_PE-absolute_ResTrue_LR0.0005,ICL-HMM,3,2,standard,True,absolute,True,1,2,16,0.0005,0.948171,0.955565,0.948171,0.040844
ICL-HMM_V3_O2,L1_H1_D16_standard_AttnOnlyTrue_PE-absolute_ResFalse_LR0.0005,ICL-HMM,3,2,standard,True,absolute,False,1,1,16,0.0005,0.958694,0.958727,0.958694,0.043469
ICL-HMM_V3_O2,L1_H2_D16_standard_AttnOnlyTrue_PE-absolute_ResFalse_LR0.0005,ICL-HMM,3,2,standard,True,absolute,False,1,2,16,0.0005,0.961169,0.960000,0.961169,0.039982
ICL-HMM_V3_O2,L1_H1_D16_standard_AttnOnlyTrue_PE-rpe_ResTrue_LR0.0005,ICL-HMM,3,2,standard,True,rpe,True,1,1,16,0.0005,0.977404,0.967232,0.977404,0.046332
ICL-HMM_V3_O2,L1_H2_D16_standard_AttnOnlyTrue_PE-rpe_ResTrue_LR0.0005,ICL-HMM,3,2,standard,True,rpe,True,1,2,16,0.0005,0.962524,0.964529,0.962524,0.046379
ICL-HMM_V3_O2,L1_H1_D16_standard_AttnOnlyTrue_PE-rpe_ResFalse_LR0.0005,ICL-HMM,3,2,standard,True,rpe,False,1,1,16,0.0005,0.981106,0.967362,0.981106,0.048127
ICL-HMM_V3_O2,L1_H2_D16_standard_AttnOnlyTrue_PE-rpe_ResFalse_LR0.0005,ICL-HMM,3,2,standard,True,rpe,False,1,2,16,0.0005,0.955882,0.964204,0.955882,0.045464
ICL-HMM_V3_O2,L1_H1_D16_standard_AttnOnlyTrue_PE-rope_ResTrue_LR0.0005,ICL-HMM,3,2,standard,True,rope,True,1,1,16,0.0005,0.970669,0.963723,0.970669,0.048774
ICL-HMM_V3_O2,L1_H2_D16_standard_AttnOnlyTrue_PE-rope_ResTrue_LR0.0005,ICL-HMM,3,2,standard,True,rope,True,1,2,16,0.0005,0.971774,0.965113,0.971774,0.045621
ICL-HMM_V3_O2,L1_H1_D16_standard_AttnOnlyTrue_PE-rope_ResFalse_LR0.0005,ICL-HMM,3,2,standard,True,rope,False,1,1,16,0.0005,0.963239,0.967491,0.963239,0.047491
ICL-HMM_V3_O2,L1_H2_D16_standard_AttnOnlyTrue_PE-rope_ResFalse_LR0.0005,ICL-HMM,3,2,standard,True,rope,False,1,2,16,0.0005,0.968516,0.965530,0.968516,0.046943
ICL-HMM_V3_O2,L1_H1_D16_standard_AttnOnlyFalse_PE-absolute_ResTrue_LR0.0005,ICL-HMM,3,2,standard,False,absolute,True,1,1,16,0.0005,0.960118,0.957857,0.960118,0.039908
ICL-HMM_V3_O2,L1_H2_D16_standard_AttnOnlyFalse_PE-absolute_ResTrue_LR0.0005,ICL-HMM,3,2,standard,False,absolute,True,1,2,16,0.0005,0.950476,0.956386,0.950476,0.038414
ICL-HMM_V3_O2,L1_H1_D16_standard_AttnOnlyFalse_PE-absolute_ResFalse_LR0.0005,ICL-HMM,3,2,standard,False,absolute,False,1,1,16,0.0005,0.967326,0.958736,0.967326,0.040404
ICL-HMM_V3_O2,L1_H2_D16_standard_AttnOnlyFalse_PE-absolute_ResFalse_LR0.0005,ICL-HMM,3,2,standard,False,absolute,False,1,2,16,0.0005,0.959957,0.958879,0.959957,0.038538
ICL-HMM_V3_O2,L1_H1_D16_standard_AttnOnlyFalse_PE-rpe_ResTrue_LR0.0005,ICL-HMM,3,2,standard,False,rpe,True,1,1,16,0.0005,0.946113,0.958555,0.946113,0.044280
ICL-HMM_V3_O2,L1_H2_D16_standard_AttnOnlyFalse_PE-rpe_ResTrue_LR0.0005,ICL-HMM,3,2,standard,False,rpe,True,1,2,16,0.0005,0.961510,0.961790,0.961510,0.041749
ICL-HMM_V3_O2,L1_H1_D16_standard_AttnOnlyFalse_PE-rpe_ResFalse_LR0.0005,ICL-HMM,3,2,standard,False,rpe,False,1,1,16,0.0005,0.959866,0.961215,0.959866,0.042105
ICL-HMM_V3_O2,L1_H2_D16_standard_AttnOnlyFalse_PE-rpe_ResFalse_LR0.0005,ICL-HMM,3,2,standard,False,rpe,False,1,2,16,0.0005,0.961646,0.961479,0.961646,0.041003
ICL-HMM_V3_O2,L1_H1_D16_standard_AttnOnlyFalse_PE-rope_ResTrue_LR0.0005,ICL-HMM,3,2,standard,False,rope,True,1,1,16,0.0005,0.963051,0.961661,0.963051,0.043118
ICL-HMM_V3_O2,L1_H2_D16_standard_AttnOnlyFalse_PE-rope_ResTrue_LR0.0005,ICL-HMM,3,2,standard,False,rope,True,1,2,16,0.0005,0.951197,0.962236,0.951197,0.042691
ICL-HMM_V3_O2,L1_H1_D16_standard_AttnOnlyFalse_PE-rope_ResFalse_LR0.0005,ICL-HMM,3,2,standard,False,rope,False,1,1,16,0.0005,0.969995,0.961553,0.969995,0.042760
ICL-HMM_V3_O2,L1_H2_D16_standard_AttnOnlyFalse_PE-rope_ResFalse_LR0.0005,ICL-HMM,3,2,standard,False,rope,False,1,2,16,0.0005,0.956280,0.962689,0.956280,0.041278
ICL-HMM_V3_O2,L1_H1_D16_linear_AttnOnlyTrue_PE-absolute_ResTrue_LR0.0005,ICL-HMM,3,2,linear,True,absolute,True,1,1,16,0.0005,0.955417,0.959844,0.955417,0.042192
ICL-HMM_V3_O2,L1_H2_D16_linear_AttnOnlyTrue_PE-absolute_ResTrue_LR0.0005,ICL-HMM,3,2,linear,True,absolute,True,1,2,16,0.0005,0.957351,0.958358,0.957351,0.040919
ICL-HMM_V3_O2,L1_H1_D16_linear_AttnOnlyTrue_PE-absolute_ResFalse_LR0.0005,ICL-HMM,3,2,linear,True,absolute,False,1,1,16,0.0005,0.957700,0.960561,0.957700,0.043365
ICL-HMM_V3_O2,L1_H2_D16_linear_AttnOnlyTrue_PE-absolute_ResFalse_LR0.0005,ICL-HMM,3,2,linear,True,absolute,False,1,2,16,0.0005,0.963861,0.958110,0.963861,0.040487
ICL-HMM_V3_O2,L1_H1_D16_linear_AttnOnlyTrue_PE-rope_ResTrue_LR0.0005,ICL-HMM,3,2,linear,True,rope,True,1,1,16,0.0005,0.955573,0.966349,0.955573,0.047729
ICL-HMM_V3_O2,L1_H2_D16_linear_AttnOnlyTrue_PE-rope_ResTrue_LR0.0005,ICL-HMM,3,2,linear,True,rope,True,1,2,16,0.0005,0.949039,0.960641,0.949039,0.043466
ICL-HMM_V3_O2,L1_H1_D16_linear_AttnOnlyTrue_PE-rope_ResFalse_LR0.0005,ICL-HMM,3,2,linear,True,rope,False,1,1,16,0.0005,0.972019,0.968212,0.972019,0.046798
ICL-HMM_V3_O2,L1_H2_D16_linear_AttnOnlyTrue_PE-rope_ResFalse_LR0.0005,ICL-HMM,3,2,linear,True,rope,False,1,2,16,0.0005,0.959249,0.962146,0.959249,0.043701
ICL-HMM_V3_O2,L1_H1_D16_linear_AttnOnlyFalse_PE-absolute_ResTrue_LR0.0005,ICL-HMM,3,2,linear,False,absolute,True,1,1,16,0.0005,0.965695,0.960004,0.965695,0.040268
ICL-HMM_V3_O2,L1_H2_D16_linear_AttnOnlyFalse_PE-absolute_ResTrue_LR0.0005,ICL-HMM,3,2,linear,False,absolute,True,1,2,16,0.0005,0.954998,0.959983,0.954998,0.039141
ICL-HMM_V3_O2,L1_H1_D16_linear_AttnOnlyFalse_PE-absolute_ResFalse_LR0.0005,ICL-HMM,3,2,linear,False,absolute,False,1,1,16,0.0005,0.955792,0.957294,0.955792,0.041640
ICL-HMM_V3_O2,L1_H2_D16_linear_AttnOnlyFalse_PE-absolute_ResFalse_LR0.0005,ICL-HMM,3,2,linear,False,absolute,False,1,2,16,0.0005,0.957777,0.960545,0.957777,0.038847
ICL-HMM_V3_O2,L1_H1_D16_linear_AttnOnlyFalse_PE-rope_ResTrue_LR0.0005,ICL-HMM,3,2,linear,False,rope,True,1,1,16,0.0005,0.964619,0.966003,0.964619,0.041059
ICL-HMM_V3_O2,L1_H2_D16_linear_AttnOnlyFalse_PE-rope_ResTrue_LR0.0005,ICL-HMM,3,2,linear,False,rope,True,1,2,16,0.0005,0.963718,0.963412,0.963718,0.042372
ICL-HMM_V3_O2,L1_H1_D16_linear_AttnOnlyFalse_PE-rope_ResFalse_LR0.0005,ICL-HMM,3,2,linear,False,rope,False,1,1,16,0.0005,0.957677,0.959596,0.957677,0.042421
ICL-HMM_V3_O2,L1_H2_D16_linear_AttnOnlyFalse_PE-rope_ResFalse_LR0.0005,ICL-HMM,3,2,linear,False,rope,False,1,2,16,0.0005,0.970827,0.959953,0.970827,0.040068
ICL-HMM_V3_O1,L2_H1_D16_performer_AttnOnlyTrue_PE-absolute_ResTrue_LR0.0005,ICL-HMM,3,1,performer,True,absolute,True,2,1,16,0.0005,0.958689,0.949018,0.958689,0.028482
ICL-HMM_V3_O1,L2_H2_D16_performer_AttnOnlyTrue_PE-absolute_ResTrue_LR0.0005,ICL-HMM,3,1,performer,True,absolute,True,2,2,16,0.0005,0.940527,0.945013,0.940527,0.025690
ICL-HMM_V3_O1,L2_H1_D16_performer_AttnOnlyTrue_PE-absolute_ResFalse_LR0.0005,ICL-HMM,3,1,performer,True,absolute,False,2,1,16,0.0005,0.969454,0.954664,0.969454,0.030837
ICL-HMM_V3_O1,L2_H2_D16_performer_AttnOnlyTrue_PE-absolute_ResFalse_LR0.0005,ICL-HMM,3,1,performer,True,absolute,False,2,2,16,0.0005,0.940512,0.948404,0.940512,0.026599
ICL-HMM_V3_O1,L2_H1_D16_performer_AttnOnlyTrue_PE-rope_ResTrue_LR0.0005,ICL-HMM,3,1,performer,True,rope,True,2,1,16,0.0005,0.964481,0.953271,0.964481,0.030511
ICL-HMM_V3_O1,L2_H2_D16_performer_AttnOnlyTrue_PE-rope_ResTrue_LR0.0005,ICL-HMM,3,1,performer,True,rope,True,2,2,16,0.0005,0.954031,0.949795,0.954031,0.029187
ICL-HMM_V3_O1,L2_H1_D16_performer_AttnOnlyTrue_PE-rope_ResFalse_LR0.0005,ICL-HMM,3,1,performer,True,rope,False,2,1,16,0.0005,0.957076,0.955873,0.957076,0.033327
ICL-HMM_V3_O1,L2_H2_D16_performer_AttnOnlyTrue_PE-rope_ResFalse_LR0.0005,ICL-HMM,3,1,performer,True,rope,False,2,2,16,0.0005,0.943219,0.949882,0.943219,0.031339
ICL-HMM_V3_O1,L2_H1_D16_performer_AttnOnlyFalse_PE-absolute_ResTrue_LR0.0005,ICL-HMM,3,1,performer,False,absolute,True,2,1,16,0.0005,0.946809,0.945476,0.946809,0.027354
ICL-HMM_V3_O1,L2_H2_D16_performer_AttnOnlyFalse_PE-absolute_ResTrue_LR0.0005,ICL-HMM,3,1,performer,False,absolute,True,2,2,16,0.0005,0.952110,0.943935,0.952110,0.027761
ICL-HMM_V3_O1,L2_H1_D16_performer_AttnOnlyFalse_PE-absolute_ResFalse_LR0.0005,ICL-HMM,3,1,performer,False,absolute,False,2,1,16,0.0005,0.943736,0.948639,0.943736,0.026780
ICL-HMM_V3_O1,L2_H2_D16_performer_AttnOnlyFalse_PE-absolute_ResFalse_LR0.0005,ICL-HMM,3,1,performer,False,absolute,False,2,2,16,0.0005,0.951268,0.950044,0.951268,0.027456
ICL-HMM_V3_O1,L2_H1_D16_performer_AttnOnlyFalse_PE-rope_ResTrue_LR0.0005,ICL-HMM,3,1,performer,False,rope,True,2,1,16,0.0005,0.960271,0.950960,0.960271,0.028857
ICL-HMM_V3_O1,L2_H2_D16_performer_AttnOnlyFalse_PE-rope_ResTrue_LR0.0005,ICL-HMM,3,1,performer,False,rope,True,2,2,16,0.0005,0.965358,0.954141,0.965358,0.028832
ICL-HMM_V3_O1,L2_H1_D16_performer_AttnOnlyFalse_PE-rope_ResFalse_LR0.0005,ICL-HMM,3,1,performer,False,rope,False,2,1,16,0.0005,0.961789,0.954163,0.961789,0.031621
ICL-HMM_V3_O1,L2_H2_D16_performer_AttnOnlyFalse_PE-rope_ResFalse_LR0.0005,ICL-HMM,3,1,performer,False,rope,False,2,2,16,0.0005,0.942791,0.951068,0.942791,0.028451
ICL-HMM_V3_O1,L2_H1_D16_standard_AttnOnlyTrue_PE-absolute_ResTrue_LR0.0005,ICL-HMM,3,1,standard,True,absolute,True,2,1,16,0.0005,0.934064,0.953544,0.934064,0.028105
ICL-HMM_V3_O1,L2_H2_D16_standard_AttnOnlyTrue_PE-absolute_ResTrue_LR0.0005,ICL-HMM,3,1,standard,True,absolute,True,2,2,16,0.0005,0.952778,0.949193,0.952778,0.026664
ICL-HMM_V3_O1,L2_H1_D16_standard_AttnOnlyTrue_PE-absolute_ResFalse_LR0.0005,ICL-HMM,3,1,standard,True,absolute,False,2,1,16,0.0005,0.955972,0.953558,0.955972,0.032468
ICL-HMM_V3_O1,L2_H2_D16_standard_AttnOnlyTrue_PE-absolute_ResFalse_LR0.0005,ICL-HMM,3,1,standard,True,absolute,False,2,2,16,0.0005,0.958221,0.954169,0.958221,0.030070
ICL-HMM_V3_O1,L2_H1_D16_standard_AttnOnlyTrue_PE-rpe_ResTrue_LR0.0005,ICL-HMM,3,1,standard,True,rpe,True,2,1,16,0.0005,0.948664,0.953549,0.948664,0.031153
ICL-HMM_V3_O1,L2_H2_D16_standard_AttnOnlyTrue_PE-rpe_ResTrue_LR0.0005,ICL-HMM,3,1,standard,True,rpe,True,2,2,16,0.0005,0.942321,0.950616,0.942321,0.029021
ICL-HMM_V3_O1,L2_H1_D16_standard_AttnOnlyTrue_PE-rpe_ResFalse_LR0.0005,ICL-HMM,3,1,standard,True,rpe,False,2,1,16,0.0005,0.955725,0.955397,0.955725,0.034487
ICL-HMM_V3_O1,L2_H2_D16_standard_AttnOnlyTrue_PE-rpe_ResFalse_LR0.0005,ICL-HMM,3,1,standard,True,rpe,False,2,2,16,0.0005,0.949306,0.950348,0.949306,0.029614
ICL-HMM_V3_O1,L2_H1_D16_standard_AttnOnlyTrue_PE-rope_ResTrue_LR0.0005,ICL-HMM,3,1,standard,True,rope,True,2,1,16,0.0005,0.952934,0.952966,0.952934,0.030850
ICL-HMM_V3_O1,L2_H2_D16_standard_AttnOnlyTrue_PE-rope_ResTrue_LR0.0005,ICL-HMM,3,1,standard,True,rope,True,2,2,16,0.0005,0.947324,0.949926,0.947324,0.028637
ICL-HMM_V3_O1,L2_H1_D16_standard_AttnOnlyTrue_PE-rope_ResFalse_LR0.0005,ICL-HMM,3,1,standard,True,rope,False,2,1,16,0.0005,0.957789,0.956681,0.957789,0.034107
ICL-HMM_V3_O1,L2_H2_D16_standard_AttnOnlyTrue_PE-rope_ResFalse_LR0.0005,ICL-HMM,3,1,standard,True,rope,False,2,2,16,0.0005,0.944896,0.955927,0.944896,0.030718
ICL-HMM_V3_O1,L2_H1_D16_standard_AttnOnlyFalse_PE-absolute_ResTrue_LR0.0005,ICL-HMM,3,1,standard,False,absolute,True,2,1,16,0.0005,0.934438,0.946619,0.934438,0.027919
ICL-HMM_V3_O1,L2_H2_D16_standard_AttnOnlyFalse_PE-absolute_ResTrue_LR0.0005,ICL-HMM,3,1,standard,False,absolute,True,2,2,16,0.0005,0.948157,0.948615,0.948157,0.026469
ICL-HMM_V3_O1,L2_H1_D16_standard_AttnOnlyFalse_PE-absolute_ResFalse_LR0.0005,ICL-HMM,3,1,standard,False,absolute,False,2,1,16,0.0005,0.963513,0.950242,0.963513,0.027821
ICL-HMM_V3_O1,L2_H2_D16_standard_AttnOnlyFalse_PE-absolute_ResFalse_LR0.0005,ICL-HMM,3,1,standard,False,absolute,False,2,2,16,0.0005,0.947710,0.948064,0.947710,0.028083
ICL-HMM_V3_O1,L2_H1_D16_standard_AttnOnlyFalse_PE-rpe_ResTrue_LR0.0005,ICL-HMM,3,1,standard,False,rpe,True,2,1,16,0.0005,0.948144,0.952189,0.948144,0.029654
ICL-HMM_V3_O1,L2_H2_D16_standard_AttnOnlyFalse_PE-rpe_ResTrue_LR0.0005,ICL-HMM,3,1,standard,False,rpe,True,2,2,16,0.0005,0.943164,0.952460,0.943164,0.028872
ICL-HMM_V3_O1,L2_H1_D16_standard_AttnOnlyFalse_PE-rpe_ResFalse_LR0.0005,ICL-HMM,3,1,standard,False,rpe,False,2,1,16,0.0005,0.946111,0.951937,0.946111,0.031477
ICL-HMM_V3_O1,L2_H2_D16_standard_AttnOnlyFalse_PE-rpe_ResFalse_LR0.0005,ICL-HMM,3,1,standard,False,rpe,False,2,2,16,0.0005,0.942402,0.950291,0.942402,0.032606
ICL-HMM_V3_O1,L2_H1_D16_standard_AttnOnlyFalse_PE-rope_ResTrue_LR0.0005,ICL-HMM,3,1,standard,False,rope,True,2,1,16,0.0005,0.941114,0.950591,0.941114,0.029040
ICL-HMM_V3_O1,L2_H2_D16_standard_AttnOnlyFalse_PE-rope_ResTrue_LR0.0005,ICL-HMM,3,1,standard,False,rope,True,2,2,16,0.0005,0.955574,0.949517,0.955574,0.028335
ICL-HMM_V3_O1,L2_H1_D16_standard_AttnOnlyFalse_PE-rope_ResFalse_LR0.0005,ICL-HMM,3,1,standard,False,rope,False,2,1,16,0.0005,0.964794,0.949815,0.964794,0.031684
ICL-HMM_V3_O1,L2_H2_D16_standard_AttnOnlyFalse_PE-rope_ResFalse_LR0.0005,ICL-HMM,3,1,standard,False,rope,False,2,2,16,0.0005,0.959192,0.953828,0.959192,0.031901
ICL-HMM_V3_O1,L2_H1_D16_linear_AttnOnlyTrue_PE-absolute_ResTrue_LR0.0005,ICL-HMM,3,1,linear,True,absolute,True,2,1,16,0.0005,0.954910,0.952306,0.954909,0.026965
ICL-HMM_V3_O1,L2_H2_D16_linear_AttnOnlyTrue_PE-absolute_ResTrue_LR0.0005,ICL-HMM,3,1,linear,True,absolute,True,2,2,16,0.0005,0.953555,0.951629,0.953555,0.028341
ICL-HMM_V3_O1,L2_H1_D16_linear_AttnOnlyTrue_PE-absolute_ResFalse_LR0.0005,ICL-HMM,3,1,linear,True,absolute,False,2,1,16,0.0005,0.960193,0.948676,0.960193,0.029905
ICL-HMM_V3_O1,L2_H2_D16_linear_AttnOnlyTrue_PE-absolute_ResFalse_LR0.0005,ICL-HMM,3,1,linear,True,absolute,False,2,2,16,0.0005,0.944753,0.947669,0.944753,0.026962
ICL-HMM_V3_O1,L2_H1_D16_linear_AttnOnlyTrue_PE-rope_ResTrue_LR0.0005,ICL-HMM,3,1,linear,True,rope,True,2,1,16,0.0005,0.962372,0.955059,0.962372,0.032657
ICL-HMM_V3_O1,L2_H2_D16_linear_AttnOnlyTrue_PE-rope_ResTrue_LR0.0005,ICL-HMM,3,1,linear,True,rope,True,2,2,16,0.0005,0.965808,0.953209,0.965807,0.030697
ICL-HMM_V3_O1,L2_H1_D16_linear_AttnOnlyTrue_PE-rope_ResFalse_LR0.0005,ICL-HMM,3,1,linear,True,rope,False,2,1,16,0.0005,0.957145,0.955818,0.957145,0.032838
ICL-HMM_V3_O1,L2_H2_D16_linear_AttnOnlyTrue_PE-rope_ResFalse_LR0.0005,ICL-HMM,3,1,linear,True,rope,False,2,2,16,0.0005,0.949595,0.943686,0.949595,0.030738
ICL-HMM_V3_O1,L2_H1_D16_linear_AttnOnlyFalse_PE-absolute_ResTrue_LR0.0005,ICL-HMM,3,1,linear,False,absolute,True,2,1,16,0.0005,0.944243,0.947607,0.944243,0.027856
ICL-HMM_V3_O1,L2_H2_D16_linear_AttnOnlyFalse_PE-absolute_ResTrue_LR0.0005,ICL-HMM,3,1,linear,False,absolute,True,2,2,16,0.0005,0.947580,0.951893,0.947580,0.027397
ICL-HMM_V3_O1,L2_H1_D16_linear_AttnOnlyFalse_PE-absolute_ResFalse_LR0.0005,ICL-HMM,3,1,linear,False,absolute,False,2,1,16,0.0005,0.954457,0.949522,0.954457,0.028668
ICL-HMM_V3_O1,L2_H2_D16_linear_AttnOnlyFalse_PE-absolute_ResFalse_LR0.0005,ICL-HMM,3,1,linear,False,absolute,False,2,2,16,0.0005,0.974988,0.947325,0.974988,0.029492
ICL-HMM_V3_O1,L2_H1_D16_linear_AttnOnlyFalse_PE-rope_ResTrue_LR0.0005,ICL-HMM,3,1,linear,False,rope,True,2,1,16,0.0005,0.941787,0.953718,0.941787,0.030293
ICL-HMM_V3_O1,L2_H2_D16_linear_AttnOnlyFalse_PE-rope_ResTrue_LR0.0005,ICL-HMM,3,1,linear,False,rope,True,2,2,16,0.0005,0.946846,0.949804,0.946846,0.029912
ICL-HMM_V3_O1,L2_H1_D16_linear_AttnOnlyFalse_PE-rope_ResFalse_LR0.0005,ICL-HMM,3,1,linear,False,rope,False,2,1,16,0.0005,0.945247,0.948212,0.945247,0.031786
ICL-HMM_V3_O1,L2_H2_D16_linear_AttnOnlyFalse_PE-rope_ResFalse_LR0.0005,ICL-HMM,3,1,linear,False,rope,False,2,2,16,0.0005,0.951743,0.951408,0.951743,0.030402
ICL-HMM_V3_O1,L1_H1_D16_performer_AttnOnlyTrue_PE-absolute_ResTrue_LR0.0005,ICL-HMM,3,1,performer,True,absolute,True,1,1,16,0.0005,0.938522,0.951398,0.938522,0.030491
ICL-HMM_V3_O1,L1_H2_D16_performer_AttnOnlyTrue_PE-absolute_ResTrue_LR0.0005,ICL-HMM,3,1,performer,True,absolute,True,1,2,16,0.0005,0.937407,0.947846,0.937407,0.029623
ICL-HMM_V3_O1,L1_H1_D16_performer_AttnOnlyTrue_PE-absolute_ResFalse_LR0.0005,ICL-HMM,3,1,performer,True,absolute,False,1,1,16,0.0005,0.965571,0.955168,0.965571,0.034842
ICL-HMM_V3_O1,L1_H2_D16_performer_AttnOnlyTrue_PE-absolute_ResFalse_LR0.0005,ICL-HMM,3,1,performer,True,absolute,False,1,2,16,0.0005,0.958573,0.952255,0.958573,0.028816
ICL-HMM_V3_O1,L1_H1_D16_performer_AttnOnlyTrue_PE-rope_ResTrue_LR0.0005,ICL-HMM,3,1,performer,True,rope,True,1,1,16,0.0005,0.959803,0.957614,0.959803,0.036750
ICL-HMM_V3_O1,L1_H2_D16_performer_AttnOnlyTrue_PE-rope_ResTrue_LR0.0005,ICL-HMM,3,1,performer,True,rope,True,1,2,16,0.0005,0.959200,0.953654,0.959200,0.031193
ICL-HMM_V3_O1,L1_H1_D16_performer_AttnOnlyTrue_PE-rope_ResFalse_LR0.0005,ICL-HMM,3,1,performer,True,rope,False,1,1,16,0.0005,0.952441,0.957898,0.952441,0.036993
ICL-HMM_V3_O1,L1_H2_D16_performer_AttnOnlyTrue_PE-rope_ResFalse_LR0.0005,ICL-HMM,3,1,performer,True,rope,False,1,2,16,0.0005,0.962649,0.949605,0.962649,0.032411
ICL-HMM_V3_O1,L1_H1_D16_performer_AttnOnlyFalse_PE-absolute_ResTrue_LR0.0005,ICL-HMM,3,1,performer,False,absolute,True,1,1,16,0.0005,0.950270,0.951809,0.950270,0.028411
ICL-HMM_V3_O1,L1_H2_D16_performer_AttnOnlyFalse_PE-absolute_ResTrue_LR0.0005,ICL-HMM,3,1,performer,False,absolute,True,1,2,16,0.0005,0.946384,0.949771,0.946384,0.028578
ICL-HMM_V3_O1,L1_H1_D16_performer_AttnOnlyFalse_PE-absolute_ResFalse_LR0.0005,ICL-HMM,3,1,performer,False,absolute,False,1,1,16,0.0005,0.941415,0.947070,0.941414,0.027316
ICL-HMM_V3_O1,L1_H2_D16_performer_AttnOnlyFalse_PE-absolute_ResFalse_LR0.0005,ICL-HMM,3,1,performer,False,absolute,False,1,2,16,0.0005,0.955211,0.953539,0.955211,0.028969
ICL-HMM_V3_O1,L1_H1_D16_performer_AttnOnlyFalse_PE-rope_ResTrue_LR0.0005,ICL-HMM,3,1,performer,False,rope,True,1,1,16,0.0005,0.964287,0.959780,0.964287,0.030254
ICL-HMM_V3_O1,L1_H2_D16_performer_AttnOnlyFalse_PE-rope_ResTrue_LR0.0005,ICL-HMM,3,1,performer,False,rope,True,1,2,16,0.0005,0.941180,0.952412,0.941180,0.030082
ICL-HMM_V3_O1,L1_H1_D16_performer_AttnOnlyFalse_PE-rope_ResFalse_LR0.0005,ICL-HMM,3,1,performer,False,rope,False,1,1,16,0.0005,0.946237,0.948930,0.946237,0.029191
ICL-HMM_V3_O1,L1_H2_D16_performer_AttnOnlyFalse_PE-rope_ResFalse_LR0.0005,ICL-HMM,3,1,performer,False,rope,False,1,2,16,0.0005,0.948539,0.952672,0.948539,0.029407
ICL-HMM_V3_O1,L1_H1_D16_standard_AttnOnlyTrue_PE-absolute_ResTrue_LR0.0005,ICL-HMM,3,1,standard,True,absolute,True,1,1,16,0.0005,0.945940,0.952783,0.945940,0.031015
ICL-HMM_V3_O1,L1_H2_D16_standard_AttnOnlyTrue_PE-absolute_ResTrue_LR0.0005,ICL-HMM,3,1,standard,True,absolute,True,1,2,16,0.0005,0.966764,0.954648,0.966764,0.030548
ICL-HMM_V3_O1,L1_H1_D16_standard_AttnOnlyTrue_PE-absolute_ResFalse_LR0.0005,ICL-HMM,3,1,standard,True,absolute,False,1,1,16,0.0005,0.955904,0.951460,0.955904,0.033399
ICL-HMM_V3_O1,L1_H2_D16_standard_AttnOnlyTrue_PE-absolute_ResFalse_LR0.0005,ICL-HMM,3,1,standard,True,absolute,False,1,2,16,0.0005,0.956888,0.949189,0.956888,0.028767
ICL-HMM_V3_O1,L1_H1_D16_standard_AttnOnlyTrue_PE-rpe_ResTrue_LR0.0005,ICL-HMM,3,1,standard,True,rpe,True,1,1,16,0.0005,0.966740,0.958103,0.966740,0.035971
ICL-HMM_V3_O1,L1_H2_D16_standard_AttnOnlyTrue_PE-rpe_ResTrue_LR0.0005,ICL-HMM,3,1,standard,True,rpe,True,1,2,16,0.0005,0.953538,0.955783,0.953538,0.034201
ICL-HMM_V3_O1,L1_H1_D16_standard_AttnOnlyTrue_PE-rpe_ResFalse_LR0.0005,ICL-HMM,3,1,standard,True,rpe,False,1,1,16,0.0005,0.957207,0.958800,0.957207,0.036046
ICL-HMM_V3_O1,L1_H2_D16_standard_AttnOnlyTrue_PE-rpe_ResFalse_LR0.0005,ICL-HMM,3,1,standard,True,rpe,False,1,2,16,0.0005,0.949268,0.955637,0.949268,0.034786
ICL-HMM_V3_O1,L1_H1_D16_standard_AttnOnlyTrue_PE-rope_ResTrue_LR0.0005,ICL-HMM,3,1,standard,True,rope,True,1,1,16,0.0005,0.960809,0.956126,0.960809,0.036944
ICL-HMM_V3_O1,L1_H2_D16_standard_AttnOnlyTrue_PE-rope_ResTrue_LR0.0005,ICL-HMM,3,1,standard,True,rope,True,1,2,16,0.0005,0.946847,0.955394,0.946847,0.033767
ICL-HMM_V3_O1,L1_H1_D16_standard_AttnOnlyTrue_PE-rope_ResFalse_LR0.0005,ICL-HMM,3,1,standard,True,rope,False,1,1,16,0.0005,0.956616,0.958408,0.956616,0.037801
ICL-HMM_V3_O1,L1_H2_D16_standard_AttnOnlyTrue_PE-rope_ResFalse_LR0.0005,ICL-HMM,3,1,standard,True,rope,False,1,2,16,0.0005,0.955862,0.954173,0.955862,0.034348
ICL-HMM_V3_O1,L1_H1_D16_standard_AttnOnlyFalse_PE-absolute_ResTrue_LR0.0005,ICL-HMM,3,1,standard,False,absolute,True,1,1,16,0.0005,0.945206,0.948110,0.945206,0.029246
ICL-HMM_V3_O1,L1_H2_D16_standard_AttnOnlyFalse_PE-absolute_ResTrue_LR0.0005,ICL-HMM,3,1,standard,False,absolute,True,1,2,16,0.0005,0.967135,0.950501,0.967135,0.028865
ICL-HMM_V3_O1,L1_H1_D16_standard_AttnOnlyFalse_PE-absolute_ResFalse_LR0.0005,ICL-HMM,3,1,standard,False,absolute,False,1,1,16,0.0005,0.952427,0.947289,0.952427,0.028127
ICL-HMM_V3_O1,L1_H2_D16_standard_AttnOnlyFalse_PE-absolute_ResFalse_LR0.0005,ICL-HMM,3,1,standard,False,absolute,False,1,2,16,0.0005,0.952448,0.950488,0.952448,0.027805
ICL-HMM_V3_O1,L1_H1_D16_standard_AttnOnlyFalse_PE-rpe_ResTrue_LR0.0005,ICL-HMM,3,1,standard,False,rpe,True,1,1,16,0.0005,0.960414,0.954555,0.960414,0.031176
ICL-HMM_V3_O1,L1_H2_D16_standard_AttnOnlyFalse_PE-rpe_ResTrue_LR0.0005,ICL-HMM,3,1,standard,False,rpe,True,1,2,16,0.0005,0.956628,0.950436,0.956628,0.031109
ICL-HMM_V3_O1,L1_H1_D16_standard_AttnOnlyFalse_PE-rpe_ResFalse_LR0.0005,ICL-HMM,3,1,standard,False,rpe,False,1,1,16,0.0005,0.960931,0.957266,0.960931,0.031212
ICL-HMM_V3_O1,L1_H2_D16_standard_AttnOnlyFalse_PE-rpe_ResFalse_LR0.0005,ICL-HMM,3,1,standard,False,rpe,False,1,2,16,0.0005,0.950842,0.948019,0.950841,0.029751
ICL-HMM_V3_O1,L1_H1_D16_standard_AttnOnlyFalse_PE-rope_ResTrue_LR0.0005,ICL-HMM,3,1,standard,False,rope,True,1,1,16,0.0005,0.951251,0.957272,0.951251,0.031605
ICL-HMM_V3_O1,L1_H2_D16_standard_AttnOnlyFalse_PE-rope_ResTrue_LR0.0005,ICL-HMM,3,1,standard,False,rope,True,1,2,16,0.0005,0.944056,0.949332,0.944056,0.030246
ICL-HMM_V3_O1,L1_H1_D16_standard_AttnOnlyFalse_PE-rope_ResFalse_LR0.0005,ICL-HMM,3,1,standard,False,rope,False,1,1,16,0.0005,0.953040,0.955684,0.953040,0.032022
ICL-HMM_V3_O1,L1_H2_D16_standard_AttnOnlyFalse_PE-rope_ResFalse_LR0.0005,ICL-HMM,3,1,standard,False,rope,False,1,2,16,0.0005,0.950603,0.953772,0.950603,0.030155
ICL-HMM_V3_O1,L1_H1_D16_linear_AttnOnlyTrue_PE-absolute_ResTrue_LR0.0005,ICL-HMM,3,1,linear,True,absolute,True,1,1,16,0.0005,0.941934,0.953104,0.941934,0.030635
ICL-HMM_V3_O1,L1_H2_D16_linear_AttnOnlyTrue_PE-absolute_ResTrue_LR0.0005,ICL-HMM,3,1,linear,True,absolute,True,1,2,16,0.0005,0.946601,0.947166,0.946601,0.030188
ICL-HMM_V3_O1,L1_H1_D16_linear_AttnOnlyTrue_PE-absolute_ResFalse_LR0.0005,ICL-HMM,3,1,linear,True,absolute,False,1,1,16,0.0005,0.960293,0.954446,0.960293,0.032963
ICL-HMM_V3_O1,L1_H2_D16_linear_AttnOnlyTrue_PE-absolute_ResFalse_LR0.0005,ICL-HMM,3,1,linear,True,absolute,False,1,2,16,0.0005,0.955339,0.951489,0.955339,0.027924
ICL-HMM_V3_O1,L1_H1_D16_linear_AttnOnlyTrue_PE-rope_ResTrue_LR0.0005,ICL-HMM,3,1,linear,True,rope,True,1,1,16,0.0005,0.954516,0.958941,0.954516,0.036844
ICL-HMM_V3_O1,L1_H2_D16_linear_AttnOnlyTrue_PE-rope_ResTrue_LR0.0005,ICL-HMM,3,1,linear,True,rope,True,1,2,16,0.0005,0.945415,0.954386,0.945415,0.031269
ICL-HMM_V3_O1,L1_H1_D16_linear_AttnOnlyTrue_PE-rope_ResFalse_LR0.0005,ICL-HMM,3,1,linear,True,rope,False,1,1,16,0.0005,0.937736,0.956076,0.937736,0.036922
ICL-HMM_V3_O1,L1_H2_D16_linear_AttnOnlyTrue_PE-rope_ResFalse_LR0.0005,ICL-HMM,3,1,linear,True,rope,False,1,2,16,0.0005,0.955443,0.954573,0.955443,0.030636
ICL-HMM_V3_O1,L1_H1_D16_linear_AttnOnlyFalse_PE-absolute_ResTrue_LR0.0005,ICL-HMM,3,1,linear,False,absolute,True,1,1,16,0.0005,0.952092,0.947222,0.952092,0.028075
ICL-HMM_V3_O1,L1_H2_D16_linear_AttnOnlyFalse_PE-absolute_ResTrue_LR0.0005,ICL-HMM,3,1,linear,False,absolute,True,1,2,16,0.0005,0.953459,0.949576,0.953459,0.026870
ICL-HMM_V3_O1,L1_H1_D16_linear_AttnOnlyFalse_PE-absolute_ResFalse_LR0.0005,ICL-HMM,3,1,linear,False,absolute,False,1,1,16,0.0005,0.955668,0.949350,0.955668,0.027769
ICL-HMM_V3_O1,L1_H2_D16_linear_AttnOnlyFalse_PE-absolute_ResFalse_LR0.0005,ICL-HMM,3,1,linear,False,absolute,False,1,2,16,0.0005,0.950927,0.950914,0.950927,0.027244
ICL-HMM_V3_O1,L1_H1_D16_linear_AttnOnlyFalse_PE-rope_ResTrue_LR0.0005,ICL-HMM,3,1,linear,False,rope,True,1,1,16,0.0005,0.959538,0.957691,0.959538,0.032929
ICL-HMM_V3_O1,L1_H2_D16_linear_AttnOnlyFalse_PE-rope_ResTrue_LR0.0005,ICL-HMM,3,1,linear,False,rope,True,1,2,16,0.0005,0.959247,0.951523,0.959247,0.031714
ICL-HMM_V3_O1,L1_H1_D16_linear_AttnOnlyFalse_PE-rope_ResFalse_LR0.0005,ICL-HMM,3,1,linear,False,rope,False,1,1,16,0.0005,0.939707,0.953740,0.939707,0.031070
ICL-HMM_V3_O1,L1_H2_D16_linear_AttnOnlyFalse_PE-rope_ResFalse_LR0.0005,ICL-HMM,3,1,linear,False,rope,False,1,2,16,0.0005,0.960157,0.951016,0.960157,0.030236
