context_idx,tok=0,tok=1
0,0.7334106,0.26658937
1,0.5998408,0.40015918
2,0.38904753,0.6109525
3,0.26834658,0.73165345
