context_idx,tok=0,tok=1
0,0.55702615,0.44297385
1,0.4427727,0.5572273
