context_idx,tok=0,tok=1,tok=2
0,0.36801767,0.30608866,0.32589367
1,0.31216446,0.37316984,0.3146657
2,0.3186948,0.3224362,0.358869
