context_idx,tok=0,tok=1,tok=2
0,0.3329252,0.33396593,0.33310887
