context_idx,tok=0,tok=1
0,0.5372875,0.4627125
1,0.46154377,0.53845614
