context_idx,tok=0,tok=1,tok=2
0,0.49903324,0.2624025,0.23856422
1,0.2536317,0.4859923,0.26037598
2,0.2433588,0.24601741,0.51062375
