context_idx,tok=0,tok=1,tok=2
0,0.32943156,0.33205768,0.33851075
