context_idx,tok=0,tok=1
0,0.5542596,0.44574037
1,0.44616893,0.5538311
